**************************************************************
* Voltage Drop Report file

* Units:
*   Length Unit         : um
*   Length Scale        : 0.001
*   Voltage Unit        : mV
*
* Cell Name : mesh_chip
* Net Name   : VDD
* Number of Resistors: 8557
* Threshold V: (min, max)=(0.000000 192.222819)
* Format: [left bottom right top] on Layer is voltage
*
[2186405 469925 2186830 532525] on METAL1 is 0
[2180290 469925 2186405 532525] on METAL1 is 1.024
[2186005 501225 2186805 517200] on METAL1 is 6.631e-6
[2186005 476880 2186805 501225] on METAL1 is 6.631e-6
[2186005 497040 2186805 501225] on METAL1 is 6.631e-6
[2186005 486960 2186805 501225] on METAL1 is 6.631e-6
[2186005 501225 2186805 507120] on METAL1 is 6.631e-6
[2186005 501225 2186805 527280] on METAL1 is 6.631e-6
[2186005 501225 2186805 517200] on METAL1 is 6.631e-6
[2186005 476880 2186805 501225] on METAL1 is 6.631e-6
[2186005 497040 2186805 501225] on METAL1 is 6.631e-6
[2186005 486960 2186805 501225] on METAL1 is 6.631e-6
[2186005 501225 2186805 507120] on METAL1 is 6.631e-6
[2186005 501225 2186805 527280] on METAL1 is 6.631e-6
[2186405 526880 2186830 527680] on METAL1 is 6.631e-6
[2180290 526880 2186405 527680] on METAL1 is 1.024
[1918070 526880 2180290 527680] on METAL1 is 70.395
[2175290 469925 2180290 532525] on METAL1 is 1.024
[2175420 470145 2185160 532305] on VIA12 is 1.454
[2175290 497040 2185290 501225] on METAL2 is 1.454
[2175290 501225 2185290 507120] on METAL2 is 4.899
[2175290 466800 2185290 474580] on METAL2 is 3.885
[2175290 474580 2185290 476880] on METAL2 is 1.454
[2175420 473660 2185160 475500] on VIA23 is 2.628
[2175420 473660 2185160 475500] on VIA34 is 3.802
[2175405 473600 2185175 475560] on VIA45 is 5.501
[2180290 473580 2185290 475580] on METAL5 is 5.501
[1918070 473580 2180290 475580] on METAL5 is 58.13
[1677830 473580 1918070 475580] on METAL5 is 92.407
[1917090 473600 1919050 475560] on VIA45 is 60.423
[1917070 466800 1919070 474580] on METAL4 is 60.423
[1917070 474580 1919070 476880] on METAL4 is 60.832
[1917070 476880 1919070 486960] on METAL4 is 62.786
[1917100 476480 1919040 477280] on VIA34 is 60.832
[1917100 476480 1919040 477280] on VIA23 is 60.437
[1917100 476480 1919040 477280] on VIA12 is 60.043
[1918070 476480 2180290 477280] on METAL1 is 59.648
[1677830 476480 1918070 477280] on METAL1 is 94.426
[1436930 476480 1677830 477280] on METAL1 is 118.714
[1676860 476480 1678800 477280] on VIA12 is 94.475
[1676860 476480 1678800 477280] on VIA23 is 94.525
[1676860 476480 1678800 477280] on VIA34 is 94.574
[1676830 474580 1678830 476880] on METAL4 is 94.574
[1676830 476880 1678830 486960] on METAL4 is 96.879
[1676830 486960 1678830 497040] on METAL4 is 99.21
[1676860 486560 1678800 487360] on VIA34 is 96.879
[1676860 486560 1678800 487360] on VIA23 is 96.816
[1676860 486560 1678800 487360] on VIA12 is 96.753
[1677830 486560 1918070 487360] on METAL1 is 96.69
[1436930 486560 1677830 487360] on METAL1 is 121.108
[1196690 486560 1436930 487360] on METAL1 is 138.874
[1435960 486560 1437900 487360] on VIA12 is 121.108
[1435960 486560 1437900 487360] on VIA23 is 120.993
[1435960 486560 1437900 487360] on VIA34 is 120.879
[1435930 476880 1437930 486960] on METAL4 is 120.765
[1435930 486960 1437930 497040] on METAL4 is 123.135
[1435930 497040 1437930 507120] on METAL4 is 125.461
[1435960 496640 1437900 497440] on VIA34 is 123.243
[1435960 496640 1437900 497440] on VIA23 is 123.351
[1435960 496640 1437900 497440] on VIA12 is 123.459
[1436930 496640 1677830 497440] on METAL1 is 123.459
[1196690 496640 1436930 497440] on METAL1 is 141.128
[955790 496640 1196690 497440] on METAL1 is 154.348
[1195720 496640 1197660 497440] on VIA12 is 141.128
[1195720 496640 1197660 497440] on VIA23 is 140.927
[1195720 496640 1197660 497440] on VIA34 is 140.727
[1195690 486960 1197690 497040] on METAL4 is 140.526
[1195690 497040 1197690 507120] on METAL4 is 142.725
[1195690 507120 1197690 517200] on METAL4 is 144.846
[1195720 506720 1197660 507520] on VIA34 is 142.918
[1195720 506720 1197660 507520] on VIA23 is 143.111
[1195720 506720 1197660 507520] on VIA12 is 143.304
[1196690 506720 1436930 507520] on METAL1 is 143.304
[955790 506720 1196690 507520] on METAL1 is 156.2
[715550 506720 955790 507520] on METAL1 is 164.64
[954820 506720 956760 507520] on VIA12 is 156.2
[954820 506720 956760 507520] on VIA23 is 155.997
[954820 506720 956760 507520] on VIA34 is 155.793
[954790 497040 956790 507120] on METAL4 is 155.59
[954790 507120 956790 517200] on METAL4 is 157.374
[954790 517200 956790 527280] on METAL4 is 159.076
[954820 516800 956760 517600] on VIA34 is 157.573
[954820 516800 956760 517600] on VIA23 is 157.772
[954820 516800 956760 517600] on VIA12 is 157.971
[955790 516800 1196690 517600] on METAL1 is 157.971
[715550 516800 955790 517600] on METAL1 is 165.976
[474650 516800 715550 517600] on METAL1 is 169.064
[714580 516800 716520 517600] on VIA12 is 165.976
[714580 516800 716520 517600] on VIA23 is 165.794
[714580 516800 716520 517600] on VIA34 is 165.611
[714550 507120 716550 517200] on METAL4 is 165.428
[714550 517200 716550 527280] on METAL4 is 166.696
[714550 527280 716550 537360] on METAL4 is 167.891
[714580 526880 716520 527680] on VIA34 is 166.877
[714580 526880 716520 527680] on VIA23 is 167.058
[714580 526880 716520 527680] on VIA12 is 167.239
[715550 526880 955790 527680] on METAL1 is 167.239
[474650 526880 715550 527680] on METAL1 is 169.859
[215690 526880 474650 527680] on METAL1 is 169.859
[473680 526880 475620 527680] on VIA12 is 169.859
[473680 526880 475620 527680] on VIA23 is 169.705
[473680 526880 475620 527680] on VIA34 is 169.551
[473650 517200 475650 527280] on METAL4 is 169.396
[473650 527280 475650 537360] on METAL4 is 170.129
[473650 537360 475650 547440] on METAL4 is 170.799
[473680 536960 475620 537760] on VIA34 is 170.284
[473680 536960 475620 537760] on VIA23 is 170.438
[473680 536960 475620 537760] on VIA12 is 170.592
[474650 536960 715550 537760] on METAL1 is 170.592
[215690 536960 474650 537760] on METAL1 is 170.592
[210690 536960 215690 537760] on METAL1 is 166.866
[210820 536960 220560 537760] on VIA12 is 166.866
[210690 527280 220690 537360] on METAL2 is 166.755
[210690 537360 220690 547440] on METAL2 is 166.947
[210690 547440 220690 557520] on METAL2 is 167.096
[210820 547040 220560 547840] on VIA12 is 167.062
[215690 547040 474650 547840] on METAL1 is 171.263
[210690 547040 215690 547840] on METAL1 is 167.062
[474650 547040 715550 547840] on METAL1 is 171.263
[473680 547040 475620 547840] on VIA12 is 171.263
[473680 547040 475620 547840] on VIA23 is 171.108
[473680 547040 475620 547840] on VIA34 is 170.954
[473650 547440 475650 557520] on METAL4 is 171.407
[473650 557520 475650 567600] on METAL4 is 171.951
[473680 557120 475620 557920] on VIA34 is 171.562
[473680 557120 475620 557920] on VIA23 is 171.717
[473680 557120 475620 557920] on VIA12 is 171.872
[474650 557120 715550 557920] on METAL1 is 171.872
[215690 557120 474650 557920] on METAL1 is 171.872
[210690 557120 215690 557920] on METAL1 is 167.214
[210820 557120 220560 557920] on VIA12 is 167.214
[210690 557520 220690 567600] on METAL2 is 167.198
[210690 567600 220690 577680] on METAL2 is 167.253
[210820 567200 220560 568000] on VIA12 is 167.32
[215690 567200 474650 568000] on METAL1 is 172.418
[210690 567200 215690 568000] on METAL1 is 167.32
[474650 567200 715550 568000] on METAL1 is 172.418
[473680 567200 475620 568000] on VIA12 is 172.418
[473680 567200 475620 568000] on VIA23 is 172.262
[473680 567200 475620 568000] on VIA34 is 172.107
[473650 567600 475650 577680] on METAL4 is 172.432
[473650 577680 475650 587760] on METAL4 is 172.849
[473680 577280 475620 578080] on VIA34 is 172.588
[473680 577280 475620 578080] on VIA23 is 172.745
[473680 577280 475620 578080] on VIA12 is 172.902
[474650 577280 715550 578080] on METAL1 is 172.902
[215690 577280 474650 578080] on METAL1 is 172.902
[210690 577280 215690 578080] on METAL1 is 167.378
[210820 577280 220560 578080] on VIA12 is 167.378
[210690 577680 220690 587760] on METAL2 is 167.259
[210690 587760 220690 597840] on METAL2 is 167.259
[210820 587360 220560 588160] on VIA12 is 167.388
[215690 587360 474650 588160] on METAL1 is 173.322
[210690 587360 215690 588160] on METAL1 is 167.388
[474650 587360 715550 588160] on METAL1 is 173.322
[473680 587360 475620 588160] on VIA12 is 173.322
[473680 587360 475620 588160] on VIA23 is 173.164
[473680 587360 475620 588160] on VIA34 is 173.007
[473650 587760 475650 597840] on METAL4 is 173.202
[473650 597840 475650 607920] on METAL4 is 173.489
[473680 597440 475620 598240] on VIA34 is 173.361
[473680 597440 475620 598240] on VIA23 is 173.52
[473680 597440 475620 598240] on VIA12 is 173.679
[474650 597440 715550 598240] on METAL1 is 174.062
[215690 597440 474650 598240] on METAL1 is 173.679
[210690 597440 215690 598240] on METAL1 is 167.348
[210820 597440 220560 598240] on VIA12 is 167.348
[210690 597840 220690 607920] on METAL2 is 167.216
[210690 607920 220690 618000] on METAL2 is 167.121
[210820 607520 220560 608320] on VIA12 is 167.256
[215690 607520 474650 608320] on METAL1 is 173.972
[210690 607520 215690 608320] on METAL1 is 167.256
[474650 607520 715550 608320] on METAL1 is 174.751
[473680 607520 475620 608320] on VIA12 is 173.972
[473680 607520 475620 608320] on VIA23 is 173.811
[473680 607520 475620 608320] on VIA34 is 173.65
[473650 607920 475650 618000] on METAL4 is 173.712
[473650 618000 475650 628080] on METAL4 is 173.868
[473680 617600 475620 618400] on VIA34 is 173.874
[473680 617600 475620 618400] on VIA23 is 174.037
[473680 617600 475620 618400] on VIA12 is 174.2
[474650 617600 715550 618400] on METAL1 is 175.368
[215690 617600 474650 618400] on METAL1 is 174.2
[210690 617600 215690 618400] on METAL1 is 167.112
[210820 617600 220560 618400] on VIA12 is 167.112
[210690 618000 220690 628080] on METAL2 is 166.974
[210690 628080 220690 638160] on METAL2 is 166.773
[210820 627680 220560 628480] on VIA12 is 166.915
[215690 627680 474650 628480] on METAL1 is 174.362
[210690 627680 215690 628480] on METAL1 is 166.915
[474650 627680 715550 628480] on METAL1 is 175.914
[473680 627680 475620 628480] on VIA12 is 174.362
[473680 627680 475620 628480] on VIA23 is 174.197
[473680 627680 475620 628480] on VIA34 is 174.033
[473650 628080 475650 638160] on METAL4 is 173.957
[473650 638160 475650 648240] on METAL4 is 173.978
[473680 637760 475620 638560] on VIA34 is 174.124
[473680 637760 475620 638560] on VIA23 is 174.291
[473680 637760 475620 638560] on VIA12 is 174.458
[474650 637760 715550 638560] on METAL1 is 176.388
[215690 637760 474650 638560] on METAL1 is 174.458
[210690 637760 215690 638560] on METAL1 is 166.662
[210820 637760 220560 638560] on VIA12 is 166.662
[210690 638160 220690 648240] on METAL2 is 166.518
[210690 648240 220690 658320] on METAL2 is 166.208
[210820 647840 220560 648640] on VIA12 is 166.354
[215690 647840 474650 648640] on METAL1 is 174.486
[210690 647840 215690 648640] on METAL1 is 166.354
[474650 647840 715550 648640] on METAL1 is 176.79
[473680 647840 475620 648640] on VIA12 is 174.486
[473680 647840 475620 648640] on VIA23 is 174.317
[473680 647840 475620 648640] on VIA34 is 174.148
[473650 648240 475650 658320] on METAL4 is 173.978
[473650 658320 475650 668400] on METAL4 is 173.93
[473680 657920 475620 658720] on VIA34 is 174.103
[473680 657920 475620 658720] on VIA23 is 174.275
[473680 657920 475620 658720] on VIA12 is 174.447
[474650 657920 715550 658720] on METAL1 is 177.118
[215690 657920 474650 658720] on METAL1 is 174.447
[210690 657920 215690 658720] on METAL1 is 165.99
[210820 657920 220560 658720] on VIA12 is 165.99
[210690 658320 220690 668400] on METAL2 is 165.84
[210690 668400 220690 678480] on METAL2 is 165.415
[210820 668000 220560 668800] on VIA12 is 165.567
[215690 668000 474650 668800] on METAL1 is 174.338
[210690 668000 215690 668800] on METAL1 is 165.567
[474650 668000 715550 668800] on METAL1 is 177.374
[473680 668000 475620 668800] on VIA12 is 174.338
[473680 668000 475620 668800] on VIA23 is 174.163
[473680 668000 475620 668800] on VIA34 is 173.988
[473650 668400 475650 678480] on METAL4 is 173.813
[473650 678480 475650 688560] on METAL4 is 173.623
[473680 678080 475620 678880] on VIA34 is 173.802
[473680 678080 475620 678880] on VIA23 is 173.98
[473680 678080 475620 678880] on VIA12 is 174.158
[474650 678080 715550 678880] on METAL1 is 177.556
[215690 678080 474650 678880] on METAL1 is 174.158
[210690 678080 215690 678880] on METAL1 is 165.085
[210820 678080 220560 678880] on VIA12 is 165.085
[210690 678480 220690 688560] on METAL2 is 164.931
[210690 688560 220690 698640] on METAL2 is 164.388
[210820 688160 220560 688960] on VIA12 is 164.544
[215690 688160 474650 688960] on METAL1 is 173.908
[210690 688160 215690 688960] on METAL1 is 164.544
[474650 688160 715550 688960] on METAL1 is 177.663
[473680 688160 475620 688960] on VIA12 is 173.908
[473680 688160 475620 688960] on VIA23 is 173.726
[473680 688160 475620 688960] on VIA34 is 173.544
[473650 688560 475650 698640] on METAL4 is 173.362
[473650 698640 475650 708720] on METAL4 is 173.026
[473680 698240 475620 699040] on VIA34 is 173.212
[473680 698240 475620 699040] on VIA23 is 173.398
[473680 698240 475620 699040] on VIA12 is 173.584
[474650 698240 715550 699040] on METAL1 is 177.695
[215690 698240 474650 699040] on METAL1 is 173.584
[210690 698240 215690 699040] on METAL1 is 163.942
[210820 698240 220560 699040] on VIA12 is 163.942
[210690 698640 220690 708720] on METAL2 is 163.783
[210690 708720 220690 714930] on METAL2 is 163.118
[210820 708320 220560 709120] on VIA12 is 163.279
[215690 708320 474650 709120] on METAL1 is 173.185
[210690 708320 215690 709120] on METAL1 is 163.279
[474650 708320 715550 709120] on METAL1 is 177.65
[473680 708320 475620 709120] on VIA12 is 173.185
[473680 708320 475620 709120] on VIA23 is 172.995
[473680 708320 475620 709120] on VIA34 is 172.805
[473650 708720 475650 714930] on METAL4 is 172.614
[473650 714930 475650 718800] on METAL4 is 172.313
[473670 713950 475630 715910] on VIA45 is 172.313
[474650 713930 715550 715930] on METAL5 is 176.253
[215690 713930 474650 715930] on METAL5 is 171.762
[210690 713930 215690 715930] on METAL5 is 163.326
[210805 713950 220575 715910] on VIA45 is 163.326
[210820 714010 220560 715850] on VIA34 is 163.051
[210820 714010 220560 715850] on VIA23 is 162.86
[210690 714930 220690 718800] on METAL2 is 162.669
[210690 718800 220690 728880] on METAL2 is 162.321
[210820 718400 220560 719200] on VIA12 is 162.485
[215690 718400 474650 719200] on METAL1 is 172.764
[210690 718400 215690 719200] on METAL1 is 162.485
[474650 718400 715550 719200] on METAL1 is 177.63
[473680 718400 475620 719200] on VIA12 is 172.764
[473680 718400 475620 719200] on VIA23 is 172.571
[473680 718400 475620 719200] on VIA34 is 172.379
[473650 718800 475650 728880] on METAL4 is 172.186
[473650 728880 475650 738960] on METAL4 is 171.777
[473680 728480 475620 729280] on VIA34 is 171.968
[473680 728480 475620 729280] on VIA23 is 172.159
[473680 728480 475620 729280] on VIA12 is 172.35
[474650 728480 715550 729280] on METAL1 is 177.693
[215690 728480 474650 729280] on METAL1 is 172.35
[210690 728480 215690 729280] on METAL1 is 161.52
[210820 728480 220560 729280] on VIA12 is 161.52
[210690 728880 220690 738960] on METAL2 is 161.351
[210690 738960 220690 749040] on METAL2 is 160.316
[210820 738560 220560 739360] on VIA12 is 160.489
[215690 738560 474650 739360] on METAL1 is 171.86
[210690 738560 215690 739360] on METAL1 is 160.489
[474650 738560 715550 739360] on METAL1 is 177.68
[473680 738560 475620 739360] on VIA12 is 171.86
[473680 738560 475620 739360] on VIA23 is 171.67
[473680 738560 475620 739360] on VIA34 is 171.48
[473650 738960 475650 749040] on METAL4 is 171.29
[473650 749040 475650 759120] on METAL4 is 170.725
[473680 748640 475620 749440] on VIA34 is 170.915
[473680 748640 475620 749440] on VIA23 is 171.104
[473680 748640 475620 749440] on VIA12 is 171.293
[474650 748640 715550 749440] on METAL1 is 177.591
[215690 748640 474650 749440] on METAL1 is 171.293
[210690 748640 215690 749440] on METAL1 is 159.391
[210820 748640 220560 749440] on VIA12 is 159.391
[210690 749040 220690 759120] on METAL2 is 159.214
[210690 759120 220690 769200] on METAL2 is 158.044
[210820 758720 220560 759520] on VIA12 is 158.225
[215690 758720 474650 759520] on METAL1 is 170.651
[210690 758720 215690 759520] on METAL1 is 158.225
[474650 758720 715550 759520] on METAL1 is 177.425
[473680 758720 475620 759520] on VIA12 is 170.651
[473680 758720 475620 759520] on VIA23 is 170.462
[473680 758720 475620 759520] on VIA34 is 170.273
[473650 759120 475650 769200] on METAL4 is 170.084
[473650 769200 475650 779280] on METAL4 is 169.365
[473680 768800 475620 769600] on VIA34 is 169.554
[473680 768800 475620 769600] on VIA23 is 169.743
[473680 768800 475620 769600] on VIA12 is 169.932
[474650 768800 715550 769600] on METAL1 is 177.184
[215690 768800 474650 769600] on METAL1 is 169.932
[210690 768800 215690 769600] on METAL1 is 156.989
[210820 768800 220560 769600] on VIA12 is 156.989
[210690 769200 220690 779280] on METAL2 is 156.803
[210690 779280 220690 789360] on METAL2 is 155.491
[210820 778880 220560 779680] on VIA12 is 155.68
[215690 778880 474650 779680] on METAL1 is 169.136
[210690 778880 215690 779680] on METAL1 is 155.68
[474650 778880 715550 779680] on METAL1 is 176.868
[473680 778880 475620 779680] on VIA12 is 169.136
[473680 778880 475620 779680] on VIA23 is 168.948
[473680 778880 475620 779680] on VIA34 is 168.759
[473650 779280 475650 789360] on METAL4 is 168.57
[473650 789360 475650 799440] on METAL4 is 167.697
[473680 788960 475620 789760] on VIA34 is 167.887
[473680 788960 475620 789760] on VIA23 is 168.076
[473680 788960 475620 789760] on VIA12 is 168.265
[474650 788960 715550 789760] on METAL1 is 176.477
[215690 788960 474650 789760] on METAL1 is 168.265
[210690 788960 215690 789760] on METAL1 is 154.299
[210820 788960 220560 789760] on VIA12 is 154.299
[210690 789360 220690 799440] on METAL2 is 154.105
[210690 799440 220690 809520] on METAL2 is 152.645
[210820 799040 220560 799840] on VIA12 is 152.843
[215690 799040 474650 799840] on METAL1 is 167.317
[210690 799040 215690 799840] on METAL1 is 152.843
[474650 799040 715550 799840] on METAL1 is 176.012
[473680 799040 475620 799840] on VIA12 is 167.317
[473680 799040 475620 799840] on VIA23 is 167.127
[473680 799040 475620 799840] on VIA34 is 166.938
[473650 799440 475650 809520] on METAL4 is 166.748
[473650 809520 475650 819600] on METAL4 is 165.722
[473680 809120 475620 809920] on VIA34 is 165.912
[473680 809120 475620 809920] on VIA23 is 166.102
[473680 809120 475620 809920] on VIA12 is 166.292
[474650 809120 715550 809920] on METAL1 is 175.472
[215690 809120 474650 809920] on METAL1 is 166.292
[210690 809120 215690 809920] on METAL1 is 151.31
[210820 809120 220560 809920] on VIA12 is 151.31
[210690 809520 220690 819600] on METAL2 is 151.108
[210690 819600 220690 829680] on METAL2 is 149.493
[210820 819200 220560 820000] on VIA12 is 149.699
[215690 819200 474650 820000] on METAL1 is 165.19
[210690 819200 215690 820000] on METAL1 is 149.699
[474650 819200 715550 820000] on METAL1 is 174.858
[473680 819200 475620 820000] on VIA12 is 165.19
[473680 819200 475620 820000] on VIA23 is 164.999
[473680 819200 475620 820000] on VIA34 is 164.808
[473650 819600 475650 829680] on METAL4 is 164.618
[473650 829680 475650 839760] on METAL4 is 163.436
[473680 829280 475620 830080] on VIA34 is 163.627
[473680 829280 475620 830080] on VIA23 is 163.819
[473680 829280 475620 830080] on VIA12 is 164.01
[474650 829280 715550 830080] on METAL1 is 174.171
[215690 829280 474650 830080] on METAL1 is 164.01
[210690 829280 215690 830080] on METAL1 is 148.008
[210820 829280 220560 830080] on VIA12 is 148.008
[210690 829680 220690 839760] on METAL2 is 147.798
[210690 839760 220690 849840] on METAL2 is 146.023
[210820 839360 220560 840160] on VIA12 is 146.237
[215690 839360 474650 840160] on METAL1 is 162.753
[210690 839360 215690 840160] on METAL1 is 146.237
[474650 839360 715550 840160] on METAL1 is 173.41
[473680 839360 475620 840160] on VIA12 is 162.753
[473680 839360 475620 840160] on VIA23 is 162.561
[473680 839360 475620 840160] on VIA34 is 162.369
[473650 839760 475650 849840] on METAL4 is 162.176
[473650 849840 475650 859920] on METAL4 is 160.839
[473680 849440 475620 850240] on VIA34 is 161.032
[473680 849440 475620 850240] on VIA23 is 161.224
[473680 849440 475620 850240] on VIA12 is 161.417
[474650 849440 715550 850240] on METAL1 is 172.576
[215690 849440 474650 850240] on METAL1 is 161.417
[210690 849440 215690 850240] on METAL1 is 144.382
[210820 849440 220560 850240] on VIA12 is 144.382
[210690 849840 220690 859920] on METAL2 is 144.164
[210690 859920 220690 870000] on METAL2 is 142.221
[210820 859520 220560 860320] on VIA12 is 142.443
[215690 859520 474650 860320] on METAL1 is 160.003
[210690 859520 215690 860320] on METAL1 is 142.443
[474650 859520 715550 860320] on METAL1 is 171.669
[473680 859520 475620 860320] on VIA12 is 160.003
[473680 859520 475620 860320] on VIA23 is 159.81
[473680 859520 475620 860320] on VIA34 is 159.616
[473650 859920 475650 870000] on METAL4 is 159.422
[473650 870000 475650 880080] on METAL4 is 157.927
[473680 869600 475620 870400] on VIA34 is 158.122
[473680 869600 475620 870400] on VIA23 is 158.316
[473680 869600 475620 870400] on VIA12 is 158.511
[474650 869600 715550 870400] on METAL1 is 170.69
[215690 869600 474650 870400] on METAL1 is 158.511
[210690 869600 215690 870400] on METAL1 is 140.418
[210820 869600 220560 870400] on VIA12 is 140.418
[210690 870000 220690 880080] on METAL2 is 140.191
[210690 880080 220690 890160] on METAL2 is 138.074
[210820 879680 220560 880480] on VIA12 is 138.306
[215690 879680 474650 880480] on METAL1 is 156.938
[210690 879680 215690 880480] on METAL1 is 138.306
[474650 879680 715550 880480] on METAL1 is 169.64
[473680 879680 475620 880480] on VIA12 is 156.938
[473680 879680 475620 880480] on VIA23 is 156.743
[473680 879680 475620 880480] on VIA34 is 156.548
[473650 880080 475650 890160] on METAL4 is 156.353
[473650 890160 475650 900240] on METAL4 is 154.699
[473680 889760 475620 890560] on VIA34 is 154.895
[473680 889760 475620 890560] on VIA23 is 155.091
[473680 889760 475620 890560] on VIA12 is 155.287
[474650 889760 715550 890560] on METAL1 is 168.518
[215690 889760 474650 890560] on METAL1 is 155.287
[210690 889760 215690 890560] on METAL1 is 136.104
[210820 889760 220560 890560] on VIA12 is 136.104
[210690 890160 220690 900240] on METAL2 is 135.868
[210690 900240 220690 910320] on METAL2 is 133.57
[210820 899840 220560 900640] on VIA12 is 133.811
[215690 899840 474650 900640] on METAL1 is 153.555
[210690 899840 215690 900640] on METAL1 is 133.811
[474650 899840 715550 900640] on METAL1 is 167.325
[473680 899840 475620 900640] on VIA12 is 153.555
[473680 899840 475620 900640] on VIA23 is 153.358
[473680 899840 475620 900640] on VIA34 is 153.162
[473650 900240 475650 910320] on METAL4 is 152.965
[473650 910320 475650 920400] on METAL4 is 151.152
[473680 909920 475620 910720] on VIA34 is 151.349
[473680 909920 475620 910720] on VIA23 is 151.546
[473680 909920 475620 910720] on VIA12 is 151.743
[474650 909920 715550 910720] on METAL1 is 166.062
[215690 909920 474650 910720] on METAL1 is 151.743
[210690 909920 215690 910720] on METAL1 is 131.425
[210820 909920 220560 910720] on VIA12 is 131.425
[210690 910320 220690 920400] on METAL2 is 131.18
[210690 920400 220690 930480] on METAL2 is 128.695
[210820 920000 220560 920800] on VIA12 is 128.944
[215690 920000 474650 920800] on METAL1 is 149.851
[210690 920000 215690 920800] on METAL1 is 128.944
[474650 920000 715550 920800] on METAL1 is 164.729
[473680 920000 475620 920800] on VIA12 is 149.851
[473680 920000 475620 920800] on VIA23 is 149.653
[473680 920000 475620 920800] on VIA34 is 149.455
[473650 920400 475650 930480] on METAL4 is 149.257
[473650 930480 475650 940560] on METAL4 is 147.283
[473680 930080 475620 930880] on VIA34 is 147.481
[473680 930080 475620 930880] on VIA23 is 147.679
[473680 930080 475620 930880] on VIA12 is 147.877
[474650 930080 715550 930880] on METAL1 is 163.327
[215690 930080 474650 930880] on METAL1 is 147.877
[210690 930080 215690 930880] on METAL1 is 126.368
[210820 930080 220560 930880] on VIA12 is 126.368
[210690 930480 220690 940560] on METAL2 is 126.113
[210690 940560 220690 950640] on METAL2 is 123.433
[210820 940160 220560 940960] on VIA12 is 123.693
[215690 940160 474650 940960] on METAL1 is 145.823
[210690 940160 215690 940960] on METAL1 is 123.693
[474650 940160 715550 940960] on METAL1 is 161.858
[473680 940160 475620 940960] on VIA12 is 145.823
[473680 940160 475620 940960] on VIA23 is 145.625
[473680 940160 475620 940960] on VIA34 is 145.426
[473650 940560 475650 950640] on METAL4 is 145.228
[473650 950640 475650 956230] on METAL4 is 143.092
[473680 950240 475620 951040] on VIA34 is 143.29
[473680 950240 475620 951040] on VIA23 is 143.489
[473680 950240 475620 951040] on VIA12 is 143.687
[474650 950240 715550 951040] on METAL1 is 160.321
[215690 950240 474650 951040] on METAL1 is 143.687
[210690 950240 215690 951040] on METAL1 is 120.917
[210820 950240 220560 951040] on VIA12 is 120.917
[210690 950640 220690 956230] on METAL2 is 120.653
[210690 956230 220690 960720] on METAL2 is 119.054
[210820 955310 220560 957150] on VIA23 is 119.523
[210820 955310 220560 957150] on VIA34 is 119.992
[210805 955250 220575 957210] on VIA45 is 120.67
[215690 955230 474650 957230] on METAL5 is 141.428
[210690 955230 215690 957230] on METAL5 is 120.67
[474650 955230 715550 957230] on METAL5 is 158.093
[473670 955250 475630 957210] on VIA45 is 141.862
[473650 956230 475650 960720] on METAL4 is 141.862
[473650 960720 475650 970800] on METAL4 is 140.915
[473680 960320 475620 961120] on VIA34 is 141.111
[473680 960320 475620 961120] on VIA23 is 141.306
[473680 960320 475620 961120] on VIA12 is 141.501
[474650 960320 715550 961120] on METAL1 is 158.86
[215690 960320 474650 961120] on METAL1 is 141.501
[210690 960320 215690 961120] on METAL1 is 117.866
[210820 960320 220560 961120] on VIA12 is 117.866
[210690 960720 220690 970800] on METAL2 is 117.595
[210690 970800 220690 980880] on METAL2 is 114.213
[210820 970400 220560 971200] on VIA12 is 114.494
[215690 970400 474650 971200] on METAL1 is 139.273
[210690 970400 215690 971200] on METAL1 is 114.494
[474650 970400 715550 971200] on METAL1 is 157.512
[473680 970400 475620 971200] on VIA12 is 139.273
[473680 970400 475620 971200] on VIA23 is 139.086
[473680 970400 475620 971200] on VIA34 is 138.898
[473650 970800 475650 980880] on METAL4 is 138.71
[473650 980880 475650 990960] on METAL4 is 136.428
[473680 980480 475620 981280] on VIA34 is 136.608
[473680 980480 475620 981280] on VIA23 is 136.788
[473680 980480 475620 981280] on VIA12 is 136.968
[474650 980480 715550 981280] on METAL1 is 156.104
[215690 980480 474650 981280] on METAL1 is 136.968
[210690 980480 215690 981280] on METAL1 is 111.013
[210820 980480 220560 981280] on VIA12 is 111.013
[210690 980880 220690 990960] on METAL2 is 110.723
[210690 990960 220690 1001040] on METAL2 is 107.12
[210820 990560 220560 991360] on VIA12 is 107.42
[215690 990560 474650 991360] on METAL1 is 134.587
[210690 990560 215690 991360] on METAL1 is 107.42
[474650 990560 715550 991360] on METAL1 is 154.64
[473680 990560 475620 991360] on VIA12 is 134.587
[473680 990560 475620 991360] on VIA23 is 134.416
[473680 990560 475620 991360] on VIA34 is 134.245
[473650 990960 475650 1001040] on METAL4 is 134.074
[473650 1001040 475650 1011120] on METAL4 is 131.649
[473680 1000640 475620 1001440] on VIA34 is 131.811
[473680 1000640 475620 1001440] on VIA23 is 131.972
[473680 1000640 475620 1001440] on VIA12 is 132.134
[474650 1000640 715550 1001440] on METAL1 is 153.125
[215690 1000640 474650 1001440] on METAL1 is 132.134
[210690 1000640 215690 1001440] on METAL1 is 103.711
[210820 1000640 220560 1001440] on VIA12 is 103.711
[210690 1001040 220690 1011120] on METAL2 is 103.401
[210690 1011120 220690 1021200] on METAL2 is 99.563
[210820 1010720 220560 1011520] on VIA12 is 99.883
[215690 1010720 474650 1011520] on METAL1 is 129.612
[210690 1010720 215690 1011520] on METAL1 is 99.883
[474650 1010720 715550 1011520] on METAL1 is 151.563
[473680 1010720 475620 1011520] on VIA12 is 129.612
[473680 1010720 475620 1011520] on VIA23 is 129.461
[473680 1010720 475620 1011520] on VIA34 is 129.31
[473650 1011120 475650 1021200] on METAL4 is 129.159
[473650 1021200 475650 1031280] on METAL4 is 126.607
[473680 1020800 475620 1021600] on VIA34 is 126.747
[473680 1020800 475620 1021600] on VIA23 is 126.886
[473680 1020800 475620 1021600] on VIA12 is 127.025
[474650 1020800 715550 1021600] on METAL1 is 149.96
[215690 1020800 474650 1021600] on METAL1 is 127.025
[210690 1020800 215690 1021600] on METAL1 is 95.932
[210820 1020800 220560 1021600] on VIA12 is 95.932
[210690 1021200 220690 1031280] on METAL2 is 95.601
[210690 1031280 220690 1041360] on METAL2 is 91.51
[210820 1030880 220560 1031680] on VIA12 is 91.853
[215690 1030880 474650 1031680] on METAL1 is 124.377
[210690 1030880 215690 1031680] on METAL1 is 91.853
[474650 1030880 715550 1031680] on METAL1 is 148.321
[473680 1030880 475620 1031680] on VIA12 is 124.377
[473680 1030880 475620 1031680] on VIA23 is 124.251
[473680 1030880 475620 1031680] on VIA34 is 124.125
[473650 1031280 475650 1041360] on METAL4 is 123.999
[473650 1041360 475650 1051440] on METAL4 is 121.339
[473680 1040960 475620 1041760] on VIA34 is 121.45
[473680 1040960 475620 1041760] on VIA23 is 121.561
[473680 1040960 475620 1041760] on VIA12 is 121.672
[474650 1040960 715550 1041760] on METAL1 is 146.65
[215690 1040960 474650 1041760] on METAL1 is 121.672
[210690 1040960 215690 1041760] on METAL1 is 87.642
[210820 1040960 220560 1041760] on VIA12 is 87.642
[210690 1041360 220690 1051440] on METAL2 is 87.286
[210690 1051440 220690 1061520] on METAL2 is 82.926
[210820 1051040 220560 1051840] on VIA12 is 83.294
[215690 1051040 474650 1051840] on METAL1 is 118.915
[210690 1051040 215690 1051840] on METAL1 is 83.294
[474650 1051040 715550 1051840] on METAL1 is 144.955
[473680 1051040 475620 1051840] on VIA12 is 118.915
[473680 1051040 475620 1051840] on VIA23 is 118.821
[473680 1051040 475620 1051840] on VIA34 is 118.727
[473650 1051440 475650 1061520] on METAL4 is 118.633
[473650 1061520 475650 1071600] on METAL4 is 115.89
[473680 1061120 475620 1061920] on VIA34 is 115.964
[473680 1061120 475620 1061920] on VIA23 is 116.038
[473680 1061120 475620 1061920] on VIA12 is 116.112
[474650 1061120 715550 1061920] on METAL1 is 143.241
[215690 1061120 474650 1061920] on METAL1 is 116.112
[210690 1061120 215690 1061920] on METAL1 is 78.804
[210820 1061120 220560 1061920] on VIA12 is 78.804
[210690 1061520 220690 1071600] on METAL2 is 78.423
[210690 1071600 220690 1081680] on METAL2 is 73.772
[210820 1071200 220560 1072000] on VIA12 is 74.168
[215690 1071200 474650 1072000] on METAL1 is 113.271
[210690 1071200 215690 1072000] on METAL1 is 74.168
[474650 1071200 715550 1072000] on METAL1 is 141.515
[473680 1071200 475620 1072000] on VIA12 is 113.271
[473680 1071200 475620 1072000] on VIA23 is 113.219
[473680 1071200 475620 1072000] on VIA34 is 113.168
[473650 1071600 475650 1081680] on METAL4 is 113.116
[473650 1081680 475650 1091760] on METAL4 is 110.322
[473680 1081280 475620 1082080] on VIA34 is 110.347
[473680 1081280 475620 1082080] on VIA23 is 110.372
[473680 1081280 475620 1082080] on VIA12 is 110.397
[474650 1081280 715550 1082080] on METAL1 is 139.786
[215690 1081280 474650 1082080] on METAL1 is 110.397
[210690 1081280 215690 1082080] on METAL1 is 69.38
[210820 1081280 220560 1082080] on VIA12 is 69.38
[210690 1081680 220690 1091760] on METAL2 is 68.968
[210690 1091760 220690 1101840] on METAL2 is 64.005
[210820 1091360 220560 1092160] on VIA12 is 64.433
[215690 1091360 474650 1092160] on METAL1 is 107.502
[210690 1091360 215690 1092160] on METAL1 is 64.433
[474650 1091360 715550 1092160] on METAL1 is 138.06
[473680 1091360 475620 1092160] on VIA12 is 107.507
[473680 1091360 475620 1092160] on VIA23 is 107.512
[473680 1091360 475620 1092160] on VIA34 is 107.517
[473650 1091760 475650 1101840] on METAL4 is 107.517
[473650 1101840 475650 1111920] on METAL4 is 104.714
[473680 1101440 475620 1102240] on VIA34 is 104.714
[473680 1101440 475620 1102240] on VIA23 is 104.674
[473680 1101440 475620 1102240] on VIA12 is 104.634
[474650 1101440 715550 1102240] on METAL1 is 136.347
[215690 1101440 474650 1102240] on METAL1 is 104.594
[210690 1101440 215690 1102240] on METAL1 is 59.322
[210820 1101440 220560 1102240] on VIA12 is 59.322
[210690 1101840 220690 1111920] on METAL2 is 58.877
[210690 1111920 220690 1122000] on METAL2 is 53.576
[210820 1111520 220560 1112320] on VIA12 is 54.041
[215690 1111520 474650 1112320] on METAL1 is 101.685
[210690 1111520 215690 1112320] on METAL1 is 54.041
[474650 1111520 715550 1112320] on METAL1 is 134.657
[473680 1111520 475620 1112320] on VIA12 is 101.766
[473680 1111520 475620 1112320] on VIA23 is 101.847
[473680 1111520 475620 1112320] on VIA34 is 101.928
[473650 1111920 475650 1122000] on METAL4 is 101.928
[473650 1122000 475650 1132080] on METAL4 is 99.174
[473680 1121600 475620 1122400] on VIA34 is 99.174
[473680 1121600 475620 1122400] on VIA23 is 99.046
[473680 1121600 475620 1122400] on VIA12 is 98.918
[474650 1121600 715550 1122400] on METAL1 is 132.998
[215690 1121600 474650 1122400] on METAL1 is 98.79
[210690 1121600 215690 1122400] on METAL1 is 48.581
[210820 1121600 220560 1122400] on VIA12 is 48.581
[210690 1122000 220690 1132080] on METAL2 is 48.095
[210690 1132080 220690 1142160] on METAL2 is 42.427
[210820 1131680 220560 1132480] on VIA12 is 42.935
[215690 1131680 474650 1132480] on METAL1 is 95.924
[210690 1131680 215690 1132480] on METAL1 is 42.935
[474650 1131680 715550 1132480] on METAL1 is 131.382
[473680 1131680 475620 1132480] on VIA12 is 96.107
[473680 1131680 475620 1132480] on VIA23 is 96.29
[473680 1131680 475620 1132480] on VIA34 is 96.473
[473650 1132080 475650 1142160] on METAL4 is 96.473
[473650 1142160 475650 1152240] on METAL4 is 93.846
[473680 1141760 475620 1142560] on VIA34 is 93.846
[473680 1141760 475620 1142560] on VIA23 is 93.6
[473680 1141760 475620 1142560] on VIA12 is 93.353
[474650 1141760 715550 1142560] on METAL1 is 129.821
[215690 1141760 474650 1142560] on METAL1 is 93.106
[210690 1141760 215690 1142560] on METAL1 is 37.094
[210820 1141760 220560 1142560] on VIA12 is 37.094
[210690 1142160 220690 1152240] on METAL2 is 36.562
[210690 1152240 220690 1162320] on METAL2 is 30.492
[210820 1151840 220560 1152640] on VIA12 is 31.05
[215690 1151840 474650 1152640] on METAL1 is 90.356
[210690 1151840 215690 1152640] on METAL1 is 31.05
[474650 1151840 715550 1152640] on METAL1 is 128.327
[473680 1151840 475620 1152640] on VIA12 is 90.678
[473680 1151840 475620 1152640] on VIA23 is 90.999
[473680 1151840 475620 1152640] on VIA34 is 91.32
[473650 1152240 475650 1162320] on METAL4 is 91.32
[473650 1162320 475650 1172400] on METAL4 is 88.925
[473680 1161920 475620 1162720] on VIA34 is 88.925
[473680 1161920 475620 1162720] on VIA23 is 88.517
[473680 1161920 475620 1162720] on VIA12 is 88.109
[474650 1161920 715550 1162720] on METAL1 is 126.913
[215690 1161920 474650 1162720] on METAL1 is 87.701
[210690 1161920 215690 1162720] on METAL1 is 24.792
[210820 1161920 220560 1162720] on VIA12 is 24.792
[210690 1162320 220690 1172400] on METAL2 is 24.205
[210690 1172400 220690 1182480] on METAL2 is 17.691
[210690 1182480 220690 1192560] on METAL2 is 11.177
[210690 1192560 220690 1196580] on METAL2 is 4.663
[210690 1196580 220690 1197595] on METAL2 is 2.065
[210820 1195660 220560 1197500] on VIA23 is 3.678
[210820 1195660 220560 1197500] on VIA34 is 5.292
[210805 1195600 220575 1197560] on VIA45 is 7.627
[215690 1195580 474650 1197580] on METAL5 is 79.069
[210690 1195580 215690 1197580] on METAL5 is 7.627
[474650 1195580 715550 1197580] on METAL5 is 121.249
[473670 1195600 475630 1197560] on VIA45 is 83.051
[473650 1192560 475650 1196580] on METAL4 is 83.47
[473650 1196580 475650 1202640] on METAL4 is 83.694
[473650 1202640 475650 1212720] on METAL4 is 85.135
[473680 1202240 475620 1203040] on VIA34 is 83.694
[473680 1202240 475620 1203040] on VIA23 is 82.784
[473680 1202240 475620 1203040] on VIA12 is 81.874
[474650 1202240 715550 1203040] on METAL1 is 123.412
[215690 1202240 474650 1203040] on METAL1 is 80.964
[209575 1202240 215690 1203040] on METAL1 is 1.446
[215690 1166295 220690 1228895] on METAL1 is 1.446
[209575 1166295 215690 1228895] on METAL1 is 1.446
[210820 1166515 220560 1228675] on VIA12 is 2.064
[210690 1197595 220690 1202640] on METAL2 is 5.341
[210690 1202640 220690 1212720] on METAL2 is 11.889
[210690 1212720 220690 1222800] on METAL2 is 18.436
[210690 1222800 220690 1232880] on METAL2 is 24.983
[210690 1232880 220690 1242960] on METAL2 is 31.305
[210820 1232480 220560 1233280] on VIA12 is 25.567
[215690 1232480 474650 1233280] on METAL1 is 87.983
[210690 1232480 215690 1233280] on METAL1 is 25.567
[474650 1232480 715550 1233280] on METAL1 is 126.426
[473680 1232480 475620 1233280] on VIA12 is 88.404
[473680 1232480 475620 1233280] on VIA23 is 88.825
[473680 1232480 475620 1233280] on VIA34 is 89.246
[473650 1222800 475650 1232880] on METAL4 is 89.246
[473650 1232880 475650 1242960] on METAL4 is 91.689
[473650 1242960 475650 1253040] on METAL4 is 94.272
[473680 1242560 475620 1243360] on VIA34 is 91.689
[473680 1242560 475620 1243360] on VIA23 is 91.347
[473680 1242560 475620 1243360] on VIA12 is 91.005
[474650 1242560 715550 1243360] on METAL1 is 127.665
[215690 1242560 474650 1243360] on METAL1 is 90.663
[210690 1242560 215690 1243360] on METAL1 is 31.859
[210820 1242560 220560 1243360] on VIA12 is 31.859
[210690 1242960 220690 1253040] on METAL2 is 37.412
[210690 1253040 220690 1263120] on METAL2 is 43.315
[210820 1252640 220560 1253440] on VIA12 is 37.94
[215690 1252640 474650 1253440] on METAL1 is 93.445
[210690 1252640 215690 1253440] on METAL1 is 37.94
[474650 1252640 715550 1253440] on METAL1 is 128.991
[473680 1252640 475620 1253440] on VIA12 is 93.72
[473680 1252640 475620 1253440] on VIA23 is 93.996
[473680 1252640 475620 1253440] on VIA34 is 94.272
[473650 1253040 475650 1263120] on METAL4 is 96.967
[473650 1263120 475650 1273200] on METAL4 is 99.751
[473680 1262720 475620 1263520] on VIA34 is 96.967
[473680 1262720 475620 1263520] on VIA23 is 96.746
[473680 1262720 475620 1263520] on VIA12 is 96.526
[474650 1262720 715550 1263520] on METAL1 is 130.39
[215690 1262720 474650 1263520] on METAL1 is 96.306
[210690 1262720 215690 1263520] on METAL1 is 43.818
[210820 1262720 220560 1263520] on VIA12 is 43.818
[210690 1263120 220690 1273200] on METAL2 is 49.023
[210690 1273200 220690 1283280] on METAL2 is 54.544
[210820 1272800 220560 1273600] on VIA12 is 49.504
[215690 1272800 474650 1273600] on METAL1 is 99.227
[210690 1272800 215690 1273600] on METAL1 is 49.504
[474650 1272800 715550 1273600] on METAL1 is 131.852
[473680 1272800 475620 1273600] on VIA12 is 99.402
[473680 1272800 475620 1273600] on VIA23 is 99.576
[473680 1272800 475620 1273600] on VIA34 is 99.751
[473650 1273200 475650 1283280] on METAL4 is 102.607
[473650 1283280 475650 1293360] on METAL4 is 105.518
[473680 1282880 475620 1283680] on VIA34 is 102.607
[473680 1282880 475620 1283680] on VIA23 is 102.469
[473680 1282880 475620 1283680] on VIA12 is 102.332
[474650 1282880 715550 1283680] on METAL1 is 133.367
[215690 1282880 474650 1283680] on METAL1 is 102.194
[210690 1282880 215690 1283680] on METAL1 is 55.005
[210820 1282880 220560 1283680] on VIA12 is 55.005
[210690 1283280 220690 1293360] on METAL2 is 59.888
[210690 1293360 220690 1303440] on METAL2 is 65.06
[210820 1292960 220560 1293760] on VIA12 is 60.33
[215690 1292960 474650 1293760] on METAL1 is 105.195
[210690 1292960 215690 1293760] on METAL1 is 60.33
[474650 1292960 715550 1293760] on METAL1 is 134.925
[473680 1292960 475620 1293760] on VIA12 is 105.303
[473680 1292960 475620 1293760] on VIA23 is 105.41
[473680 1292960 475620 1293760] on VIA34 is 105.518
[473650 1293360 475650 1303440] on METAL4 is 108.474
[473650 1303440 475650 1313520] on METAL4 is 111.464
[473680 1303040 475620 1303840] on VIA34 is 108.474
[473680 1303040 475620 1303840] on VIA23 is 108.389
[473680 1303040 475620 1303840] on VIA12 is 108.303
[474650 1303040 715550 1303840] on METAL1 is 136.517
[215690 1303040 474650 1303840] on METAL1 is 108.218
[210690 1303040 215690 1303840] on METAL1 is 65.485
[210820 1303040 220560 1303840] on VIA12 is 65.485
[210690 1303440 220690 1313520] on METAL2 is 70.068
[210690 1313520 220690 1323600] on METAL2 is 74.917
[210820 1313120 220560 1313920] on VIA12 is 70.477
[215690 1313120 474650 1313920] on METAL1 is 111.257
[210690 1313120 215690 1313920] on METAL1 is 70.477
[474650 1313120 715550 1313920] on METAL1 is 138.135
[473680 1313120 475620 1313920] on VIA12 is 111.326
[473680 1313120 475620 1313920] on VIA23 is 111.395
[473680 1313120 475620 1313920] on VIA34 is 111.464
[473650 1313520 475650 1323600] on METAL4 is 114.482
[473650 1323600 475650 1333680] on METAL4 is 117.407
[473680 1323200 475620 1324000] on VIA34 is 114.711
[473680 1323200 475620 1324000] on VIA23 is 114.94
[473680 1323200 475620 1324000] on VIA12 is 115.169
[474650 1323200 715550 1324000] on METAL1 is 139.856
[232140 1323200 474650 1324000] on METAL1 is 115.169
[231950 1323200 232140 1324000] on METAL1 is 86.48
[231950 1323200 232330 1324000] on VIA12 is 86.48
[232140 1323200 232330 1324000] on METAL2 is 81.795
[231950 1323200 232140 1324000] on METAL2 is 81.795
[231950 1323200 232330 1324000] on VIA23 is 81.795
[232140 1323200 232330 1324000] on METAL3 is 77.11
[215690 1323200 232140 1324000] on METAL3 is 77.11
[210690 1323200 215690 1324000] on METAL3 is 75.164
[210820 1323200 220560 1324000] on VIA23 is 75.164
[210690 1323600 220690 1333680] on METAL2 is 79.64
[210690 1333680 220690 1343760] on METAL2 is 84.24
[210820 1333280 220560 1334080] on VIA23 is 79.875
[215690 1333280 232140 1334080] on METAL3 is 81.734
[210690 1333280 215690 1334080] on METAL3 is 79.875
[232140 1333280 232330 1334080] on METAL3 is 81.734
[231950 1333280 232330 1334080] on VIA23 is 86.21
[232140 1333280 232330 1334080] on METAL2 is 86.21
[231950 1333280 232140 1334080] on METAL2 is 86.21
[231950 1333280 232330 1334080] on VIA12 is 90.685
[232140 1333280 474650 1334080] on METAL1 is 118.091
[231950 1333280 232140 1334080] on METAL1 is 90.685
[474650 1333280 715550 1334080] on METAL1 is 141.478
[473680 1333280 475620 1334080] on VIA12 is 118.091
[473680 1333280 475620 1334080] on VIA23 is 117.863
[473680 1333280 475620 1334080] on VIA34 is 117.635
[473650 1333680 475650 1343760] on METAL4 is 120.239
[473650 1343760 475650 1353840] on METAL4 is 122.978
[473680 1343360 475620 1344160] on VIA34 is 120.468
[473680 1343360 475620 1344160] on VIA23 is 120.697
[473680 1343360 475620 1344160] on VIA12 is 120.926
[474650 1343360 715550 1344160] on METAL1 is 143.085
[232140 1343360 474650 1344160] on METAL1 is 120.926
[231950 1343360 232140 1344160] on METAL1 is 94.778
[231950 1343360 232330 1344160] on VIA12 is 94.778
[232140 1343360 232330 1344160] on METAL2 is 90.508
[231950 1343360 232140 1344160] on METAL2 is 90.508
[231950 1343360 232330 1344160] on VIA23 is 90.508
[232140 1343360 232330 1344160] on METAL3 is 86.238
[215690 1343360 232140 1344160] on METAL3 is 86.238
[210690 1343360 215690 1344160] on METAL3 is 84.465
[210820 1343360 220560 1344160] on VIA23 is 84.465
[210690 1343760 220690 1353840] on METAL2 is 88.722
[210690 1353840 220690 1363920] on METAL2 is 93.089
[210820 1353440 220560 1354240] on VIA23 is 88.936
[215690 1353440 232140 1354240] on METAL3 is 90.626
[210690 1353440 215690 1354240] on METAL3 is 88.936
[232140 1353440 232330 1354240] on METAL3 is 90.626
[231950 1353440 232330 1354240] on VIA23 is 94.694
[232140 1353440 232330 1354240] on METAL2 is 94.694
[231950 1353440 232140 1354240] on METAL2 is 94.694
[231950 1353440 232330 1354240] on VIA12 is 98.762
[232140 1353440 474650 1354240] on METAL1 is 123.673
[231950 1353440 232140 1354240] on METAL1 is 98.762
[474650 1353440 715550 1354240] on METAL1 is 144.672
[473680 1353440 475620 1354240] on VIA12 is 123.673
[473680 1353440 475620 1354240] on VIA23 is 123.441
[473680 1353440 475620 1354240] on VIA34 is 123.21
[473650 1353840 475650 1363920] on METAL4 is 125.623
[473650 1363920 475650 1374000] on METAL4 is 128.171
[473680 1363520 475620 1364320] on VIA34 is 125.859
[473680 1363520 475620 1364320] on VIA23 is 126.095
[473680 1363520 475620 1364320] on VIA12 is 126.332
[474650 1363520 715550 1364320] on METAL1 is 146.235
[232140 1363520 474650 1364320] on METAL1 is 126.332
[231950 1363520 232140 1364320] on METAL1 is 102.639
[231950 1363520 232330 1364320] on VIA12 is 102.639
[232140 1363520 232330 1364320] on METAL2 is 98.769
[231950 1363520 232140 1364320] on METAL2 is 98.769
[231950 1363520 232330 1364320] on VIA23 is 98.769
[232140 1363520 232330 1364320] on METAL3 is 94.9
[215690 1363520 232140 1364320] on METAL3 is 94.9
[210690 1363520 215690 1364320] on METAL3 is 93.293
[210820 1363520 220560 1364320] on VIA23 is 93.293
[210690 1363920 220690 1374000] on METAL2 is 97.346
[210690 1374000 220690 1384080] on METAL2 is 101.497
[210820 1373600 220560 1374400] on VIA23 is 97.54
[215690 1373600 232140 1374400] on METAL3 is 99.065
[210690 1373600 215690 1374400] on METAL3 is 97.54
[232140 1373600 232330 1374400] on METAL3 is 99.065
[231950 1373600 232330 1374400] on VIA23 is 102.738
[232140 1373600 232330 1374400] on METAL2 is 102.738
[231950 1373600 232140 1374400] on METAL2 is 102.738
[231950 1373600 232330 1374400] on VIA12 is 106.411
[232140 1373600 474650 1374400] on METAL1 is 128.9
[231950 1373600 232140 1374400] on METAL1 is 106.411
[474650 1373600 715550 1374400] on METAL1 is 147.768
[473680 1373600 475620 1374400] on VIA12 is 128.9
[473680 1373600 475620 1374400] on VIA23 is 128.657
[473680 1373600 475620 1374400] on VIA34 is 128.414
[473650 1374000 475650 1384080] on METAL4 is 130.621
[473650 1384080 475650 1394160] on METAL4 is 132.968
[473680 1383680 475620 1384480] on VIA34 is 130.873
[473680 1383680 475620 1384480] on VIA23 is 131.124
[473680 1383680 475620 1384480] on VIA12 is 131.376
[474650 1383680 715550 1384480] on METAL1 is 149.27
[232140 1383680 474650 1384480] on METAL1 is 131.376
[231950 1383680 232140 1384480] on METAL1 is 110.08
[231950 1383680 232330 1384480] on VIA12 is 110.08
[232140 1383680 232330 1384480] on METAL2 is 106.603
[231950 1383680 232140 1384480] on METAL2 is 106.603
[231950 1383680 232330 1384480] on VIA23 is 106.603
[232140 1383680 232330 1384480] on METAL3 is 103.125
[215690 1383680 232140 1384480] on METAL3 is 103.125
[210690 1383680 215690 1384480] on METAL3 is 101.681
[210820 1383680 220560 1384480] on VIA23 is 101.681
[210690 1384080 220690 1394160] on METAL2 is 105.546
[210690 1394160 220690 1404240] on METAL2 is 109.479
[210820 1393760 220560 1394560] on VIA12 is 105.847
[215690 1393760 474650 1394560] on METAL1 is 133.153
[210690 1393760 215690 1394560] on METAL1 is 105.847
[474650 1393760 715550 1394560] on METAL1 is 150.677
[473680 1393760 475620 1394560] on VIA12 is 133.153
[473680 1393760 475620 1394560] on VIA23 is 133.092
[473680 1393760 475620 1394560] on VIA34 is 133.03
[473650 1394160 475650 1404240] on METAL4 is 135.29
[473650 1404240 475650 1414320] on METAL4 is 137.578
[473680 1403840 475620 1404640] on VIA34 is 135.372
[473680 1403840 475620 1404640] on VIA23 is 135.454
[473680 1403840 475620 1404640] on VIA12 is 135.536
[474650 1403840 715550 1404640] on METAL1 is 152.123
[215690 1403840 474650 1404640] on METAL1 is 135.536
[210690 1403840 215690 1404640] on METAL1 is 109.767
[210820 1403840 220560 1404640] on VIA12 is 109.767
[210690 1404240 220690 1414320] on METAL2 is 113.3
[210690 1414320 220690 1424400] on METAL2 is 117.013
[210820 1413920 220560 1414720] on VIA12 is 113.576
[215690 1413920 474650 1414720] on METAL1 is 137.879
[210690 1413920 215690 1414720] on METAL1 is 113.576
[474650 1413920 715550 1414720] on METAL1 is 153.542
[473680 1413920 475620 1414720] on VIA12 is 137.879
[473680 1413920 475620 1414720] on VIA23 is 137.779
[473680 1413920 475620 1414720] on VIA34 is 137.679
[473650 1414320 475650 1424400] on METAL4 is 139.826
[473650 1424400 475650 1434480] on METAL4 is 142.026
[473680 1424000 475620 1424800] on VIA34 is 139.943
[473680 1424000 475620 1424800] on VIA23 is 140.059
[473680 1424000 475620 1424800] on VIA12 is 140.176
[474650 1424000 715550 1424800] on METAL1 is 154.93
[215690 1424000 474650 1424800] on METAL1 is 140.176
[210690 1424000 215690 1424800] on METAL1 is 117.279
[210820 1424000 220560 1424800] on VIA12 is 117.279
[210690 1424400 220690 1434480] on METAL2 is 120.624
[210690 1434480 220690 1436930] on METAL2 is 121.478
[210820 1434080 220560 1434880] on VIA12 is 120.879
[215690 1434080 474650 1434880] on METAL1 is 142.421
[210690 1434080 215690 1434880] on METAL1 is 120.879
[474650 1434080 715550 1434880] on METAL1 is 156.284
[473680 1434080 475620 1434880] on VIA12 is 142.421
[473680 1434080 475620 1434880] on VIA23 is 142.29
[473680 1434080 475620 1434880] on VIA34 is 142.158
[473650 1434480 475650 1436930] on METAL4 is 142.548
[473650 1436930 475650 1444560] on METAL4 is 144.355
[473670 1435950 475630 1437910] on VIA45 is 142.548
[474650 1435930 715550 1437930] on METAL5 is 155.195
[215690 1435930 474650 1437930] on METAL5 is 141.852
[210690 1435930 215690 1437930] on METAL5 is 122.95
[210805 1435950 220575 1437910] on VIA45 is 122.95
[210820 1436010 220560 1437850] on VIA34 is 122.332
[210820 1436010 220560 1437850] on VIA23 is 121.905
[210690 1436930 220690 1444560] on METAL2 is 123.863
[210690 1444560 220690 1454640] on METAL2 is 126.918
[210820 1444160 220560 1444960] on VIA12 is 124.11
[215690 1444160 474650 1444960] on METAL1 is 144.769
[210690 1444160 215690 1444960] on METAL1 is 124.11
[474650 1444160 715550 1444960] on METAL1 is 157.961
[473680 1444160 475620 1444960] on VIA12 is 144.769
[473680 1444160 475620 1444960] on VIA23 is 144.631
[473680 1444160 475620 1444960] on VIA34 is 144.493
[473650 1444560 475650 1454640] on METAL4 is 146.687
[473650 1454640 475650 1464720] on METAL4 is 148.962
[473680 1454240 475620 1455040] on VIA34 is 146.828
[473680 1454240 475620 1455040] on VIA23 is 146.969
[473680 1454240 475620 1455040] on VIA12 is 147.11
[474650 1454240 715550 1455040] on METAL1 is 159.714
[215690 1454240 474650 1455040] on METAL1 is 147.11
[210690 1454240 215690 1455040] on METAL1 is 127.16
[210820 1454240 220560 1455040] on VIA12 is 127.16
[210690 1454640 220690 1464720] on METAL2 is 129.88
[210690 1464720 220690 1474800] on METAL2 is 132.75
[210820 1464320 220560 1465120] on VIA12 is 130.116
[215690 1464320 474650 1465120] on METAL1 is 149.391
[210690 1464320 215690 1465120] on METAL1 is 130.116
[474650 1464320 715550 1465120] on METAL1 is 161.428
[473680 1464320 475620 1465120] on VIA12 is 149.391
[473680 1464320 475620 1465120] on VIA23 is 149.248
[473680 1464320 475620 1465120] on VIA34 is 149.105
[473650 1464720 475650 1474800] on METAL4 is 151.178
[473650 1474800 475650 1484880] on METAL4 is 153.334
[473680 1474400 475620 1475200] on VIA34 is 151.323
[473680 1474400 475620 1475200] on VIA23 is 151.468
[473680 1474400 475620 1475200] on VIA12 is 151.614
[474650 1474400 715550 1475200] on METAL1 is 163.101
[215690 1474400 474650 1475200] on METAL1 is 151.614
[210690 1474400 215690 1475200] on METAL1 is 132.981
[210820 1474400 220560 1475200] on VIA12 is 132.981
[210690 1474800 220690 1484880] on METAL2 is 135.531
[210690 1484880 220690 1494960] on METAL2 is 138.224
[210820 1484480 220560 1485280] on VIA12 is 135.757
[215690 1484480 474650 1485280] on METAL1 is 153.775
[210690 1484480 215690 1485280] on METAL1 is 135.757
[474650 1484480 715550 1485280] on METAL1 is 164.733
[473680 1484480 475620 1485280] on VIA12 is 153.775
[473680 1484480 475620 1485280] on VIA23 is 153.628
[473680 1484480 475620 1485280] on VIA34 is 153.481
[473650 1484880 475650 1494960] on METAL4 is 155.431
[473650 1494960 475650 1505040] on METAL4 is 157.468
[473680 1494560 475620 1495360] on VIA34 is 155.58
[473680 1494560 475620 1495360] on VIA23 is 155.728
[473680 1494560 475620 1495360] on VIA12 is 155.877
[474650 1494560 715550 1495360] on METAL1 is 166.323
[215690 1494560 474650 1495360] on METAL1 is 155.877
[210690 1494560 215690 1495360] on METAL1 is 138.445
[210820 1494560 220560 1495360] on VIA12 is 138.445
[210690 1494960 220690 1505040] on METAL2 is 140.831
[210690 1505040 220690 1515120] on METAL2 is 143.355
[210820 1504640 220560 1505440] on VIA12 is 141.048
[215690 1504640 474650 1505440] on METAL1 is 157.917
[210690 1504640 215690 1505440] on METAL1 is 141.048
[474650 1504640 715550 1505440] on METAL1 is 167.87
[473680 1504640 475620 1505440] on VIA12 is 157.917
[473680 1504640 475620 1505440] on VIA23 is 157.767
[473680 1504640 475620 1505440] on VIA34 is 157.617
[473650 1505040 475650 1515120] on METAL4 is 159.443
[473650 1515120 475650 1525200] on METAL4 is 161.357
[473680 1514720 475620 1515520] on VIA34 is 159.594
[473680 1514720 475620 1515520] on VIA23 is 159.745
[473680 1514720 475620 1515520] on VIA12 is 159.896
[474650 1514720 715550 1515520] on METAL1 is 169.373
[215690 1514720 474650 1515520] on METAL1 is 159.896
[210690 1514720 215690 1515520] on METAL1 is 143.567
[210820 1514720 220560 1515520] on VIA12 is 143.567
[210690 1515120 220690 1525200] on METAL2 is 145.796
[210690 1525200 220690 1535280] on METAL2 is 148.157
[210820 1524800 220560 1525600] on VIA12 is 146.005
[215690 1524800 474650 1525600] on METAL1 is 161.813
[210690 1524800 215690 1525600] on METAL1 is 146.005
[474650 1524800 715550 1525600] on METAL1 is 170.831
[473680 1524800 475620 1525600] on VIA12 is 161.813
[473680 1524800 475620 1525600] on VIA23 is 161.661
[473680 1524800 475620 1525600] on VIA34 is 161.509
[473650 1525200 475650 1535280] on METAL4 is 163.21
[473650 1535280 475650 1545360] on METAL4 is 165
[473680 1534880 475620 1535680] on VIA34 is 163.362
[473680 1534880 475620 1535680] on VIA23 is 163.515
[473680 1534880 475620 1535680] on VIA12 is 163.668
[474650 1534880 715550 1535680] on METAL1 is 172.243
[215690 1534880 474650 1535680] on METAL1 is 163.668
[210690 1534880 215690 1535680] on METAL1 is 148.361
[210820 1534880 220560 1535680] on VIA12 is 148.361
[210690 1535280 220690 1545360] on METAL2 is 150.438
[210690 1545360 220690 1555440] on METAL2 is 152.642
[210820 1544960 220560 1545760] on VIA12 is 150.639
[215690 1544960 474650 1545760] on METAL1 is 165.461
[210690 1544960 215690 1545760] on METAL1 is 150.639
[474650 1544960 715550 1545760] on METAL1 is 173.608
[473680 1544960 475620 1545760] on VIA12 is 165.461
[473680 1544960 475620 1545760] on VIA23 is 165.307
[473680 1544960 475620 1545760] on VIA34 is 165.153
[473650 1545360 475650 1555440] on METAL4 is 166.727
[473650 1555440 475650 1565520] on METAL4 is 168.391
[473680 1555040 475620 1555840] on VIA34 is 166.882
[473680 1555040 475620 1555840] on VIA23 is 167.036
[473680 1555040 475620 1555840] on VIA12 is 167.191
[474650 1555040 715550 1555840] on METAL1 is 174.925
[215690 1555040 474650 1555840] on METAL1 is 167.191
[210690 1555040 215690 1555840] on METAL1 is 152.839
[210820 1555040 220560 1555840] on VIA12 is 152.839
[210690 1555440 220690 1565520] on METAL2 is 154.77
[210690 1565520 220690 1575600] on METAL2 is 156.824
[210820 1565120 220560 1565920] on VIA12 is 154.963
[215690 1565120 474650 1565920] on METAL1 is 168.859
[210690 1565120 215690 1565920] on METAL1 is 154.963
[474650 1565120 715550 1565920] on METAL1 is 176.192
[473680 1565120 475620 1565920] on VIA12 is 168.859
[473680 1565120 475620 1565920] on VIA23 is 168.703
[473680 1565120 475620 1565920] on VIA34 is 168.547
[473650 1565520 475650 1575600] on METAL4 is 169.992
[473650 1575600 475650 1585680] on METAL4 is 171.53
[473680 1575200 475620 1576000] on VIA34 is 170.149
[473680 1575200 475620 1576000] on VIA23 is 170.306
[473680 1575200 475620 1576000] on VIA12 is 170.463
[474650 1575200 715550 1576000] on METAL1 is 177.409
[215690 1575200 474650 1576000] on METAL1 is 170.463
[210690 1575200 215690 1576000] on METAL1 is 157.013
[210820 1575200 220560 1576000] on VIA12 is 157.013
[210690 1575600 220690 1585680] on METAL2 is 158.804
[210690 1585680 220690 1595760] on METAL2 is 160.712
[210820 1585280 220560 1586080] on VIA12 is 158.99
[215690 1585280 474650 1586080] on METAL1 is 172.004
[210690 1585280 215690 1586080] on METAL1 is 158.99
[474650 1585280 715550 1586080] on METAL1 is 178.574
[473680 1585280 475620 1586080] on VIA12 is 172.004
[473680 1585280 475620 1586080] on VIA23 is 171.846
[473680 1585280 475620 1586080] on VIA34 is 171.688
[473650 1585680 475650 1595760] on METAL4 is 173.002
[473650 1595760 475650 1605840] on METAL4 is 174.41
[473680 1595360 475620 1596160] on VIA34 is 173.162
[473680 1595360 475620 1596160] on VIA23 is 173.321
[473680 1595360 475620 1596160] on VIA12 is 173.481
[474650 1595360 715550 1596160] on METAL1 is 179.686
[215690 1595360 474650 1596160] on METAL1 is 173.481
[210690 1595360 215690 1596160] on METAL1 is 160.894
[210820 1595360 220560 1596160] on VIA12 is 160.894
[210690 1595760 220690 1605840] on METAL2 is 162.549
[210690 1605840 220690 1615920] on METAL2 is 164.317
[210820 1605440 220560 1606240] on VIA12 is 162.728
[215690 1605440 474650 1606240] on METAL1 is 174.893
[210690 1605440 215690 1606240] on METAL1 is 162.728
[474650 1605440 715550 1606240] on METAL1 is 180.743
[473680 1605440 475620 1606240] on VIA12 is 174.893
[473680 1605440 475620 1606240] on VIA23 is 174.732
[473680 1605440 475620 1606240] on VIA34 is 174.571
[473650 1605840 475650 1615920] on METAL4 is 175.752
[473650 1615920 475650 1626000] on METAL4 is 177.029
[473680 1615520 475620 1616320] on VIA34 is 175.915
[473680 1615520 475620 1616320] on VIA23 is 176.078
[473680 1615520 475620 1616320] on VIA12 is 176.24
[474650 1615520 715550 1616320] on METAL1 is 181.744
[215690 1615520 474650 1616320] on METAL1 is 176.24
[210690 1615520 215690 1616320] on METAL1 is 164.493
[210820 1615520 220560 1616320] on VIA12 is 164.493
[210690 1615920 220690 1626000] on METAL2 is 166.018
[210690 1626000 220690 1636080] on METAL2 is 167.651
[210820 1625600 220560 1626400] on VIA12 is 166.19
[215690 1625600 474650 1626400] on METAL1 is 177.522
[210690 1625600 215690 1626400] on METAL1 is 166.19
[474650 1625600 715550 1626400] on METAL1 is 182.688
[473680 1625600 475620 1626400] on VIA12 is 177.522
[473680 1625600 475620 1626400] on VIA23 is 177.358
[473680 1625600 475620 1626400] on VIA34 is 177.193
[473650 1626000 475650 1636080] on METAL4 is 178.238
[473650 1636080 475650 1646160] on METAL4 is 179.379
[473680 1635680 475620 1636480] on VIA34 is 178.404
[473680 1635680 475620 1636480] on VIA23 is 178.571
[473680 1635680 475620 1636480] on VIA12 is 178.738
[474650 1635680 715550 1636480] on METAL1 is 183.572
[215690 1635680 474650 1636480] on METAL1 is 178.738
[210690 1635680 215690 1636480] on METAL1 is 167.82
[210820 1635680 220560 1636480] on VIA12 is 167.82
[210690 1636080 220690 1646160] on METAL2 is 169.219
[210690 1646160 220690 1656240] on METAL2 is 170.723
[210820 1645760 220560 1646560] on VIA12 is 169.385
[215690 1645760 474650 1646560] on METAL1 is 179.887
[210690 1645760 215690 1646560] on METAL1 is 169.385
[474650 1645760 715550 1646560] on METAL1 is 184.396
[473680 1645760 475620 1646560] on VIA12 is 179.887
[473680 1645760 475620 1646560] on VIA23 is 179.717
[473680 1645760 475620 1646560] on VIA34 is 179.548
[473650 1646160 475650 1656240] on METAL4 is 180.451
[473650 1656240 475650 1666320] on METAL4 is 181.453
[473680 1655840 475620 1656640] on VIA34 is 180.623
[473680 1655840 475620 1656640] on VIA23 is 180.795
[473680 1655840 475620 1656640] on VIA12 is 180.968
[474650 1655840 715550 1656640] on METAL1 is 185.157
[215690 1655840 474650 1656640] on METAL1 is 180.968
[210690 1655840 215690 1656640] on METAL1 is 170.886
[210820 1655840 220560 1656640] on VIA12 is 170.886
[210690 1656240 220690 1666320] on METAL2 is 172.165
[210690 1666320 220690 1676400] on METAL2 is 173.544
[210820 1665920 220560 1666720] on VIA12 is 172.323
[215690 1665920 474650 1666720] on METAL1 is 181.98
[210690 1665920 215690 1666720] on METAL1 is 172.323
[474650 1665920 715550 1666720] on METAL1 is 185.853
[473680 1665920 475620 1666720] on VIA12 is 181.98
[473680 1665920 475620 1666720] on VIA23 is 181.804
[473680 1665920 475620 1666720] on VIA34 is 181.628
[473650 1666320 475650 1676400] on METAL4 is 182.383
[473650 1676400 475650 1677280] on METAL4 is 182.383
[473680 1676000 475620 1676800] on VIA34 is 182.563
[473680 1676000 475620 1676800] on VIA23 is 182.742
[473680 1676000 475620 1676800] on VIA12 is 182.921
[474650 1676000 715550 1676800] on METAL1 is 186.484
[215690 1676000 474650 1676800] on METAL1 is 182.921
[210690 1676000 215690 1676800] on METAL1 is 173.7
[210820 1676000 220560 1676800] on VIA12 is 173.7
[210690 1676400 220690 1677280] on METAL2 is 173.544
[210690 1677280 220690 1686480] on METAL2 is 174.598
[210820 1676360 220560 1678200] on VIA23 is 173.717
[210820 1676360 220560 1678200] on VIA34 is 173.889
[210805 1676300 220575 1678260] on VIA45 is 174.139
[215690 1676280 474650 1678280] on METAL5 is 181.771
[210690 1676280 215690 1678280] on METAL5 is 174.139
[474650 1676280 715550 1678280] on METAL5 is 185.138
[473670 1676300 475630 1678260] on VIA45 is 182.383
[473650 1677280 475650 1686480] on METAL4 is 183.342
[473650 1686480 475650 1696560] on METAL4 is 184.321
[473680 1686080 475620 1686880] on VIA34 is 183.52
[473680 1686080 475620 1686880] on VIA23 is 183.697
[473680 1686080 475620 1686880] on VIA12 is 183.874
[474650 1686080 715550 1686880] on METAL1 is 187.285
[215690 1686080 474650 1686880] on METAL1 is 183.874
[210690 1686080 215690 1686880] on METAL1 is 174.753
[210820 1686080 220560 1686880] on VIA12 is 174.753
[210690 1686480 220690 1696560] on METAL2 is 175.693
[210690 1696560 220690 1706640] on METAL2 is 176.729
[210820 1696160 220560 1696960] on VIA12 is 175.847
[215690 1696160 474650 1696960] on METAL1 is 184.846
[210690 1696160 215690 1696960] on METAL1 is 175.847
[474650 1696160 715550 1696960] on METAL1 is 188.094
[473680 1696160 475620 1696960] on VIA12 is 184.846
[473680 1696160 475620 1696960] on VIA23 is 184.671
[473680 1696160 475620 1696960] on VIA34 is 184.496
[473650 1696560 475650 1706640] on METAL4 is 185.229
[473650 1706640 475650 1716720] on METAL4 is 186.066
[473680 1706240 475620 1707040] on VIA34 is 185.402
[473680 1706240 475620 1707040] on VIA23 is 185.576
[473680 1706240 475620 1707040] on VIA12 is 185.749
[474650 1706240 715550 1707040] on METAL1 is 188.834
[215690 1706240 474650 1707040] on METAL1 is 185.749
[210690 1706240 215690 1707040] on METAL1 is 176.882
[210820 1706240 220560 1707040] on VIA12 is 176.882
[210690 1706640 220690 1716720] on METAL2 is 177.706
[210690 1716720 220690 1726800] on METAL2 is 178.624
[210820 1716320 220560 1717120] on VIA12 is 177.857
[215690 1716320 474650 1717120] on METAL1 is 186.582
[210690 1716320 215690 1717120] on METAL1 is 177.857
[474650 1716320 715550 1717120] on METAL1 is 189.503
[473680 1716320 475620 1717120] on VIA12 is 186.582
[473680 1716320 475620 1717120] on VIA23 is 186.41
[473680 1716320 475620 1717120] on VIA34 is 186.238
[473650 1716720 475650 1726800] on METAL4 is 186.833
[473650 1726800 475650 1736880] on METAL4 is 187.53
[473680 1726400 475620 1727200] on VIA34 is 187.004
[473680 1726400 475620 1727200] on VIA23 is 187.175
[473680 1726400 475620 1727200] on VIA12 is 187.346
[474650 1726400 715550 1727200] on METAL1 is 190.102
[215690 1726400 474650 1727200] on METAL1 is 187.346
[210690 1726400 215690 1727200] on METAL1 is 178.774
[210820 1726400 220560 1727200] on VIA12 is 178.774
[210690 1726800 220690 1736880] on METAL2 is 179.484
[210690 1736880 220690 1746960] on METAL2 is 180.286
[210820 1736480 220560 1737280] on VIA12 is 179.632
[215690 1736480 474650 1737280] on METAL1 is 188.041
[210690 1736480 215690 1737280] on METAL1 is 179.632
[474650 1736480 715550 1737280] on METAL1 is 190.629
[473680 1736480 475620 1737280] on VIA12 is 188.041
[473680 1736480 475620 1737280] on VIA23 is 187.871
[473680 1736480 475620 1737280] on VIA34 is 187.701
[473650 1736880 475650 1746960] on METAL4 is 188.158
[473650 1746960 475650 1757040] on METAL4 is 188.717
[473680 1746560 475620 1747360] on VIA34 is 188.328
[473680 1746560 475620 1747360] on VIA23 is 188.498
[473680 1746560 475620 1747360] on VIA12 is 188.668
[474650 1746560 715550 1747360] on METAL1 is 191.083
[215690 1746560 474650 1747360] on METAL1 is 188.668
[210690 1746560 215690 1747360] on METAL1 is 180.433
[210820 1746560 220560 1747360] on VIA12 is 180.433
[210690 1746960 220690 1757040] on METAL2 is 181.031
[210690 1757040 220690 1767120] on METAL2 is 181.72
[210820 1756640 220560 1757440] on VIA12 is 181.177
[215690 1756640 474650 1757440] on METAL1 is 189.226
[210690 1756640 215690 1757440] on METAL1 is 181.177
[474650 1756640 715550 1757440] on METAL1 is 191.463
[473680 1756640 475620 1757440] on VIA12 is 189.226
[473680 1756640 475620 1757440] on VIA23 is 189.056
[473680 1756640 475620 1757440] on VIA34 is 188.886
[473650 1757040 475650 1767120] on METAL4 is 189.206
[473650 1767120 475650 1777200] on METAL4 is 189.627
[473680 1766720 475620 1767520] on VIA34 is 189.376
[473680 1766720 475620 1767520] on VIA23 is 189.546
[473680 1766720 475620 1767520] on VIA12 is 189.715
[474650 1766720 715550 1767520] on METAL1 is 191.768
[215690 1766720 474650 1767520] on METAL1 is 189.715
[210690 1766720 215690 1767520] on METAL1 is 181.864
[210820 1766720 220560 1767520] on VIA12 is 181.864
[210690 1767120 220690 1777200] on METAL2 is 182.353
[210690 1777200 220690 1787280] on METAL2 is 182.931
[210820 1776800 220560 1777600] on VIA12 is 182.496
[215690 1776800 474650 1777600] on METAL1 is 190.136
[210690 1776800 215690 1777600] on METAL1 is 182.496
[474650 1776800 715550 1777600] on METAL1 is 191.997
[473680 1776800 475620 1777600] on VIA12 is 190.136
[473680 1776800 475620 1777600] on VIA23 is 189.966
[473680 1776800 475620 1777600] on VIA34 is 189.796
[473650 1777200 475650 1787280] on METAL4 is 189.978
[473650 1787280 475650 1797360] on METAL4 is 190.26
[473680 1786880 475620 1787680] on VIA34 is 190.148
[473680 1786880 475620 1787680] on VIA23 is 190.318
[473680 1786880 475620 1787680] on VIA12 is 190.489
[474650 1786880 715550 1787680] on METAL1 is 192.149
[215690 1786880 474650 1787680] on METAL1 is 190.489
[210690 1786880 215690 1787680] on METAL1 is 183.072
[210820 1786880 220560 1787680] on VIA12 is 183.072
[210690 1787280 220690 1797360] on METAL2 is 183.454
[210690 1797360 220690 1807440] on METAL2 is 183.923
[210820 1796960 220560 1797760] on VIA12 is 183.593
[215690 1796960 474650 1797760] on METAL1 is 190.772
[210690 1796960 215690 1797760] on METAL1 is 183.593
[474650 1796960 715550 1797760] on METAL1 is 192.223
[473680 1796960 475620 1797760] on VIA12 is 190.772
[473680 1796960 475620 1797760] on VIA23 is 190.601
[473680 1796960 475620 1797760] on VIA34 is 190.43
[473650 1797360 475650 1807440] on METAL4 is 190.472
[473650 1807440 475650 1817520] on METAL4 is 190.614
[473680 1807040 475620 1807840] on VIA34 is 190.643
[473680 1807040 475620 1807840] on VIA23 is 190.815
[473680 1807040 475620 1807840] on VIA12 is 190.986
[474650 1807040 715550 1807840] on METAL1 is 192.217
[215690 1807040 474650 1807840] on METAL1 is 190.986
[210690 1807040 215690 1807840] on METAL1 is 184.06
[210820 1807040 220560 1807840] on VIA12 is 184.06
[210690 1807440 220690 1817520] on METAL2 is 184.34
[210690 1817520 220690 1827600] on METAL2 is 184.704
[210820 1817120 220560 1817920] on VIA12 is 184.475
[215690 1817120 474650 1817920] on METAL1 is 191.131
[210690 1817120 215690 1817920] on METAL1 is 184.475
[474650 1817120 715550 1817920] on METAL1 is 192.13
[473680 1817120 475620 1817920] on VIA12 is 191.131
[473680 1817120 475620 1817920] on VIA23 is 190.959
[473680 1817120 475620 1817920] on VIA34 is 190.787
[473650 1817520 475650 1827600] on METAL4 is 190.687
[473650 1827600 475650 1837680] on METAL4 is 190.689
[473680 1827200 475620 1828000] on VIA34 is 190.86
[473680 1827200 475620 1828000] on VIA23 is 191.033
[473680 1827200 475620 1828000] on VIA12 is 191.206
[474650 1827200 715550 1828000] on METAL1 is 191.96
[215690 1827200 474650 1828000] on METAL1 is 191.206
[210690 1827200 215690 1828000] on METAL1 is 184.837
[210820 1827200 220560 1828000] on VIA12 is 184.837
[210690 1827600 220690 1837680] on METAL2 is 185.017
[210690 1837680 220690 1847760] on METAL2 is 185.28
[210820 1837280 220560 1838080] on VIA12 is 185.147
[215690 1837280 474650 1838080] on METAL1 is 191.211
[210690 1837280 215690 1838080] on METAL1 is 185.147
[474650 1837280 715550 1838080] on METAL1 is 191.707
[473680 1837280 475620 1838080] on VIA12 is 191.211
[473680 1837280 475620 1838080] on VIA23 is 191.037
[473680 1837280 475620 1838080] on VIA34 is 190.863
[473650 1837680 475650 1847760] on METAL4 is 190.689
[473650 1847760 475650 1857840] on METAL4 is 190.62
[473680 1847360 475620 1848160] on VIA34 is 190.795
[473680 1847360 475620 1848160] on VIA23 is 190.97
[473680 1847360 475620 1848160] on VIA12 is 191.146
[474650 1847360 715550 1848160] on METAL1 is 191.369
[215690 1847360 474650 1848160] on METAL1 is 191.146
[210690 1847360 215690 1848160] on METAL1 is 185.408
[210820 1847360 220560 1848160] on VIA12 is 185.408
[210690 1847760 220690 1857840] on METAL2 is 185.494
[210690 1857840 220690 1867920] on METAL2 is 185.659
[210820 1857440 220560 1858240] on VIA12 is 185.619
[215690 1857440 474650 1858240] on METAL1 is 191.01
[210690 1857440 215690 1858240] on METAL1 is 185.619
[474650 1857440 715550 1858240] on METAL1 is 191.01
[473680 1857440 475620 1858240] on VIA12 is 191.01
[473680 1857440 475620 1858240] on VIA23 is 190.833
[473680 1857440 475620 1858240] on VIA34 is 190.656
[473650 1857840 475650 1867920] on METAL4 is 190.479
[473650 1867920 475650 1878000] on METAL4 is 190.267
[473680 1867520 475620 1868320] on VIA34 is 190.445
[473680 1867520 475620 1868320] on VIA23 is 190.624
[473680 1867520 475620 1868320] on VIA12 is 190.802
[474650 1867520 715550 1868320] on METAL1 is 190.802
[215690 1867520 474650 1868320] on METAL1 is 190.802
[210690 1867520 215690 1868320] on METAL1 is 185.781
[210820 1867520 220560 1868320] on VIA12 is 185.781
[210690 1867920 220690 1878000] on METAL2 is 185.778
[210690 1878000 220690 1888080] on METAL2 is 185.85
[210820 1877600 220560 1878400] on VIA12 is 185.896
[215690 1877600 474650 1878400] on METAL1 is 190.522
[210690 1877600 215690 1878400] on METAL1 is 185.896
[474650 1877600 715550 1878400] on METAL1 is 190.522
[473680 1877600 475620 1878400] on VIA12 is 190.522
[473680 1877600 475620 1878400] on VIA23 is 190.342
[473680 1877600 475620 1878400] on VIA34 is 190.162
[473650 1878000 475650 1888080] on METAL4 is 189.982
[473650 1888080 475650 1898160] on METAL4 is 189.623
[473680 1887680 475620 1888480] on VIA34 is 189.806
[473680 1887680 475620 1888480] on VIA23 is 189.988
[473680 1887680 475620 1888480] on VIA12 is 190.17
[474650 1887680 715550 1888480] on METAL1 is 190.17
[215690 1887680 474650 1888480] on METAL1 is 190.17
[210690 1887680 215690 1888480] on METAL1 is 185.965
[210820 1887680 220560 1888480] on VIA12 is 185.965
[210690 1888080 220690 1898160] on METAL2 is 185.878
[210690 1898160 220690 1908240] on METAL2 is 185.878
[210820 1897760 220560 1898560] on VIA12 is 185.99
[215690 1897760 474650 1898560] on METAL1 is 189.744
[210690 1897760 215690 1898560] on METAL1 is 185.99
[474650 1897760 715550 1898560] on METAL1 is 189.744
[473680 1897760 475620 1898560] on VIA12 is 189.744
[473680 1897760 475620 1898560] on VIA23 is 189.56
[473680 1897760 475620 1898560] on VIA34 is 189.375
[473650 1898160 475650 1908240] on METAL4 is 189.191
[473650 1908240 475650 1917630] on METAL4 is 188.683
[473680 1907840 475620 1908640] on VIA34 is 188.87
[473680 1907840 475620 1908640] on VIA23 is 189.058
[473680 1907840 475620 1908640] on VIA12 is 189.245
[474650 1907840 715550 1908640] on METAL1 is 189.245
[215690 1907840 474650 1908640] on METAL1 is 189.245
[210690 1907840 215690 1908640] on METAL1 is 185.971
[210820 1907840 220560 1908640] on VIA12 is 185.971
[210690 1908240 220690 1917630] on METAL2 is 185.863
[210690 1917630 220690 1918320] on METAL2 is 185.81
[210820 1916710 220560 1918550] on VIA23 is 185.846
[210820 1916710 220560 1918550] on VIA34 is 185.882
[210805 1916650 220575 1918610] on VIA45 is 185.934
[215690 1916630 474650 1918630] on METAL5 is 187.527
[210690 1916630 215690 1918630] on METAL5 is 185.934
[474650 1916630 715550 1918630] on METAL5 is 187.527
[473670 1916650 475630 1918610] on VIA45 is 188.139
[473650 1917630 475650 1918320] on METAL4 is 188.139
[473650 1918320 475650 1928400] on METAL4 is 188.139
[473680 1917920 475620 1918720] on VIA34 is 188.329
[473680 1917920 475620 1918720] on VIA23 is 188.519
[473680 1917920 475620 1918720] on VIA12 is 188.709
[474650 1917920 715550 1918720] on METAL1 is 188.709
[215690 1917920 474650 1918720] on METAL1 is 188.709
[210690 1917920 215690 1918720] on METAL1 is 185.914
[210820 1917920 220560 1918720] on VIA12 is 185.914
[210690 1918320 220690 1928400] on METAL2 is 185.81
[210690 1928400 220690 1938480] on METAL2 is 185.655
[210820 1928000 220560 1928800] on VIA12 is 185.756
[215690 1928000 474650 1928800] on METAL1 is 188.225
[210690 1928000 215690 1928800] on METAL1 is 185.756
[474650 1928000 715550 1928800] on METAL1 is 188.225
[473680 1928000 475620 1928800] on VIA12 is 188.225
[473680 1928000 475620 1928800] on VIA23 is 188.04
[473680 1928000 475620 1928800] on VIA34 is 187.856
[473650 1928400 475650 1938480] on METAL4 is 187.672
[473650 1938480 475650 1948560] on METAL4 is 187.129
[473680 1938080 475620 1938880] on VIA34 is 187.308
[473680 1938080 475620 1938880] on VIA23 is 187.487
[473680 1938080 475620 1938880] on VIA12 is 187.666
[474650 1938080 715550 1938880] on METAL1 is 187.666
[215690 1938080 474650 1938880] on METAL1 is 187.666
[210690 1938080 215690 1938880] on METAL1 is 185.558
[210820 1938080 220560 1938880] on VIA12 is 185.558
[210690 1938480 220690 1948560] on METAL2 is 185.459
[210690 1948560 220690 1958640] on METAL2 is 185.226
[210820 1948160 220560 1948960] on VIA12 is 185.321
[215690 1948160 474650 1948960] on METAL1 is 187.035
[210690 1948160 215690 1948960] on METAL1 is 185.321
[474650 1948160 715550 1948960] on METAL1 is 187.035
[473680 1948160 475620 1948960] on VIA12 is 187.035
[473680 1948160 475620 1948960] on VIA23 is 186.861
[473680 1948160 475620 1948960] on VIA34 is 186.687
[473650 1948560 475650 1958640] on METAL4 is 186.513
[473650 1958640 475650 1968720] on METAL4 is 185.827
[473680 1958240 475620 1959040] on VIA34 is 185.996
[473680 1958240 475620 1959040] on VIA23 is 186.165
[473680 1958240 475620 1959040] on VIA12 is 186.334
[474650 1958240 715550 1959040] on METAL1 is 186.334
[215690 1958240 474650 1959040] on METAL1 is 186.334
[210690 1958240 215690 1959040] on METAL1 is 185.048
[210820 1958240 220560 1959040] on VIA12 is 185.048
[210690 1958640 220690 1968720] on METAL2 is 184.957
[210690 1968720 220690 1978800] on METAL2 is 184.651
[210820 1968320 220560 1969120] on VIA12 is 184.739
[215690 1968320 474650 1969120] on METAL1 is 185.564
[210690 1968320 215690 1969120] on METAL1 is 184.739
[474650 1968320 715550 1969120] on METAL1 is 185.564
[473680 1968320 475620 1969120] on VIA12 is 185.564
[473680 1968320 475620 1969120] on VIA23 is 185.4
[473680 1968320 475620 1969120] on VIA34 is 185.236
[473650 1968720 475650 1978800] on METAL4 is 185.072
[473650 1978800 475650 1988880] on METAL4 is 184.249
[473680 1978400 475620 1979200] on VIA34 is 184.409
[473680 1978400 475620 1979200] on VIA23 is 184.568
[473680 1978400 475620 1979200] on VIA12 is 184.727
[474650 1978400 715550 1979200] on METAL1 is 184.727
[215690 1978400 474650 1979200] on METAL1 is 184.727
[210690 1978400 215690 1979200] on METAL1 is 184.396
[210820 1978400 220560 1979200] on VIA12 is 184.396
[210690 1978800 220690 1988880] on METAL2 is 184.312
[210690 1988880 220690 1998960] on METAL2 is 183.941
[210820 1988480 220560 1989280] on VIA12 is 184.02
[215690 1988480 474650 1989280] on METAL1 is 184.02
[210690 1988480 215690 1989280] on METAL1 is 184.02
[474650 1988480 715550 1989280] on METAL1 is 183.825
[473680 1988480 475620 1989280] on VIA12 is 183.825
[473680 1988480 475620 1989280] on VIA23 is 183.671
[473680 1988480 475620 1989280] on VIA34 is 183.517
[473650 1988880 475650 1998960] on METAL4 is 183.362
[473650 1998960 475650 2009040] on METAL4 is 182.412
[473680 1998560 475620 1999360] on VIA34 is 182.562
[473680 1998560 475620 1999360] on VIA23 is 182.711
[473680 1998560 475620 1999360] on VIA12 is 182.86
[474650 1998560 715550 1999360] on METAL1 is 182.86
[215690 1998560 474650 1999360] on METAL1 is 183.613
[210690 1998560 215690 1999360] on METAL1 is 183.613
[210820 1998560 220560 1999360] on VIA12 is 183.613
[210690 1998960 220690 2009040] on METAL2 is 183.538
[210690 2009040 220690 2019120] on METAL2 is 183.107
[210820 2008640 220560 2009440] on VIA12 is 183.177
[215690 2008640 474650 2009440] on METAL1 is 183.177
[210690 2008640 215690 2009440] on METAL1 is 183.177
[474650 2008640 715550 2009440] on METAL1 is 181.833
[473680 2008640 475620 2009440] on VIA12 is 181.833
[473680 2008640 475620 2009440] on VIA23 is 181.689
[473680 2008640 475620 2009440] on VIA34 is 181.546
[473650 2009040 475650 2019120] on METAL4 is 181.402
[473650 2019120 475650 2029200] on METAL4 is 180.332
[473680 2018720 475620 2019520] on VIA34 is 180.471
[473680 2018720 475620 2019520] on VIA23 is 180.609
[473680 2018720 475620 2019520] on VIA12 is 180.747
[474650 2018720 715550 2019520] on METAL1 is 180.747
[215690 2018720 474650 2019520] on METAL1 is 182.713
[210690 2018720 215690 2019520] on METAL1 is 182.713
[210820 2018720 220560 2019520] on VIA12 is 182.713
[210690 2019120 220690 2029200] on METAL2 is 182.648
[210690 2029200 220690 2039280] on METAL2 is 182.164
[210820 2028800 220560 2029600] on VIA12 is 182.224
[215690 2028800 474650 2029600] on METAL1 is 182.224
[210690 2028800 215690 2029600] on METAL1 is 182.224
[474650 2028800 715550 2029600] on METAL1 is 179.604
[473680 2028800 475620 2029600] on VIA12 is 179.604
[473680 2028800 475620 2029600] on VIA23 is 179.472
[473680 2028800 475620 2029600] on VIA34 is 179.339
[473650 2029200 475650 2039280] on METAL4 is 179.207
[473650 2039280 475650 2049360] on METAL4 is 178.027
[473680 2038880 475620 2039680] on VIA34 is 178.153
[473680 2038880 475620 2039680] on VIA23 is 178.28
[473680 2038880 475620 2039680] on VIA12 is 178.406
[474650 2038880 715550 2039680] on METAL1 is 178.406
[215690 2038880 474650 2039680] on METAL1 is 181.711
[210690 2038880 215690 2039680] on METAL1 is 181.711
[210820 2038880 220560 2039680] on VIA12 is 181.711
[210690 2039280 220690 2049360] on METAL2 is 181.657
[210690 2049360 220690 2059440] on METAL2 is 181.129
[210820 2048960 220560 2049760] on VIA12 is 181.177
[215690 2048960 474650 2049760] on METAL1 is 181.177
[210690 2048960 215690 2049760] on METAL1 is 181.177
[474650 2048960 715550 2049760] on METAL1 is 177.155
[473680 2048960 475620 2049760] on VIA12 is 177.155
[473680 2048960 475620 2049760] on VIA23 is 177.036
[473680 2048960 475620 2049760] on VIA34 is 176.916
[473650 2049360 475650 2059440] on METAL4 is 176.796
[473650 2059440 475650 2069520] on METAL4 is 175.517
[473680 2059040 475620 2059840] on VIA34 is 175.629
[473680 2059040 475620 2059840] on VIA23 is 175.742
[473680 2059040 475620 2059840] on VIA12 is 175.855
[474650 2059040 715550 2059840] on METAL1 is 175.855
[215690 2059040 474650 2059840] on METAL1 is 180.624
[210690 2059040 215690 2059840] on METAL1 is 180.624
[210820 2059040 220560 2059840] on VIA12 is 180.624
[210690 2059440 220690 2069520] on METAL2 is 180.581
[210690 2069520 220690 2079600] on METAL2 is 180.018
[210820 2069120 220560 2069920] on VIA12 is 180.054
[215690 2069120 474650 2069920] on METAL1 is 180.054
[210690 2069120 215690 2069920] on METAL1 is 180.054
[474650 2069120 715550 2069920] on METAL1 is 174.507
[473680 2069120 475620 2069920] on VIA12 is 174.507
[473680 2069120 475620 2069920] on VIA23 is 174.402
[473680 2069120 475620 2069920] on VIA34 is 174.297
[473650 2069520 475650 2079600] on METAL4 is 174.191
[473650 2079600 475650 2089680] on METAL4 is 172.823
[473680 2079200 475620 2080000] on VIA34 is 172.92
[473680 2079200 475620 2080000] on VIA23 is 173.018
[473680 2079200 475620 2080000] on VIA12 is 173.116
[474650 2079200 715550 2080000] on METAL1 is 173.116
[215690 2079200 474650 2080000] on METAL1 is 179.47
[210690 2079200 215690 2080000] on METAL1 is 179.47
[210820 2079200 220560 2080000] on VIA12 is 179.47
[210690 2079600 220690 2089680] on METAL2 is 179.44
[210690 2089680 220690 2099760] on METAL2 is 178.85
[210820 2089280 220560 2090080] on VIA12 is 178.874
[215690 2089280 474650 2090080] on METAL1 is 178.874
[210690 2089280 215690 2090080] on METAL1 is 178.874
[474650 2089280 715550 2090080] on METAL1 is 171.683
[473680 2089280 475620 2090080] on VIA12 is 171.683
[473680 2089280 475620 2090080] on VIA23 is 171.594
[473680 2089280 475620 2090080] on VIA34 is 171.504
[473650 2089680 475650 2099760] on METAL4 is 171.415
[473650 2099760 475650 2109840] on METAL4 is 169.97
[473680 2099360 475620 2100160] on VIA34 is 170.052
[473680 2099360 475620 2100160] on VIA23 is 170.133
[473680 2099360 475620 2100160] on VIA12 is 170.214
[474650 2099360 715550 2100160] on METAL1 is 170.214
[215690 2099360 474650 2100160] on METAL1 is 178.268
[210690 2099360 215690 2100160] on METAL1 is 178.268
[210820 2099360 220560 2100160] on VIA12 is 178.268
[210690 2099760 220690 2109840] on METAL2 is 178.252
[210690 2109840 220690 2119920] on METAL2 is 177.647
[210820 2109440 220560 2110240] on VIA12 is 177.656
[215690 2109440 474650 2110240] on METAL1 is 177.656
[210690 2109440 215690 2110240] on METAL1 is 177.656
[474650 2109440 715550 2110240] on METAL1 is 168.711
[473680 2109440 475620 2110240] on VIA12 is 168.711
[473680 2109440 475620 2110240] on VIA23 is 168.638
[473680 2109440 475620 2110240] on VIA34 is 168.565
[473650 2109840 475650 2119920] on METAL4 is 168.493
[473650 2119920 475650 2130000] on METAL4 is 166.986
[473680 2119520 475620 2120320] on VIA34 is 167.05
[473680 2119520 475620 2120320] on VIA23 is 167.114
[473680 2119520 475620 2120320] on VIA12 is 167.178
[474650 2119520 715550 2120320] on METAL1 is 167.178
[215690 2119520 474650 2120320] on METAL1 is 177.04
[210690 2119520 215690 2120320] on METAL1 is 177.04
[210820 2119520 220560 2120320] on VIA12 is 177.04
[210690 2119920 220690 2130000] on METAL2 is 177.039
[210690 2130000 220690 2140080] on METAL2 is 176.429
[210820 2129600 220560 2130400] on VIA12 is 176.429
[215690 2129600 474650 2130400] on METAL1 is 176.424
[210690 2129600 215690 2130400] on METAL1 is 176.424
[474650 2129600 715550 2130400] on METAL1 is 165.619
[473680 2129600 475620 2130400] on VIA12 is 165.619
[473680 2129600 475620 2130400] on VIA23 is 165.564
[473680 2129600 475620 2130400] on VIA34 is 165.508
[473650 2130000 475650 2140080] on METAL4 is 165.452
[473650 2140080 475650 2150160] on METAL4 is 163.896
[473680 2139680 475620 2140480] on VIA34 is 163.944
[473680 2139680 475620 2140480] on VIA23 is 163.991
[473680 2139680 475620 2140480] on VIA12 is 164.039
[474650 2139680 715550 2140480] on METAL1 is 164.039
[215690 2139680 474650 2140480] on METAL1 is 175.809
[210690 2139680 215690 2140480] on METAL1 is 175.809
[210820 2139680 220560 2140480] on VIA12 is 175.823
[210690 2140080 220690 2150160] on METAL2 is 175.823
[210690 2150160 220690 2179510] on METAL2 is 175.221
[210820 2149760 220560 2150560] on VIA12 is 175.221
[215690 2149760 474650 2150560] on METAL1 is 175.2
[210690 2149760 215690 2150560] on METAL1 is 175.2
[474650 2149760 715550 2150560] on METAL1 is 162.441
[473680 2149760 475620 2150560] on VIA12 is 162.441
[473680 2149760 475620 2150560] on VIA23 is 162.401
[473680 2149760 475620 2150560] on VIA34 is 162.361
[473650 2150160 475650 2179510] on METAL4 is 162.321
[473650 2179510 475650 2184510] on METAL4 is 157.687
[473680 2174690 475620 2184330] on VIA34 is 157.687
[474650 2174510 715550 2184510] on METAL3 is 157.275
[215690 2174510 474650 2184510] on METAL3 is 173.324
[210690 2174510 215690 2184510] on METAL3 is 173.324
[210820 2174690 220560 2184330] on VIA23 is 173.494
[210690 2179510 220690 2184510] on METAL2 is 173.494
[715550 2174510 955790 2184510] on METAL3 is 133.989
[714580 2174690 716520 2184330] on VIA34 is 134.657
[714550 2150160 716550 2179510] on METAL4 is 142.191
[714550 2179510 716550 2184510] on METAL4 is 134.657
[714550 2140080 716550 2150160] on METAL4 is 144.782
[714580 2149760 716520 2150560] on VIA34 is 142.191
[714580 2149760 716520 2150560] on VIA23 is 142.182
[714580 2149760 716520 2150560] on VIA12 is 142.173
[715550 2149760 955790 2150560] on METAL1 is 142.164
[955790 2149760 1196690 2150560] on METAL1 is 112.365
[954820 2149760 956760 2150560] on VIA12 is 112.365
[954820 2149760 956760 2150560] on VIA23 is 112.24
[954820 2149760 956760 2150560] on VIA34 is 112.115
[954790 2140080 956790 2150160] on METAL4 is 116.452
[954790 2150160 956790 2179510] on METAL4 is 111.99
[954790 2179510 956790 2184510] on METAL4 is 98.85
[954820 2174690 956760 2184330] on VIA34 is 98.85
[955790 2174510 1196690 2184510] on METAL3 is 97.684
[1196690 2174510 1284350 2184510] on METAL3 is 38.958
[1195720 2174690 1197660 2184330] on VIA34 is 41.506
[1195690 2150160 1197690 2179510] on METAL4 is 70.211
[1195690 2179510 1197690 2184510] on METAL4 is 41.506
[1195690 2140080 1197690 2150160] on METAL4 is 79.265
[1195720 2149760 1197660 2150560] on VIA34 is 72.186
[1195720 2149760 1197660 2150560] on VIA23 is 74.162
[1195720 2149760 1197660 2150560] on VIA12 is 76.137
[1196690 2149760 1436930 2150560] on METAL1 is 78.582
[1436930 2149760 1677830 2150560] on METAL1 is 101.805
[1435960 2149760 1437900 2150560] on VIA12 is 78.582
[1435960 2149760 1437900 2150560] on VIA23 is 77.343
[1435960 2149760 1437900 2150560] on VIA34 is 76.104
[1435930 2140080 1437930 2150160] on METAL4 is 82.24
[1435930 2150160 1437930 2179510] on METAL4 is 74.865
[1435930 2179510 1437930 2184510] on METAL4 is 51.92
[1435960 2174690 1437900 2184330] on VIA34 is 51.92
[1436930 2174510 1677830 2184510] on METAL3 is 89.957
[1284350 2174510 1436930 2184510] on METAL3 is 49.883
[1253220 2174690 1315480 2179510] on METAL3 is 168.736e-3
[1253220 2179510 1315480 2179795] on METAL3 is 168.736e-3
[1253220 2179795 1315480 2179885] on METAL3 is 168.571e-3
[1253220 2179885 1315480 2185625] on METAL3 is 168.52e-3
[1253220 2174805 1315480 2184965] on VIA34 is 168.52e-3
[1253050 2179510 1315650 2179885] on METAL4 is 42.033e-3
[1253050 2179885 1315650 2184760] on METAL4 is 42.033e-3
[1253050 2184760 1315650 2185625] on METAL4 is 41.73e-3
[1253195 2184490 1315505 2185030] on VIA45 is 41.73e-3
[1253050 2184490 1315650 2184760] on METAL5 is 283.488e-6
[1253050 2184760 1315650 2185625] on METAL5 is 283.488e-6
[1253050 2185625 1315650 2186050] on METAL5 is 0
[1279350 2179510 1289350 2184490] on METAL5 is 283.488e-6
[1253050 2185625 1315650 2186050] on METAL4 is 0
[1253050 2174510 1315650 2179510] on METAL4 is 42.033e-3
[1253220 2174715 1315480 2184875] on VIA23 is 168.571e-3
[1253050 2179510 1315650 2179795] on METAL2 is 52.359e-3
[1253050 2179795 1315650 2184460] on METAL2 is 52.217e-3
[1253050 2184460 1315650 2185625] on METAL2 is 51.935e-3
[1253220 2184320 1315480 2184600] on VIA12 is 51.935e-3
[1253050 2184320 1315650 2184460] on METAL1 is 1.782e-3
[1253050 2184460 1315650 2185625] on METAL1 is 1.713e-3
[1253050 2185625 1315650 2186050] on METAL1 is 0
[1279350 2179510 1289350 2184320] on METAL1 is 1.785e-3
[1253050 2185625 1315650 2186050] on METAL2 is 0
[1253050 2174510 1315650 2179510] on METAL2 is 52.359e-3
[1253220 2185625 1315480 2186050] on METAL3 is 0
[1677830 2174510 1918070 2184510] on METAL3 is 111.783
[1676860 2174690 1678800 2184330] on VIA34 is 90.9
[1676830 2150160 1678830 2179510] on METAL4 is 101.523
[1676830 2179510 1678830 2184510] on METAL4 is 90.9
[1676830 2140080 1678830 2150160] on METAL4 is 105.133
[1676860 2149760 1678800 2150560] on VIA34 is 101.617
[1676860 2149760 1678800 2150560] on VIA23 is 101.711
[1676860 2149760 1678800 2150560] on VIA12 is 101.805
[1677830 2149760 1918070 2150560] on METAL1 is 117.888
[1918070 2149760 2180290 2150560] on METAL1 is 126.557
[1917100 2149760 1919040 2150560] on VIA12 is 117.888
[1917100 2149760 1919040 2150560] on VIA23 is 117.838
[1917100 2149760 1919040 2150560] on VIA34 is 117.788
[1917070 2140080 1919070 2150160] on METAL4 is 119.596
[1917070 2150160 1919070 2179510] on METAL4 is 117.738
[1917070 2179510 1919070 2184510] on METAL4 is 112.269
[1917100 2174690 1919040 2184330] on VIA34 is 112.269
[1918070 2174510 2180290 2184510] on METAL3 is 125.016
[2180290 2174510 2185290 2184510] on METAL3 is 125.016
[2175420 2174690 2185160 2184330] on VIA23 is 125.155
[2175290 2150160 2185290 2179510] on METAL2 is 126.544
[2175290 2179510 2185290 2184510] on METAL2 is 125.155
[2175290 2140080 2185290 2150160] on METAL2 is 127.017
[2175420 2149760 2185160 2150560] on VIA12 is 126.557
[2180290 2149760 2185290 2150560] on METAL1 is 126.557
[2175290 2130000 2185290 2140080] on METAL2 is 127.48
[2175420 2139680 2185160 2140480] on VIA12 is 127.041
[2180290 2139680 2185290 2140480] on METAL1 is 127.041
[1918070 2139680 2180290 2140480] on METAL1 is 127.041
[1677830 2139680 1918070 2140480] on METAL1 is 119.813
[1917100 2139680 1919040 2140480] on VIA12 is 119.813
[1917100 2139680 1919040 2140480] on VIA23 is 119.741
[1917100 2139680 1919040 2140480] on VIA34 is 119.668
[1917070 2130000 1919070 2140080] on METAL4 is 121.424
[1917070 2119920 1919070 2130000] on METAL4 is 123.214
[1917100 2129600 1919040 2130400] on VIA34 is 121.517
[1917100 2129600 1919040 2130400] on VIA23 is 121.611
[1917100 2129600 1919040 2130400] on VIA12 is 121.704
[1918070 2129600 2180290 2130400] on METAL1 is 127.515
[1677830 2129600 1918070 2130400] on METAL1 is 121.704
[1436930 2129600 1677830 2130400] on METAL1 is 109.288
[1676860 2129600 1678800 2130400] on VIA12 is 109.288
[1676860 2129600 1678800 2130400] on VIA23 is 109.086
[1676860 2129600 1678800 2130400] on VIA34 is 108.883
[1676830 2119920 1678830 2130000] on METAL4 is 112.145
[1676830 2130000 1678830 2140080] on METAL4 is 108.68
[1676860 2139680 1678800 2140480] on VIA34 is 105.287
[1676860 2139680 1678800 2140480] on VIA23 is 105.442
[1676860 2139680 1678800 2140480] on VIA12 is 105.596
[1436930 2139680 1677830 2140480] on METAL1 is 105.596
[1196690 2139680 1436930 2140480] on METAL1 is 85.708
[1435960 2139680 1437900 2140480] on VIA12 is 85.708
[1435960 2139680 1437900 2140480] on VIA23 is 84.552
[1435960 2139680 1437900 2140480] on VIA34 is 83.396
[1435930 2130000 1437930 2140080] on METAL4 is 89.145
[1435930 2119920 1437930 2130000] on METAL4 is 95.61
[1435960 2129600 1437900 2130400] on VIA34 is 90.225
[1435960 2129600 1437900 2130400] on VIA23 is 91.304
[1435960 2129600 1437900 2130400] on VIA12 is 92.383
[1196690 2129600 1436930 2130400] on METAL1 is 92.383
[955790 2129600 1196690 2130400] on METAL1 is 121.595
[1195720 2129600 1197660 2130400] on VIA12 is 92.363
[1195720 2129600 1197660 2130400] on VIA23 is 90.775
[1195720 2129600 1197660 2130400] on VIA34 is 89.187
[1195690 2119920 1197690 2130000] on METAL4 is 95.287
[1195690 2130000 1197690 2140080] on METAL4 is 87.599
[1195720 2139680 1197660 2140480] on VIA34 is 81.033
[1195720 2139680 1197660 2140480] on VIA23 is 82.8
[1195720 2139680 1197660 2140480] on VIA12 is 84.567
[955790 2139680 1196690 2140480] on METAL1 is 117.044
[715550 2139680 955790 2140480] on METAL1 is 144.864
[954820 2139680 956760 2140480] on VIA12 is 117.044
[954820 2139680 956760 2140480] on VIA23 is 116.847
[954820 2139680 956760 2140480] on VIA34 is 116.65
[954790 2130000 956790 2140080] on METAL4 is 120.834
[954790 2119920 956790 2130000] on METAL4 is 125.113
[954820 2129600 956760 2130400] on VIA34 is 121.088
[954820 2129600 956760 2130400] on VIA23 is 121.341
[954820 2129600 956760 2130400] on VIA12 is 121.595
[715550 2129600 955790 2130400] on METAL1 is 147.541
[714580 2129600 716520 2130400] on VIA12 is 147.541
[714580 2129600 716520 2130400] on VIA23 is 147.481
[714580 2129600 716520 2130400] on VIA34 is 147.422
[714550 2119920 716550 2130000] on METAL4 is 149.919
[714550 2130000 716550 2140080] on METAL4 is 147.363
[714580 2139680 716520 2140480] on VIA34 is 144.81
[714580 2139680 716520 2140480] on VIA23 is 144.837
[714580 2139680 716520 2140480] on VIA12 is 144.864
[714550 2109840 716550 2119920] on METAL4 is 152.439
[714580 2119520 716520 2120320] on VIA34 is 150.006
[714580 2119520 716520 2120320] on VIA23 is 150.094
[714580 2119520 716520 2120320] on VIA12 is 150.181
[715550 2119520 955790 2120320] on METAL1 is 150.181
[955790 2119520 1196690 2120320] on METAL1 is 126.002
[954820 2119520 956760 2120320] on VIA12 is 126.002
[954820 2119520 956760 2120320] on VIA23 is 125.705
[954820 2119520 956760 2120320] on VIA34 is 125.409
[954790 2109840 956790 2119920] on METAL4 is 129.271
[954790 2099760 956790 2109840] on METAL4 is 133.295
[954820 2109440 956760 2110240] on VIA34 is 129.599
[954820 2109440 956760 2110240] on VIA23 is 129.927
[954820 2109440 956760 2110240] on VIA12 is 130.256
[955790 2109440 1196690 2110240] on METAL1 is 130.256
[715550 2109440 955790 2110240] on METAL1 is 152.776
[714580 2109440 716520 2110240] on VIA12 is 152.776
[714580 2109440 716520 2110240] on VIA23 is 152.664
[714580 2109440 716520 2110240] on VIA34 is 152.551
[714550 2099760 716550 2109840] on METAL4 is 154.913
[714550 2089680 716550 2099760] on METAL4 is 157.333
[714580 2099360 716520 2100160] on VIA34 is 155.047
[714580 2099360 716520 2100160] on VIA23 is 155.181
[714580 2099360 716520 2100160] on VIA12 is 155.315
[715550 2099360 955790 2100160] on METAL1 is 155.315
[955790 2099360 1196690 2100160] on METAL1 is 134.35
[954820 2099360 956760 2100160] on VIA12 is 134.35
[954820 2099360 956760 2100160] on VIA23 is 133.998
[954820 2099360 956760 2100160] on VIA34 is 133.646
[954790 2089680 956790 2099760] on METAL4 is 137.175
[954790 2079600 956790 2089680] on METAL4 is 140.906
[954820 2089280 956760 2090080] on VIA34 is 137.544
[954820 2089280 956760 2090080] on VIA23 is 137.912
[954820 2089280 956760 2090080] on VIA12 is 138.28
[955790 2089280 1196690 2090080] on METAL1 is 138.28
[715550 2089280 955790 2090080] on METAL1 is 157.791
[714580 2089280 716520 2090080] on VIA12 is 157.791
[714580 2089280 716520 2090080] on VIA23 is 157.638
[714580 2089280 716520 2090080] on VIA34 is 157.486
[714550 2079600 716550 2089680] on METAL4 is 159.691
[714550 2069520 716550 2079600] on METAL4 is 161.98
[714580 2079200 716520 2080000] on VIA34 is 159.859
[714580 2079200 716520 2080000] on VIA23 is 160.028
[714580 2079200 716520 2080000] on VIA12 is 160.196
[715550 2079200 955790 2080000] on METAL1 is 160.196
[955790 2079200 1196690 2080000] on METAL1 is 142.043
[954820 2079200 956760 2080000] on VIA12 is 142.043
[954820 2079200 956760 2080000] on VIA23 is 141.664
[954820 2079200 956760 2080000] on VIA34 is 141.285
[954790 2069520 956790 2079600] on METAL4 is 144.483
[954790 2059440 956790 2069520] on METAL4 is 147.902
[954820 2069120 956760 2069920] on VIA34 is 144.868
[954820 2069120 956760 2069920] on VIA23 is 145.253
[954820 2069120 956760 2069920] on VIA12 is 145.639
[955790 2069120 1196690 2069920] on METAL1 is 145.639
[715550 2069120 955790 2069920] on METAL1 is 162.526
[714580 2069120 716520 2069920] on VIA12 is 162.526
[714580 2069120 716520 2069920] on VIA23 is 162.344
[714580 2069120 716520 2069920] on VIA34 is 162.162
[714550 2059440 716550 2069520] on METAL4 is 164.195
[714550 2049360 716550 2059440] on METAL4 is 166.332
[714580 2059040 716520 2059840] on VIA34 is 164.389
[714580 2059040 716520 2059840] on VIA23 is 164.582
[714580 2059040 716520 2059840] on VIA12 is 164.776
[715550 2059040 955790 2059840] on METAL1 is 164.776
[955790 2059040 1196690 2059840] on METAL1 is 149.067
[954820 2059040 956760 2059840] on VIA12 is 149.067
[954820 2059040 956760 2059840] on VIA23 is 148.678
[954820 2059040 956760 2059840] on VIA34 is 148.29
[954790 2049360 956790 2059440] on METAL4 is 151.164
[954790 2039280 956790 2049360] on METAL4 is 154.267
[954820 2048960 956760 2049760] on VIA34 is 151.552
[954820 2048960 956760 2049760] on VIA23 is 151.94
[954820 2048960 956760 2049760] on VIA12 is 152.328
[955790 2048960 1196690 2049760] on METAL1 is 152.328
[715550 2048960 955790 2049760] on METAL1 is 166.941
[714580 2048960 716520 2049760] on VIA12 is 166.941
[714580 2048960 716520 2049760] on VIA23 is 166.738
[714580 2048960 716520 2049760] on VIA34 is 166.535
[714550 2039280 716550 2049360] on METAL4 is 168.385
[714550 2029200 716550 2039280] on METAL4 is 170.353
[714580 2038880 716520 2039680] on VIA34 is 168.597
[714580 2038880 716520 2039680] on VIA23 is 168.808
[714580 2038880 716520 2039680] on VIA12 is 169.019
[715550 2038880 955790 2039680] on METAL1 is 169.019
[955790 2038880 1196690 2039680] on METAL1 is 155.425
[954820 2038880 956760 2039680] on VIA12 is 155.425
[954820 2038880 956760 2039680] on VIA23 is 155.039
[954820 2038880 956760 2039680] on VIA34 is 154.653
[954790 2029200 956790 2039280] on METAL4 is 157.214
[954790 2019120 956790 2029200] on METAL4 is 160.005
[954820 2028800 956760 2029600] on VIA34 is 157.596
[954820 2028800 956760 2029600] on VIA23 is 157.977
[954820 2028800 956760 2029600] on VIA12 is 158.359
[955790 2028800 1196690 2029600] on METAL1 is 158.359
[715550 2028800 955790 2029600] on METAL1 is 171.006
[714580 2028800 716520 2029600] on VIA12 is 171.006
[714580 2028800 716520 2029600] on VIA23 is 170.789
[714580 2028800 716520 2029600] on VIA34 is 170.571
[714550 2019120 716550 2029200] on METAL4 is 172.232
[714550 2009040 716550 2019120] on METAL4 is 174.02
[714580 2018720 716520 2019520] on VIA34 is 172.455
[714580 2018720 716520 2019520] on VIA23 is 172.678
[714580 2018720 716520 2019520] on VIA12 is 172.901
[715550 2018720 955790 2019520] on METAL1 is 172.901
[955790 2018720 1196690 2019520] on METAL1 is 161.134
[954820 2018720 956760 2019520] on VIA12 is 161.134
[954820 2018720 956760 2019520] on VIA23 is 160.758
[954820 2018720 956760 2019520] on VIA34 is 160.381
[954790 2009040 956790 2019120] on METAL4 is 162.643
[954790 1998960 956790 2009040] on METAL4 is 165.129
[954820 2008640 956760 2009440] on VIA34 is 163.013
[954820 2008640 956760 2009440] on VIA23 is 163.383
[954820 2008640 956760 2009440] on VIA12 is 163.753
[955790 2008640 1196690 2009440] on METAL1 is 163.753
[715550 2008640 955790 2009440] on METAL1 is 174.702
[714580 2008640 716520 2009440] on VIA12 is 174.702
[714580 2008640 716520 2009440] on VIA23 is 174.475
[714580 2008640 716520 2009440] on VIA34 is 174.248
[714550 1998960 716550 2009040] on METAL4 is 175.716
[714550 1988880 716550 1998960] on METAL4 is 177.317
[714580 1998560 716520 1999360] on VIA34 is 175.947
[714580 1998560 716520 1999360] on VIA23 is 176.177
[714580 1998560 716520 1999360] on VIA12 is 176.408
[715550 1998560 955790 1999360] on METAL1 is 176.408
[955790 1998560 1196690 1999360] on METAL1 is 166.219
[954820 1998560 956760 1999360] on VIA12 is 166.219
[954820 1998560 956760 1999360] on VIA23 is 165.856
[954820 1998560 956760 1999360] on VIA34 is 165.493
[954790 1988880 956790 1998960] on METAL4 is 167.468
[954790 1978800 956790 1988880] on METAL4 is 169.663
[954820 1988480 956760 1989280] on VIA34 is 167.824
[954820 1988480 956760 1989280] on VIA23 is 168.18
[954820 1988480 956760 1989280] on VIA12 is 168.536
[955790 1988480 1196690 1989280] on METAL1 is 168.536
[715550 1988480 955790 1989280] on METAL1 is 178.018
[714580 1988480 716520 1989280] on VIA12 is 178.018
[714580 1988480 716520 1989280] on VIA23 is 177.784
[714580 1988480 716520 1989280] on VIA34 is 177.551
[714550 1978800 716550 1988880] on METAL4 is 178.824
[714550 1968720 716550 1978800] on METAL4 is 180.234
[714580 1978400 716520 1979200] on VIA34 is 179.059
[714580 1978400 716520 1979200] on VIA23 is 179.295
[714580 1978400 716520 1979200] on VIA12 is 179.53
[715550 1978400 955790 1979200] on METAL1 is 179.53
[955790 1978400 1196690 1979200] on METAL1 is 170.706
[954820 1978400 956760 1979200] on VIA12 is 170.706
[954820 1978400 956760 1979200] on VIA23 is 170.358
[954820 1978400 956760 1979200] on VIA34 is 170.01
[954790 1968720 956790 1978800] on METAL4 is 171.715
[954790 1958640 956790 1968720] on METAL4 is 173.629
[954820 1968320 956760 1969120] on VIA34 is 172.055
[954820 1968320 956760 1969120] on VIA23 is 172.395
[954820 1968320 956760 1969120] on VIA12 is 172.735
[955790 1968320 1196690 1969120] on METAL1 is 172.735
[715550 1968320 955790 1969120] on METAL1 is 180.945
[714580 1968320 716520 1969120] on VIA12 is 180.945
[714580 1968320 716520 1969120] on VIA23 is 180.708
[714580 1968320 716520 1969120] on VIA34 is 180.471
[714550 1958640 716550 1968720] on METAL4 is 181.548
[714550 1948560 716550 1958640] on METAL4 is 182.765
[714580 1958240 716520 1959040] on VIA34 is 181.786
[714580 1958240 716520 1959040] on VIA23 is 182.024
[714580 1958240 716520 1959040] on VIA12 is 182.263
[715550 1958240 955790 1959040] on METAL1 is 182.263
[955790 1958240 1196690 1959040] on METAL1 is 174.624
[954820 1958240 956760 1959040] on VIA12 is 174.624
[954820 1958240 956760 1959040] on VIA23 is 174.292
[954820 1958240 956760 1959040] on VIA34 is 173.961
[954790 1948560 956790 1958640] on METAL4 is 175.408
[954790 1938480 956790 1948560] on METAL4 is 177.055
[954820 1948160 956760 1948960] on VIA34 is 175.732
[954820 1948160 956760 1948960] on VIA23 is 176.055
[954820 1948160 956760 1948960] on VIA12 is 176.378
[955790 1948160 1196690 1948960] on METAL1 is 176.378
[715550 1948160 955790 1948960] on METAL1 is 183.482
[714580 1948160 716520 1948960] on VIA12 is 183.482
[714580 1948160 716520 1948960] on VIA23 is 183.243
[714580 1948160 716520 1948960] on VIA34 is 183.004
[714550 1938480 716550 1948560] on METAL4 is 183.885
[714550 1928400 716550 1938480] on METAL4 is 184.907
[714580 1938080 716520 1938880] on VIA34 is 184.124
[714580 1938080 716520 1938880] on VIA23 is 184.364
[714580 1938080 716520 1938880] on VIA12 is 184.603
[715550 1938080 955790 1938880] on METAL1 is 184.603
[955790 1938080 1196690 1938880] on METAL1 is 178.001
[954820 1938080 956760 1938880] on VIA12 is 178.001
[954820 1938080 956760 1938880] on VIA23 is 177.686
[954820 1938080 956760 1938880] on VIA34 is 177.371
[954790 1928400 956790 1938480] on METAL4 is 178.574
[954790 1918320 956790 1928400] on METAL4 is 179.968
[954820 1928000 956760 1928800] on VIA34 is 178.881
[954820 1928000 956760 1928800] on VIA23 is 179.188
[954820 1928000 956760 1928800] on VIA12 is 179.496
[955790 1928000 1196690 1928800] on METAL1 is 179.496
[715550 1928000 955790 1928800] on METAL1 is 185.626
[714580 1928000 716520 1928800] on VIA12 is 185.626
[714580 1928000 716520 1928800] on VIA23 is 185.387
[714580 1928000 716520 1928800] on VIA34 is 185.147
[714550 1918320 716550 1928400] on METAL4 is 185.832
[714550 1917630 716550 1918320] on METAL4 is 185.832
[714580 1917920 716520 1918720] on VIA34 is 186.072
[714580 1917920 716520 1918720] on VIA23 is 186.312
[714580 1917920 716520 1918720] on VIA12 is 186.551
[715550 1917920 955790 1918720] on METAL1 is 186.551
[955790 1917920 1196690 1918720] on METAL1 is 180.865
[954820 1917920 956760 1918720] on VIA12 is 180.865
[954820 1917920 956760 1918720] on VIA23 is 180.566
[954820 1917920 956760 1918720] on VIA34 is 180.267
[954790 1917630 956790 1918320] on METAL4 is 179.968
[954790 1908240 956790 1917630] on METAL4 is 181.19
[954810 1916650 956770 1918610] on VIA45 is 179.968
[955790 1916630 1196690 1918630] on METAL5 is 179.624
[715550 1916630 955790 1918630] on METAL5 is 185.273
[714570 1916650 716530 1918610] on VIA45 is 185.832
[714550 1908240 716550 1917630] on METAL4 is 186.754
[714550 1898160 716550 1908240] on METAL4 is 187.648
[714580 1907840 716520 1908640] on VIA34 is 186.99
[714580 1907840 716520 1908640] on VIA23 is 187.227
[714580 1907840 716520 1908640] on VIA12 is 187.463
[715550 1907840 955790 1908640] on METAL1 is 187.463
[955790 1907840 1196690 1908640] on METAL1 is 182.065
[954820 1907840 956760 1908640] on VIA12 is 182.065
[954820 1907840 956760 1908640] on VIA23 is 181.773
[954820 1907840 956760 1908640] on VIA34 is 181.482
[954790 1898160 956790 1908240] on METAL4 is 182.383
[954790 1888080 956790 1898160] on METAL4 is 183.46
[954820 1897760 956760 1898560] on VIA34 is 182.667
[954820 1897760 956760 1898560] on VIA23 is 182.951
[954820 1897760 956760 1898560] on VIA12 is 183.235
[955790 1897760 1196690 1898560] on METAL1 is 183.235
[715550 1897760 955790 1898560] on METAL1 is 188.345
[714580 1897760 716520 1898560] on VIA12 is 188.345
[714580 1897760 716520 1898560] on VIA23 is 188.113
[714580 1897760 716520 1898560] on VIA34 is 187.88
[714550 1888080 716550 1898160] on METAL4 is 188.447
[714550 1878000 716550 1888080] on METAL4 is 189.153
[714580 1887680 716520 1888480] on VIA34 is 188.676
[714580 1887680 716520 1888480] on VIA23 is 188.904
[714580 1887680 716520 1888480] on VIA12 is 189.133
[715550 1887680 955790 1888480] on METAL1 is 189.133
[955790 1887680 1196690 1888480] on METAL1 is 184.289
[954820 1887680 956760 1888480] on VIA12 is 184.289
[954820 1887680 956760 1888480] on VIA23 is 184.013
[954820 1887680 956760 1888480] on VIA34 is 183.736
[954790 1878000 956790 1888080] on METAL4 is 184.424
[954790 1867920 956790 1878000] on METAL4 is 185.279
[954820 1877600 956760 1878400] on VIA34 is 184.694
[954820 1877600 956760 1878400] on VIA23 is 184.963
[954820 1877600 956760 1878400] on VIA12 is 185.232
[955790 1877600 1196690 1878400] on METAL1 is 185.232
[715550 1877600 955790 1878400] on METAL1 is 189.827
[714580 1877600 716520 1878400] on VIA12 is 189.827
[714580 1877600 716520 1878400] on VIA23 is 189.603
[714580 1877600 716520 1878400] on VIA34 is 189.378
[714550 1867920 716550 1878000] on METAL4 is 189.768
[714550 1857840 716550 1867920] on METAL4 is 190.292
[714580 1867520 716520 1868320] on VIA34 is 189.989
[714580 1867520 716520 1868320] on VIA23 is 190.21
[714580 1867520 716520 1868320] on VIA12 is 190.43
[715550 1867520 955790 1868320] on METAL1 is 190.43
[955790 1867520 1196690 1868320] on METAL1 is 186.065
[954820 1867520 956760 1868320] on VIA12 is 186.065
[954820 1867520 956760 1868320] on VIA23 is 185.803
[954820 1867520 956760 1868320] on VIA34 is 185.541
[954790 1857840 956790 1867920] on METAL4 is 186.028
[954790 1847760 956790 1857840] on METAL4 is 186.672
[954820 1857440 956760 1858240] on VIA34 is 186.283
[954820 1857440 956760 1858240] on VIA23 is 186.537
[954820 1857440 956760 1858240] on VIA12 is 186.792
[955790 1857440 1196690 1858240] on METAL1 is 186.792
[715550 1857440 955790 1858240] on METAL1 is 190.944
[714580 1857440 716520 1858240] on VIA12 is 190.944
[714580 1857440 716520 1858240] on VIA23 is 190.727
[714580 1857440 716520 1858240] on VIA34 is 190.509
[714550 1847760 716550 1857840] on METAL4 is 190.728
[714550 1837680 716550 1847760] on METAL4 is 191.077
[714580 1847360 716520 1848160] on VIA34 is 190.942
[714580 1847360 716520 1848160] on VIA23 is 191.155
[714580 1847360 716520 1848160] on VIA12 is 191.369
[715550 1847360 955790 1848160] on METAL1 is 191.369
[955790 1847360 1196690 1848160] on METAL1 is 187.416
[954820 1847360 956760 1848160] on VIA12 is 187.416
[954820 1847360 956760 1848160] on VIA23 is 187.168
[954820 1847360 956760 1848160] on VIA34 is 186.92
[954790 1837680 956790 1847760] on METAL4 is 187.216
[954790 1827600 956790 1837680] on METAL4 is 187.661
[954820 1837280 956760 1838080] on VIA34 is 187.457
[954820 1837280 956760 1838080] on VIA23 is 187.698
[954820 1837280 956760 1838080] on VIA12 is 187.939
[955790 1837280 1196690 1838080] on METAL1 is 187.939
[715550 1837280 955790 1838080] on METAL1 is 191.707
[714580 1837280 716520 1838080] on VIA12 is 191.707
[714580 1837280 716520 1838080] on VIA23 is 191.497
[714580 1837280 716520 1838080] on VIA34 is 191.287
[714550 1827600 716550 1837680] on METAL4 is 191.341
[714550 1817520 716550 1827600] on METAL4 is 191.521
[714580 1827200 716520 1828000] on VIA34 is 191.548
[714580 1827200 716520 1828000] on VIA23 is 191.754
[714580 1827200 716520 1828000] on VIA12 is 191.96
[715550 1827200 955790 1828000] on METAL1 is 191.96
[955790 1827200 1196690 1828000] on METAL1 is 188.365
[954820 1827200 956760 1828000] on VIA12 is 188.365
[954820 1827200 956760 1828000] on VIA23 is 188.13
[954820 1827200 956760 1828000] on VIA34 is 187.896
[954790 1817520 956790 1827600] on METAL4 is 188.011
[954790 1807440 956790 1817520] on METAL4 is 188.268
[954820 1817120 956760 1817920] on VIA34 is 188.239
[954820 1817120 956760 1817920] on VIA23 is 188.467
[954820 1817120 956760 1817920] on VIA12 is 188.695
[955790 1817120 1196690 1817920] on METAL1 is 188.695
[715550 1817120 955790 1817920] on METAL1 is 192.13
[714580 1817120 716520 1817920] on VIA12 is 192.13
[714580 1817120 716520 1817920] on VIA23 is 191.927
[714580 1817120 716520 1817920] on VIA34 is 191.724
[714550 1807440 716550 1817520] on METAL4 is 191.618
[714550 1797360 716550 1807440] on METAL4 is 191.633
[714580 1807040 716520 1807840] on VIA34 is 191.817
[714580 1807040 716520 1807840] on VIA23 is 192.017
[714580 1807040 716520 1807840] on VIA12 is 192.217
[715550 1807040 955790 1807840] on METAL1 is 192.217
[955790 1807040 1196690 1807840] on METAL1 is 188.933
[954820 1807040 956760 1807840] on VIA12 is 188.933
[954820 1807040 956760 1807840] on VIA23 is 188.711
[954820 1807040 956760 1807840] on VIA34 is 188.49
[954790 1797360 956790 1807440] on METAL4 is 188.434
[954790 1787280 956790 1797360] on METAL4 is 188.513
[954820 1796960 956760 1797760] on VIA34 is 188.65
[954820 1796960 956760 1797760] on VIA23 is 188.866
[954820 1796960 956760 1797760] on VIA12 is 189.081
[955790 1796960 1196690 1797760] on METAL1 is 189.081
[715550 1796960 955790 1797760] on METAL1 is 192.223
[714580 1796960 716520 1797760] on VIA12 is 192.223
[714580 1796960 716520 1797760] on VIA23 is 192.026
[714580 1796960 716520 1797760] on VIA34 is 191.83
[714550 1787280 716550 1797360] on METAL4 is 191.633
[714550 1777200 716550 1787280] on METAL4 is 191.569
[714580 1786880 716520 1787680] on VIA34 is 191.762
[714580 1786880 716520 1787680] on VIA23 is 191.956
[714580 1786880 716520 1787680] on VIA12 is 192.149
[715550 1786880 955790 1787680] on METAL1 is 192.149
[955790 1786880 1196690 1787680] on METAL1 is 189.142
[954820 1786880 956760 1787680] on VIA12 is 189.142
[954820 1786880 956760 1787680] on VIA23 is 188.932
[954820 1786880 956760 1787680] on VIA34 is 188.722
[954790 1777200 956790 1787280] on METAL4 is 188.513
[954790 1767120 956790 1777200] on METAL4 is 188.506
[954820 1776800 956760 1777600] on VIA34 is 188.71
[954820 1776800 956760 1777600] on VIA23 is 188.914
[954820 1776800 956760 1777600] on VIA12 is 189.117
[955790 1776800 1196690 1777600] on METAL1 is 189.117
[715550 1776800 955790 1777600] on METAL1 is 191.997
[714580 1776800 716520 1777600] on VIA12 is 191.997
[714580 1776800 716520 1777600] on VIA23 is 191.807
[714580 1776800 716520 1777600] on VIA34 is 191.616
[714550 1767120 716550 1777200] on METAL4 is 191.426
[714550 1757040 716550 1767120] on METAL4 is 191.205
[714580 1766720 716520 1767520] on VIA34 is 191.393
[714580 1766720 716520 1767520] on VIA23 is 191.58
[714580 1766720 716520 1767520] on VIA12 is 191.768
[715550 1766720 955790 1767520] on METAL1 is 191.768
[955790 1766720 1196690 1767520] on METAL1 is 189.01
[954820 1766720 956760 1767520] on VIA12 is 189.01
[954820 1766720 956760 1767520] on VIA23 is 188.812
[954820 1766720 956760 1767520] on VIA34 is 188.614
[954790 1757040 956790 1767120] on METAL4 is 188.416
[954790 1746960 956790 1757040] on METAL4 is 188.246
[954820 1756640 956760 1757440] on VIA34 is 188.438
[954820 1756640 956760 1757440] on VIA23 is 188.63
[954820 1756640 956760 1757440] on VIA12 is 188.823
[955790 1756640 1196690 1757440] on METAL1 is 188.823
[715550 1756640 955790 1757440] on METAL1 is 191.463
[714580 1756640 716520 1757440] on VIA12 is 191.463
[714580 1756640 716520 1757440] on VIA23 is 191.278
[714580 1756640 716520 1757440] on VIA34 is 191.093
[714550 1746960 716550 1757040] on METAL4 is 190.908
[714550 1736880 716550 1746960] on METAL4 is 190.536
[714580 1746560 716520 1747360] on VIA34 is 190.718
[714580 1746560 716520 1747360] on VIA23 is 190.9
[714580 1746560 716520 1747360] on VIA12 is 191.083
[715550 1746560 955790 1747360] on METAL1 is 191.083
[955790 1746560 1196690 1747360] on METAL1 is 188.557
[954820 1746560 956760 1747360] on VIA12 is 188.557
[954820 1746560 956760 1747360] on VIA23 is 188.37
[954820 1746560 956760 1747360] on VIA34 is 188.184
[954790 1736880 956790 1746960] on METAL4 is 187.997
[954790 1726800 956790 1736880] on METAL4 is 187.672
[954820 1736480 956760 1737280] on VIA34 is 187.853
[954820 1736480 956760 1737280] on VIA23 is 188.035
[954820 1736480 956760 1737280] on VIA12 is 188.216
[955790 1736480 1196690 1737280] on METAL1 is 188.216
[715550 1736480 955790 1737280] on METAL1 is 190.629
[714580 1736480 716520 1737280] on VIA12 is 190.629
[714580 1736480 716520 1737280] on VIA23 is 190.449
[714580 1736480 716520 1737280] on VIA34 is 190.269
[714550 1726800 716550 1736880] on METAL4 is 190.089
[714550 1716720 716550 1726800] on METAL4 is 189.569
[714580 1726400 716520 1727200] on VIA34 is 189.747
[714580 1726400 716520 1727200] on VIA23 is 189.924
[714580 1726400 716520 1727200] on VIA12 is 190.102
[715550 1726400 955790 1727200] on METAL1 is 190.102
[955790 1726400 1196690 1727200] on METAL1 is 187.801
[954820 1726400 956760 1727200] on VIA12 is 187.801
[954820 1726400 956760 1727200] on VIA23 is 187.625
[954820 1726400 956760 1727200] on VIA34 is 187.449
[954790 1716720 956790 1726800] on METAL4 is 187.274
[954790 1706640 956790 1716720] on METAL4 is 186.803
[954820 1716320 956760 1717120] on VIA34 is 186.974
[954820 1716320 956760 1717120] on VIA23 is 187.144
[954820 1716320 956760 1717120] on VIA12 is 187.315
[955790 1716320 1196690 1717120] on METAL1 is 187.315
[715550 1716320 955790 1717120] on METAL1 is 189.503
[714580 1716320 716520 1717120] on VIA12 is 189.503
[714580 1716320 716520 1717120] on VIA23 is 189.328
[714580 1716320 716520 1717120] on VIA34 is 189.153
[714550 1706640 716550 1716720] on METAL4 is 188.977
[714550 1696560 716550 1706640] on METAL4 is 188.314
[714580 1706240 716520 1707040] on VIA34 is 188.487
[714580 1706240 716520 1707040] on VIA23 is 188.66
[714580 1706240 716520 1707040] on VIA12 is 188.834
[715550 1706240 955790 1707040] on METAL1 is 188.834
[955790 1706240 1196690 1707040] on METAL1 is 186.759
[954820 1706240 956760 1707040] on VIA12 is 186.759
[954820 1706240 956760 1707040] on VIA23 is 186.594
[954820 1706240 956760 1707040] on VIA34 is 186.429
[954790 1696560 956790 1706640] on METAL4 is 186.264
[954790 1686480 956790 1696560] on METAL4 is 185.657
[954820 1696160 956760 1696960] on VIA34 is 185.817
[954820 1696160 956760 1696960] on VIA23 is 185.977
[954820 1696160 956760 1696960] on VIA12 is 186.136
[955790 1696160 1196690 1696960] on METAL1 is 186.136
[715550 1696160 955790 1696960] on METAL1 is 188.094
[714580 1696160 716520 1696960] on VIA12 is 188.094
[714580 1696160 716520 1696960] on VIA23 is 187.923
[714580 1696160 716520 1696960] on VIA34 is 187.751
[714550 1686480 716550 1696560] on METAL4 is 187.58
[714550 1677280 716550 1686480] on METAL4 is 186.776
[714580 1686080 716520 1686880] on VIA34 is 186.946
[714580 1686080 716520 1686880] on VIA23 is 187.115
[714580 1686080 716520 1686880] on VIA12 is 187.285
[715550 1686080 955790 1686880] on METAL1 is 187.285
[955790 1686080 1196690 1686880] on METAL1 is 185.449
[954820 1686080 956760 1686880] on VIA12 is 185.449
[954820 1686080 956760 1686880] on VIA23 is 185.294
[954820 1686080 956760 1686880] on VIA34 is 185.14
[954790 1677280 956790 1686480] on METAL4 is 184.985
[954790 1676400 956790 1677280] on METAL4 is 184.315
[954810 1676300 956770 1678260] on VIA45 is 184.315
[955790 1676280 1196690 1678280] on METAL5 is 183.377
[715550 1676280 955790 1678280] on METAL5 is 185.138
[714570 1676300 716530 1678260] on VIA45 is 185.979
[714550 1676400 716550 1677280] on METAL4 is 185.979
[714550 1666320 716550 1676400] on METAL4 is 185.979
[714580 1676000 716520 1676800] on VIA34 is 186.147
[714580 1676000 716520 1676800] on VIA23 is 186.316
[714580 1676000 716520 1676800] on VIA12 is 186.484
[715550 1676000 955790 1676800] on METAL1 is 186.484
[955790 1676000 1196690 1676800] on METAL1 is 184.764
[954820 1676000 956760 1676800] on VIA12 is 184.764
[954820 1676000 956760 1676800] on VIA23 is 184.614
[954820 1676000 956760 1676800] on VIA34 is 184.464
[954790 1666320 956790 1676400] on METAL4 is 184.315
[954790 1656240 956790 1666320] on METAL4 is 183.899
[954820 1665920 956760 1666720] on VIA34 is 184.043
[954820 1665920 956760 1666720] on VIA23 is 184.186
[954820 1665920 956760 1666720] on VIA12 is 184.33
[955790 1665920 1196690 1666720] on METAL1 is 184.33
[715550 1665920 955790 1666720] on METAL1 is 185.853
[714580 1665920 716520 1666720] on VIA12 is 185.853
[714580 1665920 716520 1666720] on VIA23 is 185.69
[714580 1665920 716520 1666720] on VIA34 is 185.526
[714550 1656240 716550 1666320] on METAL4 is 185.363
[714550 1646160 716550 1656240] on METAL4 is 184.679
[714580 1655840 716520 1656640] on VIA34 is 184.839
[714580 1655840 716520 1656640] on VIA23 is 184.998
[714580 1655840 716520 1656640] on VIA12 is 185.157
[715550 1655840 955790 1656640] on METAL1 is 185.157
[955790 1655840 1196690 1656640] on METAL1 is 183.838
[954820 1655840 956760 1656640] on VIA12 is 183.838
[954820 1655840 956760 1656640] on VIA23 is 183.7
[954820 1655840 956760 1656640] on VIA34 is 183.563
[954790 1646160 956790 1656240] on METAL4 is 183.425
[954790 1636080 956790 1646160] on METAL4 is 182.895
[954820 1645760 956760 1646560] on VIA34 is 183.026
[954820 1645760 956760 1646560] on VIA23 is 183.158
[954820 1645760 956760 1646560] on VIA12 is 183.289
[955790 1645760 1196690 1646560] on METAL1 is 183.289
[715550 1645760 955790 1646560] on METAL1 is 184.396
[714580 1645760 716520 1646560] on VIA12 is 184.396
[714580 1645760 716520 1646560] on VIA23 is 184.241
[714580 1645760 716520 1646560] on VIA34 is 184.086
[714550 1636080 716550 1646160] on METAL4 is 183.932
[714550 1626000 716550 1636080] on METAL4 is 183.121
[714580 1635680 716520 1636480] on VIA34 is 183.271
[714580 1635680 716520 1636480] on VIA23 is 183.422
[714580 1635680 716520 1636480] on VIA12 is 183.572
[715550 1635680 955790 1636480] on METAL1 is 183.572
[955790 1635680 1196690 1636480] on METAL1 is 182.688
[954820 1635680 956760 1636480] on VIA12 is 182.688
[954820 1635680 956760 1636480] on VIA23 is 182.562
[954820 1635680 956760 1636480] on VIA34 is 182.437
[954790 1626000 956790 1636080] on METAL4 is 182.311
[954790 1615920 956790 1626000] on METAL4 is 181.676
[954820 1625600 956760 1626400] on VIA34 is 181.796
[954820 1625600 956760 1626400] on VIA23 is 181.916
[954820 1625600 956760 1626400] on VIA12 is 182.035
[955790 1625600 1196690 1626400] on METAL1 is 182.035
[715550 1625600 955790 1626400] on METAL1 is 182.688
[714580 1625600 716520 1626400] on VIA12 is 182.688
[714580 1625600 716520 1626400] on VIA23 is 182.541
[714580 1625600 716520 1626400] on VIA34 is 182.395
[714550 1615920 716550 1626000] on METAL4 is 182.248
[714550 1605840 716550 1615920] on METAL4 is 181.317
[714580 1615520 716520 1616320] on VIA34 is 181.459
[714580 1615520 716520 1616320] on VIA23 is 181.602
[714580 1615520 716520 1616320] on VIA12 is 181.744
[715550 1615520 955790 1616320] on METAL1 is 181.744
[955790 1615520 1196690 1616320] on METAL1 is 181.334
[954820 1615520 956760 1616320] on VIA12 is 181.334
[954820 1615520 956760 1616320] on VIA23 is 181.22
[954820 1615520 956760 1616320] on VIA34 is 181.107
[954790 1605840 956790 1615920] on METAL4 is 180.993
[954790 1595760 956790 1605840] on METAL4 is 180.263
[954820 1605440 956760 1606240] on VIA34 is 180.371
[954820 1605440 956760 1606240] on VIA23 is 180.479
[954820 1605440 956760 1606240] on VIA12 is 180.587
[955790 1605440 1196690 1606240] on METAL1 is 180.587
[715550 1605440 955790 1606240] on METAL1 is 180.743
[714580 1605440 716520 1606240] on VIA12 is 180.743
[714580 1605440 716520 1606240] on VIA23 is 180.604
[714580 1605440 716520 1606240] on VIA34 is 180.465
[714550 1595760 716550 1605840] on METAL4 is 180.327
[714550 1585680 716550 1595760] on METAL4 is 179.28
[714580 1595360 716520 1596160] on VIA34 is 179.415
[714580 1595360 716520 1596160] on VIA23 is 179.551
[714580 1595360 716520 1596160] on VIA12 is 179.686
[715550 1595360 955790 1596160] on METAL1 is 179.797
[955790 1595360 1196690 1596160] on METAL1 is 179.797
[954820 1595360 956760 1596160] on VIA12 is 179.797
[954820 1595360 956760 1596160] on VIA23 is 179.694
[954820 1595360 956760 1596160] on VIA34 is 179.591
[954790 1585680 956790 1595760] on METAL4 is 179.489
[954790 1575600 956790 1585680] on METAL4 is 178.673
[954820 1585280 956760 1586080] on VIA34 is 178.77
[954820 1585280 956760 1586080] on VIA23 is 178.867
[954820 1585280 956760 1586080] on VIA12 is 178.965
[955790 1585280 1196690 1586080] on METAL1 is 178.965
[715550 1585280 955790 1586080] on METAL1 is 178.965
[714580 1585280 716520 1586080] on VIA12 is 178.574
[714580 1585280 716520 1586080] on VIA23 is 178.442
[714580 1585280 716520 1586080] on VIA34 is 178.311
[714550 1575600 716550 1585680] on METAL4 is 178.179
[714550 1565520 716550 1575600] on METAL4 is 177.024
[714580 1575200 716520 1576000] on VIA34 is 177.152
[714580 1575200 716520 1576000] on VIA23 is 177.281
[714580 1575200 716520 1576000] on VIA12 is 177.409
[715550 1575200 955790 1576000] on METAL1 is 178.094
[955790 1575200 1196690 1576000] on METAL1 is 178.094
[954820 1575200 956760 1576000] on VIA12 is 178.094
[954820 1575200 956760 1576000] on VIA23 is 178.002
[954820 1575200 956760 1576000] on VIA34 is 177.91
[954790 1565520 956790 1575600] on METAL4 is 177.818
[954790 1555440 956790 1565520] on METAL4 is 176.925
[954820 1565120 956760 1565920] on VIA34 is 177.012
[954820 1565120 956760 1565920] on VIA23 is 177.099
[954820 1565120 956760 1565920] on VIA12 is 177.186
[955790 1565120 1196690 1565920] on METAL1 is 177.186
[715550 1565120 955790 1565920] on METAL1 is 177.186
[714580 1565120 716520 1565920] on VIA12 is 176.192
[714580 1565120 716520 1565920] on VIA23 is 176.067
[714580 1565120 716520 1565920] on VIA34 is 175.942
[714550 1555440 716550 1565520] on METAL4 is 175.817
[714550 1545360 716550 1555440] on METAL4 is 174.558
[714580 1555040 716520 1555840] on VIA34 is 174.681
[714580 1555040 716520 1555840] on VIA23 is 174.803
[714580 1555040 716520 1555840] on VIA12 is 174.925
[715550 1555040 955790 1555840] on METAL1 is 176.244
[955790 1555040 1196690 1555840] on METAL1 is 176.244
[954820 1555040 956760 1555840] on VIA12 is 176.244
[954820 1555040 956760 1555840] on VIA23 is 176.162
[954820 1555040 956760 1555840] on VIA34 is 176.079
[954790 1545360 956790 1555440] on METAL4 is 175.997
[954790 1535280 956790 1545360] on METAL4 is 175.035
[954820 1544960 956760 1545760] on VIA34 is 175.113
[954820 1544960 956760 1545760] on VIA23 is 175.191
[954820 1544960 956760 1545760] on VIA12 is 175.269
[955790 1544960 1196690 1545760] on METAL1 is 175.269
[715550 1544960 955790 1545760] on METAL1 is 175.269
[714580 1544960 716520 1545760] on VIA12 is 173.608
[714580 1544960 716520 1545760] on VIA23 is 173.489
[714580 1544960 716520 1545760] on VIA34 is 173.37
[714550 1535280 716550 1545360] on METAL4 is 173.25
[714550 1525200 716550 1535280] on METAL4 is 171.894
[714580 1534880 716520 1535680] on VIA34 is 172.01
[714580 1534880 716520 1535680] on VIA23 is 172.127
[714580 1534880 716520 1535680] on VIA12 is 172.243
[715550 1534880 955790 1535680] on METAL1 is 174.263
[955790 1534880 1196690 1535680] on METAL1 is 174.263
[954820 1534880 956760 1535680] on VIA12 is 174.263
[954820 1534880 956760 1535680] on VIA23 is 174.189
[954820 1534880 956760 1535680] on VIA34 is 174.115
[954790 1525200 956790 1535280] on METAL4 is 174.041
[954790 1515120 956790 1525200] on METAL4 is 173.018
[954820 1524800 956760 1525600] on VIA34 is 173.088
[954820 1524800 956760 1525600] on VIA23 is 173.158
[954820 1524800 956760 1525600] on VIA12 is 173.228
[955790 1524800 1196690 1525600] on METAL1 is 173.228
[715550 1524800 955790 1525600] on METAL1 is 173.228
[714580 1524800 716520 1525600] on VIA12 is 170.831
[714580 1524800 716520 1525600] on VIA23 is 170.718
[714580 1524800 716520 1525600] on VIA34 is 170.604
[714550 1515120 716550 1525200] on METAL4 is 170.49
[714550 1505040 716550 1515120] on METAL4 is 169.04
[714580 1514720 716520 1515520] on VIA34 is 169.151
[714580 1514720 716520 1515520] on VIA23 is 169.262
[714580 1514720 716520 1515520] on VIA12 is 169.373
[715550 1514720 955790 1515520] on METAL1 is 172.165
[955790 1514720 1196690 1515520] on METAL1 is 172.165
[954820 1514720 956760 1515520] on VIA12 is 172.165
[954820 1514720 956760 1515520] on VIA23 is 172.098
[954820 1514720 956760 1515520] on VIA34 is 172.032
[954790 1505040 956790 1515120] on METAL4 is 171.966
[954790 1494960 956790 1505040] on METAL4 is 170.886
[954820 1504640 956760 1505440] on VIA34 is 170.95
[954820 1504640 956760 1505440] on VIA23 is 171.013
[954820 1504640 956760 1505440] on VIA12 is 171.076
[955790 1504640 1196690 1505440] on METAL1 is 171.076
[715550 1504640 955790 1505440] on METAL1 is 171.076
[714580 1504640 716520 1505440] on VIA12 is 167.87
[714580 1504640 716520 1505440] on VIA23 is 167.762
[714580 1504640 716520 1505440] on VIA34 is 167.653
[714550 1494960 716550 1505040] on METAL4 is 167.544
[714550 1484880 716550 1494960] on METAL4 is 166.005
[714580 1494560 716520 1495360] on VIA34 is 166.111
[714580 1494560 716520 1495360] on VIA23 is 166.217
[714580 1494560 716520 1495360] on VIA12 is 166.323
[715550 1494560 955790 1495360] on METAL1 is 169.962
[955790 1494560 1196690 1495360] on METAL1 is 169.962
[954820 1494560 956760 1495360] on VIA12 is 169.962
[954820 1494560 956760 1495360] on VIA23 is 169.902
[954820 1494560 956760 1495360] on VIA34 is 169.842
[954790 1484880 956790 1494960] on METAL4 is 169.782
[954790 1474800 956790 1484880] on METAL4 is 168.652
[954820 1484480 956760 1485280] on VIA34 is 168.71
[954820 1484480 956760 1485280] on VIA23 is 168.767
[954820 1484480 956760 1485280] on VIA12 is 168.824
[955790 1484480 1196690 1485280] on METAL1 is 168.824
[715550 1484480 955790 1485280] on METAL1 is 168.824
[714580 1484480 716520 1485280] on VIA12 is 164.733
[714580 1484480 716520 1485280] on VIA23 is 164.63
[714580 1484480 716520 1485280] on VIA34 is 164.526
[714550 1474800 716550 1484880] on METAL4 is 164.422
[714550 1464720 716550 1474800] on METAL4 is 162.797
[714580 1474400 716520 1475200] on VIA34 is 162.898
[714580 1474400 716520 1475200] on VIA23 is 163
[714580 1474400 716520 1475200] on VIA12 is 163.101
[715550 1474400 955790 1475200] on METAL1 is 167.664
[955790 1474400 1196690 1475200] on METAL1 is 167.664
[954820 1474400 956760 1475200] on VIA12 is 167.664
[954820 1474400 956760 1475200] on VIA23 is 167.609
[954820 1474400 956760 1475200] on VIA34 is 167.554
[954790 1464720 956790 1474800] on METAL4 is 167.5
[954790 1454640 956790 1464720] on METAL4 is 166.325
[954820 1464320 956760 1465120] on VIA34 is 166.377
[954820 1464320 956760 1465120] on VIA23 is 166.429
[954820 1464320 956760 1465120] on VIA12 is 166.481
[955790 1464320 1196690 1465120] on METAL1 is 166.481
[715550 1464320 955790 1465120] on METAL1 is 166.481
[714580 1464320 716520 1465120] on VIA12 is 161.428
[714580 1464320 716520 1465120] on VIA23 is 161.329
[714580 1464320 716520 1465120] on VIA34 is 161.229
[714550 1454640 716550 1464720] on METAL4 is 161.13
[714550 1444560 716550 1454640] on METAL4 is 159.423
[714580 1454240 716520 1455040] on VIA34 is 159.52
[714580 1454240 716520 1455040] on VIA23 is 159.617
[714580 1454240 716520 1455040] on VIA12 is 159.714
[715550 1454240 955790 1455040] on METAL1 is 165.278
[955790 1454240 1196690 1455040] on METAL1 is 165.278
[954820 1454240 956760 1455040] on VIA12 is 165.278
[954820 1454240 956760 1455040] on VIA23 is 165.228
[954820 1454240 956760 1455040] on VIA34 is 165.178
[954790 1444560 956790 1454640] on METAL4 is 165.129
[954790 1436930 956790 1444560] on METAL4 is 163.912
[954820 1444160 956760 1444960] on VIA34 is 163.96
[954820 1444160 956760 1444960] on VIA23 is 164.007
[954820 1444160 956760 1444960] on VIA12 is 164.054
[955790 1444160 1196690 1444960] on METAL1 is 164.054
[715550 1444160 955790 1444960] on METAL1 is 164.054
[714580 1444160 716520 1444960] on VIA12 is 157.961
[714580 1444160 716520 1444960] on VIA23 is 157.866
[714580 1444160 716520 1444960] on VIA34 is 157.772
[714550 1436930 716550 1444560] on METAL4 is 157.677
[714550 1434480 716550 1436930] on METAL4 is 156.326
[714570 1435950 716530 1437910] on VIA45 is 156.326
[715550 1435930 955790 1437930] on METAL5 is 161.625
[955790 1435930 1196690 1437930] on METAL5 is 161.625
[954810 1435950 956770 1437910] on VIA45 is 162.977
[954790 1434480 956790 1436930] on METAL4 is 162.977
[954790 1424400 956790 1434480] on METAL4 is 162.827
[954820 1434080 956760 1434880] on VIA34 is 162.871
[954820 1434080 956760 1434880] on VIA23 is 162.915
[954820 1434080 956760 1434880] on VIA12 is 162.96
[955790 1434080 1196690 1434880] on METAL1 is 162.96
[715550 1434080 955790 1434880] on METAL1 is 162.96
[714580 1434080 716520 1434880] on VIA12 is 156.284
[714580 1434080 716520 1434880] on VIA23 is 156.193
[714580 1434080 716520 1434880] on VIA34 is 156.102
[714550 1424400 716550 1434480] on METAL4 is 156.011
[714550 1414320 716550 1424400] on METAL4 is 154.68
[714580 1424000 716520 1424800] on VIA34 is 154.764
[714580 1424000 716520 1424800] on VIA23 is 154.847
[714580 1424000 716520 1424800] on VIA12 is 154.93
[715550 1424000 955790 1424800] on METAL1 is 162.311
[955790 1424000 1196690 1424800] on METAL1 is 162.311
[954820 1424000 956760 1424800] on VIA12 is 162.311
[954820 1424000 956760 1424800] on VIA23 is 162.271
[954820 1424000 956760 1424800] on VIA34 is 162.231
[954790 1414320 956790 1424400] on METAL4 is 162.191
[954790 1404240 956790 1414320] on METAL4 is 161.538
[954820 1413920 956760 1414720] on VIA34 is 161.574
[954820 1413920 956760 1414720] on VIA23 is 161.609
[954820 1413920 956760 1414720] on VIA12 is 161.645
[955790 1413920 1196690 1414720] on METAL1 is 161.645
[715550 1413920 955790 1414720] on METAL1 is 161.645
[714580 1413920 716520 1414720] on VIA12 is 153.542
[714580 1413920 716520 1414720] on VIA23 is 153.466
[714580 1413920 716520 1414720] on VIA34 is 153.391
[714550 1404240 716550 1414320] on METAL4 is 153.315
[714550 1394160 716550 1404240] on METAL4 is 151.919
[714580 1403840 716520 1404640] on VIA34 is 151.987
[714580 1403840 716520 1404640] on VIA23 is 152.055
[714580 1403840 716520 1404640] on VIA12 is 152.123
[715550 1403840 955790 1404640] on METAL1 is 160.965
[955790 1403840 1196690 1404640] on METAL1 is 161.207
[954820 1403840 956760 1404640] on VIA12 is 160.965
[954820 1403840 956760 1404640] on VIA23 is 160.933
[954820 1403840 956760 1404640] on VIA34 is 160.902
[954790 1394160 956790 1404240] on METAL4 is 160.871
[954790 1384080 956790 1394160] on METAL4 is 160.191
[954820 1393760 956760 1394560] on VIA34 is 160.218
[954820 1393760 956760 1394560] on VIA23 is 160.244
[954820 1393760 956760 1394560] on VIA12 is 160.271
[955790 1393760 1196690 1394560] on METAL1 is 161.155
[715550 1393760 955790 1394560] on METAL1 is 160.271
[714580 1393760 716520 1394560] on VIA12 is 150.677
[714580 1393760 716520 1394560] on VIA23 is 150.616
[714580 1393760 716520 1394560] on VIA34 is 150.556
[714550 1384080 716550 1394160] on METAL4 is 150.495
[714550 1374000 716550 1384080] on METAL4 is 149.046
[714580 1383680 716520 1384480] on VIA34 is 149.121
[714580 1383680 716520 1384480] on VIA23 is 149.196
[714580 1383680 716520 1384480] on VIA12 is 149.27
[715550 1383680 955790 1384480] on METAL1 is 159.572
[955790 1383680 1196690 1384480] on METAL1 is 161.102
[954820 1383680 956760 1384480] on VIA12 is 159.572
[954820 1383680 956760 1384480] on VIA23 is 159.548
[954820 1383680 956760 1384480] on VIA34 is 159.525
[954790 1374000 956790 1384080] on METAL4 is 159.501
[954790 1363920 956790 1374000] on METAL4 is 158.8
[954820 1373600 956760 1374400] on VIA34 is 158.819
[954820 1373600 956760 1374400] on VIA23 is 158.838
[954820 1373600 956760 1374400] on VIA12 is 158.856
[955790 1373600 1196690 1374400] on METAL1 is 161.045
[715550 1373600 955790 1374400] on METAL1 is 158.856
[714580 1373600 716520 1374400] on VIA12 is 147.768
[714580 1373600 716520 1374400] on VIA23 is 147.701
[714580 1373600 716520 1374400] on VIA34 is 147.634
[714550 1363920 716550 1374000] on METAL4 is 147.567
[714550 1353840 716550 1363920] on METAL4 is 146.061
[714580 1363520 716520 1364320] on VIA34 is 146.119
[714580 1363520 716520 1364320] on VIA23 is 146.177
[714580 1363520 716520 1364320] on VIA12 is 146.235
[715550 1363520 955790 1364320] on METAL1 is 158.131
[955790 1363520 1196690 1364320] on METAL1 is 160.986
[954820 1363520 956760 1364320] on VIA12 is 158.131
[954820 1363520 956760 1364320] on VIA23 is 158.118
[954820 1363520 956760 1364320] on VIA34 is 158.105
[954790 1353840 956790 1363920] on METAL4 is 158.093
[954790 1343760 956790 1353840] on METAL4 is 157.38
[954820 1353440 956760 1354240] on VIA34 is 157.386
[954820 1353440 956760 1354240] on VIA23 is 157.392
[954820 1353440 956760 1354240] on VIA12 is 157.398
[955790 1353440 1196690 1354240] on METAL1 is 160.925
[715550 1353440 955790 1354240] on METAL1 is 157.398
[714580 1353440 716520 1354240] on VIA12 is 144.672
[714580 1353440 716520 1354240] on VIA23 is 144.625
[714580 1353440 716520 1354240] on VIA34 is 144.578
[714550 1343760 716550 1353840] on METAL4 is 144.531
[714550 1333680 716550 1343760] on METAL4 is 142.982
[714580 1343360 716520 1344160] on VIA34 is 143.016
[714580 1343360 716520 1344160] on VIA23 is 143.051
[714580 1343360 716520 1344160] on VIA12 is 143.085
[715550 1343360 955790 1344160] on METAL1 is 156.66
[955790 1343360 1196690 1344160] on METAL1 is 160.862
[954820 1343360 956760 1344160] on VIA12 is 156.662
[954820 1343360 956760 1344160] on VIA23 is 156.663
[954820 1343360 956760 1344160] on VIA34 is 156.664
[954790 1333680 956790 1343760] on METAL4 is 156.664
[954790 1323600 956790 1333680] on METAL4 is 155.949
[954820 1333280 956760 1334080] on VIA34 is 155.949
[954820 1333280 956760 1334080] on VIA23 is 155.94
[954820 1333280 956760 1334080] on VIA12 is 155.931
[955790 1333280 1196690 1334080] on METAL1 is 160.799
[715550 1333280 955790 1334080] on METAL1 is 155.921
[714580 1333280 716520 1334080] on VIA12 is 141.478
[714580 1333280 716520 1334080] on VIA23 is 141.458
[714580 1333280 716520 1334080] on VIA34 is 141.439
[714550 1323600 716550 1333680] on METAL4 is 141.419
[714550 1313520 716550 1323600] on METAL4 is 139.848
[714580 1323200 716520 1324000] on VIA34 is 139.851
[714580 1323200 716520 1324000] on VIA23 is 139.853
[714580 1323200 716520 1324000] on VIA12 is 139.856
[715550 1323200 955790 1324000] on METAL1 is 155.184
[955790 1323200 1196690 1324000] on METAL1 is 160.734
[954820 1323200 956760 1324000] on VIA12 is 155.202
[954820 1323200 956760 1324000] on VIA23 is 155.22
[954820 1323200 956760 1324000] on VIA34 is 155.238
[954790 1313520 956790 1323600] on METAL4 is 155.238
[954790 1303440 956790 1313520] on METAL4 is 154.534
[954820 1313120 956760 1313920] on VIA34 is 154.534
[954820 1313120 956760 1313920] on VIA23 is 154.503
[954820 1313120 956760 1313920] on VIA12 is 154.473
[955790 1313120 1196690 1313920] on METAL1 is 160.67
[715550 1313120 955790 1313920] on METAL1 is 154.442
[714580 1313120 716520 1313920] on VIA12 is 138.182
[714580 1313120 716520 1313920] on VIA23 is 138.229
[714580 1313120 716520 1313920] on VIA34 is 138.276
[714550 1303440 716550 1313520] on METAL4 is 138.276
[714550 1293360 716550 1303440] on METAL4 is 136.723
[714580 1303040 716520 1303840] on VIA34 is 136.723
[714580 1303040 716520 1303840] on VIA23 is 136.654
[714580 1303040 716520 1303840] on VIA12 is 136.586
[715550 1303040 955790 1303840] on METAL1 is 153.721
[955790 1303040 1196690 1303840] on METAL1 is 160.608
[954820 1303040 956760 1303840] on VIA12 is 153.762
[954820 1303040 956760 1303840] on VIA23 is 153.802
[954820 1303040 956760 1303840] on VIA34 is 153.842
[954790 1293360 956790 1303440] on METAL4 is 153.842
[954790 1283280 956790 1293360] on METAL4 is 153.167
[954820 1292960 956760 1293760] on VIA34 is 153.167
[954820 1292960 956760 1293760] on VIA23 is 153.117
[954820 1292960 956760 1293760] on VIA12 is 153.066
[955790 1292960 1196690 1293760] on METAL1 is 160.548
[715550 1292960 955790 1293760] on METAL1 is 153.016
[714580 1292960 716520 1293760] on VIA12 is 135.016
[714580 1292960 716520 1293760] on VIA23 is 135.107
[714580 1292960 716520 1293760] on VIA34 is 135.198
[714550 1283280 716550 1293360] on METAL4 is 135.198
[714550 1273200 716550 1283280] on METAL4 is 133.71
[714580 1282880 716520 1283680] on VIA34 is 133.71
[714580 1282880 716520 1283680] on VIA23 is 133.596
[714580 1282880 716520 1283680] on VIA12 is 133.482
[715550 1282880 955790 1283680] on METAL1 is 152.331
[955790 1282880 1196690 1283680] on METAL1 is 160.493
[954820 1282880 956760 1283680] on VIA12 is 152.392
[954820 1282880 956760 1283680] on VIA23 is 152.452
[954820 1282880 956760 1283680] on VIA34 is 152.513
[954790 1273200 956790 1283280] on METAL4 is 152.513
[954790 1263120 956790 1273200] on METAL4 is 151.883
[954820 1272800 956760 1273600] on VIA34 is 151.883
[954820 1272800 956760 1273600] on VIA23 is 151.812
[954820 1272800 956760 1273600] on VIA12 is 151.741
[955790 1272800 1196690 1273600] on METAL1 is 160.442
[715550 1272800 955790 1273600] on METAL1 is 151.671
[714580 1272800 716520 1273600] on VIA12 is 131.991
[714580 1272800 716520 1273600] on VIA23 is 132.13
[714580 1272800 716520 1273600] on VIA34 is 132.268
[714550 1263120 716550 1273200] on METAL4 is 132.268
[714550 1253040 716550 1263120] on METAL4 is 130.883
[714580 1262720 716520 1263520] on VIA34 is 130.883
[714580 1262720 716520 1263520] on VIA23 is 130.719
[714580 1262720 716520 1263520] on VIA12 is 130.554
[715550 1262720 955790 1263520] on METAL1 is 151.039
[955790 1262720 1196690 1263520] on METAL1 is 160.397
[954820 1262720 956760 1263520] on VIA12 is 151.12
[954820 1262720 956760 1263520] on VIA23 is 151.201
[954820 1262720 956760 1263520] on VIA34 is 151.282
[954790 1253040 956790 1263120] on METAL4 is 151.282
[954790 1242960 956790 1253040] on METAL4 is 150.714
[954820 1252640 956760 1253440] on VIA34 is 150.714
[954820 1252640 956760 1253440] on VIA23 is 150.623
[954820 1252640 956760 1253440] on VIA12 is 150.532
[955790 1252640 1196690 1253440] on METAL1 is 160.359
[715550 1252640 955790 1253440] on METAL1 is 150.441
[714580 1252640 716520 1253440] on VIA12 is 129.182
[714580 1252640 716520 1253440] on VIA23 is 129.373
[714580 1252640 716520 1253440] on VIA34 is 129.564
[714550 1242960 716550 1253040] on METAL4 is 129.564
[714550 1232880 716550 1242960] on METAL4 is 128.324
[714580 1242560 716520 1243360] on VIA34 is 128.324
[714580 1242560 716520 1243360] on VIA23 is 128.104
[714580 1242560 716520 1243360] on VIA12 is 127.885
[715550 1242560 955790 1243360] on METAL1 is 149.881
[955790 1242560 1196690 1243360] on METAL1 is 160.33
[954820 1242560 956760 1243360] on VIA12 is 149.981
[954820 1242560 956760 1243360] on VIA23 is 150.082
[954820 1242560 956760 1243360] on VIA34 is 150.182
[954790 1232880 956790 1242960] on METAL4 is 150.182
[954790 1222800 956790 1232880] on METAL4 is 149.692
[954820 1232480 956760 1233280] on VIA34 is 149.692
[954820 1232480 956760 1233280] on VIA23 is 149.582
[954820 1232480 956760 1233280] on VIA12 is 149.472
[955790 1232480 1196690 1233280] on METAL1 is 160.308
[715550 1232480 955790 1233280] on METAL1 is 149.363
[714580 1232480 716520 1233280] on VIA12 is 126.675
[714580 1232480 716520 1233280] on VIA23 is 126.924
[714580 1232480 716520 1233280] on VIA34 is 127.173
[714550 1222800 716550 1232880] on METAL4 is 127.173
[714550 1212720 716550 1222800] on METAL4 is 126.123
[714580 1222400 716520 1223200] on VIA34 is 126.123
[714580 1222400 716520 1223200] on VIA23 is 125.789
[714580 1222400 716520 1223200] on VIA12 is 125.455
[715550 1222400 955790 1223200] on METAL1 is 148.875
[474650 1222400 715550 1223200] on METAL1 is 125.12
[215690 1222400 474650 1223200] on METAL1 is 83.784
[473680 1222400 475620 1223200] on VIA12 is 84.847
[473680 1222400 475620 1223200] on VIA23 is 85.911
[473680 1222400 475620 1223200] on VIA34 is 86.974
[473650 1212720 475650 1222800] on METAL4 is 86.974
[473680 1212320 475620 1213120] on VIA34 is 85.135
[473680 1212320 475620 1213120] on VIA23 is 84.159
[473680 1212320 475620 1213120] on VIA12 is 83.182
[474650 1212320 715550 1213120] on METAL1 is 124.191
[215690 1212320 474650 1213120] on METAL1 is 82.206
[209575 1212320 215690 1213120] on METAL1 is 1.446
[209150 1212320 209575 1213120] on METAL1 is 9.368e-6
[209175 1197595 209975 1212720] on METAL1 is 9.368e-6
[209175 1197595 209975 1212720] on METAL1 is 9.368e-6
[209150 1166295 209575 1228895] on METAL1 is 0
[209175 1197595 209975 1222800] on METAL1 is 9.368e-6
[209175 1182480 209975 1197595] on METAL1 is 9.368e-6
[209175 1172400 209975 1197595] on METAL1 is 9.368e-6
[209175 1197595 209975 1202640] on METAL1 is 9.368e-6
[209175 1192560 209975 1197595] on METAL1 is 9.368e-6
[209175 1197595 209975 1222800] on METAL1 is 9.368e-6
[209175 1182480 209975 1197595] on METAL1 is 9.368e-6
[209175 1172400 209975 1197595] on METAL1 is 9.368e-6
[209175 1197595 209975 1202640] on METAL1 is 9.368e-6
[209175 1192560 209975 1197595] on METAL1 is 9.368e-6
[209575 1192160 215690 1192960] on METAL1 is 1.446
[209150 1192160 209575 1192960] on METAL1 is 9.368e-6
[215690 1192160 474650 1192960] on METAL1 is 80.778
[474650 1192160 715550 1192960] on METAL1 is 123.359
[473680 1192160 475620 1192960] on VIA12 is 81.675
[473680 1192160 475620 1192960] on VIA23 is 82.573
[473680 1192160 475620 1192960] on VIA34 is 83.47
[473650 1182480 475650 1192560] on METAL4 is 84.888
[473650 1172400 475650 1182480] on METAL4 is 86.696
[473680 1182080 475620 1182880] on VIA34 is 84.888
[473680 1182080 475620 1182880] on VIA23 is 83.932
[473680 1182080 475620 1182880] on VIA12 is 82.976
[474650 1182080 715550 1182880] on METAL1 is 124.324
[215690 1182080 474650 1182880] on METAL1 is 82.02
[209575 1182080 215690 1182880] on METAL1 is 1.446
[209150 1182080 209575 1182880] on METAL1 is 9.368e-6
[715550 1182080 955790 1182880] on METAL1 is 149.049
[714580 1182080 716520 1182880] on VIA12 is 124.658
[714580 1182080 716520 1182880] on VIA23 is 124.992
[714580 1182080 716520 1182880] on VIA34 is 125.326
[714550 1172400 716550 1182480] on METAL4 is 126.412
[714550 1182480 716550 1192560] on METAL4 is 125.326
[714550 1192560 716550 1196580] on METAL4 is 124.376
[714580 1192160 716520 1192960] on VIA34 is 124.376
[714580 1192160 716520 1192960] on VIA23 is 124.037
[714580 1192160 716520 1192960] on VIA12 is 123.698
[715550 1192160 955790 1192960] on METAL1 is 148.239
[955790 1192160 1196690 1192960] on METAL1 is 160.643
[954820 1192160 956760 1192960] on VIA12 is 148.369
[954820 1192160 956760 1192960] on VIA23 is 148.499
[954820 1192160 956760 1192960] on VIA34 is 148.629
[954790 1182480 956790 1192560] on METAL4 is 149.419
[954790 1192560 956790 1196580] on METAL4 is 148.629
[954790 1196580 956790 1202640] on METAL4 is 148.509
[954810 1195600 956770 1197560] on VIA45 is 148.335
[955790 1195580 1196690 1197580] on METAL5 is 158.757
[715550 1195580 955790 1197580] on METAL5 is 146.269
[714570 1195600 716530 1197560] on VIA45 is 124.052
[714550 1196580 716550 1202640] on METAL4 is 124.435
[714550 1202640 716550 1212720] on METAL4 is 125.21
[714580 1202240 716520 1203040] on VIA34 is 124.435
[714580 1202240 716520 1203040] on VIA23 is 124.094
[714580 1202240 716520 1203040] on VIA12 is 123.753
[715550 1202240 955790 1203040] on METAL1 is 148.115
[955790 1202240 1196690 1203040] on METAL1 is 160.307
[954820 1202240 956760 1203040] on VIA12 is 148.246
[954820 1202240 956760 1203040] on VIA23 is 148.377
[954820 1202240 956760 1203040] on VIA34 is 148.509
[954790 1202640 956790 1212720] on METAL4 is 148.852
[954790 1212720 956790 1222800] on METAL4 is 149.247
[954820 1212320 956760 1213120] on VIA34 is 148.852
[954820 1212320 956760 1213120] on VIA23 is 148.723
[954820 1212320 956760 1213120] on VIA12 is 148.594
[955790 1212320 1196690 1213120] on METAL1 is 160.296
[715550 1212320 955790 1213120] on METAL1 is 148.466
[714580 1212320 716520 1213120] on VIA12 is 124.531
[714580 1212320 716520 1213120] on VIA23 is 124.87
[714580 1212320 716520 1213120] on VIA34 is 125.21
[1196690 1212320 1436930 1213120] on METAL1 is 162.186
[1195720 1212320 1197660 1213120] on VIA12 is 160.318
[1195720 1212320 1197660 1213120] on VIA23 is 160.341
[1195720 1212320 1197660 1213120] on VIA34 is 160.364
[1195690 1202640 1197690 1212720] on METAL4 is 160.374
[1195690 1212720 1197690 1222800] on METAL4 is 160.364
[1195690 1222800 1197690 1232880] on METAL4 is 160.371
[1195720 1222400 1197660 1223200] on VIA34 is 160.363
[1195720 1222400 1197660 1223200] on VIA23 is 160.34
[1195720 1222400 1197660 1223200] on VIA12 is 160.318
[1196690 1222400 1436930 1223200] on METAL1 is 161.783
[955790 1222400 1196690 1223200] on METAL1 is 160.295
[954820 1222400 956760 1223200] on VIA12 is 148.999
[954820 1222400 956760 1223200] on VIA23 is 149.123
[954820 1222400 956760 1223200] on VIA34 is 149.247
[1436930 1222400 1677830 1223200] on METAL1 is 161.783
[1435960 1222400 1437900 1223200] on VIA12 is 161.783
[1435960 1222400 1437900 1223200] on VIA23 is 161.735
[1435960 1222400 1437900 1223200] on VIA34 is 161.688
[1435930 1212720 1437930 1222800] on METAL4 is 162.036
[1435930 1222800 1437930 1232880] on METAL4 is 161.641
[1435930 1232880 1437930 1242960] on METAL4 is 161.226
[1435960 1232480 1437900 1233280] on VIA34 is 161.27
[1435960 1232480 1437900 1233280] on VIA23 is 161.315
[1435960 1232480 1437900 1233280] on VIA12 is 161.36
[1436930 1232480 1677830 1233280] on METAL1 is 161.36
[1196690 1232480 1436930 1233280] on METAL1 is 161.36
[1195720 1232480 1197660 1233280] on VIA12 is 160.329
[1195720 1232480 1197660 1233280] on VIA23 is 160.35
[1195720 1232480 1197660 1233280] on VIA34 is 160.371
[1195690 1232880 1197690 1242960] on METAL4 is 160.388
[1195690 1242960 1197690 1253040] on METAL4 is 160.413
[1195720 1242560 1197660 1243360] on VIA34 is 160.388
[1195720 1242560 1197660 1243360] on VIA23 is 160.369
[1195720 1242560 1197660 1243360] on VIA12 is 160.349
[1196690 1242560 1436930 1243360] on METAL1 is 160.92
[1436930 1242560 1677830 1243360] on METAL1 is 160.92
[1435960 1242560 1437900 1243360] on VIA12 is 160.92
[1435960 1242560 1437900 1243360] on VIA23 is 160.877
[1435960 1242560 1437900 1243360] on VIA34 is 160.835
[1435930 1242960 1437930 1253040] on METAL4 is 160.792
[1435930 1253040 1437930 1263120] on METAL4 is 160.342
[1435960 1252640 1437900 1253440] on VIA34 is 160.382
[1435960 1252640 1437900 1253440] on VIA23 is 160.422
[1435960 1252640 1437900 1253440] on VIA12 is 160.462
[1436930 1252640 1677830 1253440] on METAL1 is 160.462
[1196690 1252640 1436930 1253440] on METAL1 is 160.462
[1195720 1252640 1197660 1253440] on VIA12 is 160.377
[1195720 1252640 1197660 1253440] on VIA23 is 160.395
[1195720 1252640 1197660 1253440] on VIA34 is 160.413
[1195690 1253040 1197690 1263120] on METAL4 is 160.445
[1195690 1263120 1197690 1273200] on METAL4 is 160.483
[1195720 1262720 1197660 1263520] on VIA34 is 160.445
[1195720 1262720 1197660 1263520] on VIA23 is 160.429
[1195720 1262720 1197660 1263520] on VIA12 is 160.413
[1196690 1262720 1436930 1263520] on METAL1 is 160.397
[1436930 1262720 1677830 1263520] on METAL1 is 159.988
[1435960 1262720 1437900 1263520] on VIA12 is 159.988
[1435960 1262720 1437900 1263520] on VIA23 is 159.95
[1435960 1262720 1437900 1263520] on VIA34 is 159.912
[1435930 1263120 1437930 1273200] on METAL4 is 159.875
[1435930 1273200 1437930 1283280] on METAL4 is 159.392
[1435960 1272800 1437900 1273600] on VIA34 is 159.428
[1435960 1272800 1437900 1273600] on VIA23 is 159.463
[1435960 1272800 1437900 1273600] on VIA12 is 159.498
[1436930 1272800 1677830 1273600] on METAL1 is 159.498
[1196690 1272800 1436930 1273600] on METAL1 is 160.442
[1195720 1272800 1197660 1273600] on VIA12 is 160.456
[1195720 1272800 1197660 1273600] on VIA23 is 160.47
[1195720 1272800 1197660 1273600] on VIA34 is 160.483
[1195690 1273200 1197690 1283280] on METAL4 is 160.528
[1195690 1283280 1197690 1293360] on METAL4 is 160.576
[1195720 1282880 1197660 1283680] on VIA34 is 160.528
[1195720 1282880 1197660 1283680] on VIA23 is 160.516
[1195720 1282880 1197660 1283680] on VIA12 is 160.504
[1196690 1282880 1436930 1283680] on METAL1 is 160.493
[1436930 1282880 1677830 1283680] on METAL1 is 158.994
[1435960 1282880 1437900 1283680] on VIA12 is 158.994
[1435960 1282880 1437900 1283680] on VIA23 is 158.961
[1435960 1282880 1437900 1283680] on VIA34 is 158.928
[1435930 1283280 1437930 1293360] on METAL4 is 158.895
[1435930 1293360 1437930 1303440] on METAL4 is 158.385
[1435960 1292960 1437900 1293760] on VIA34 is 158.415
[1435960 1292960 1437900 1293760] on VIA23 is 158.446
[1435960 1292960 1437900 1293760] on VIA12 is 158.476
[1436930 1292960 1677830 1293760] on METAL1 is 158.476
[1196690 1292960 1436930 1293760] on METAL1 is 160.548
[1195720 1292960 1197660 1293760] on VIA12 is 160.558
[1195720 1292960 1197660 1293760] on VIA23 is 160.567
[1195720 1292960 1197660 1293760] on VIA34 is 160.576
[1195690 1293360 1197690 1303440] on METAL4 is 160.629
[1195690 1303440 1197690 1313520] on METAL4 is 160.685
[1195720 1303040 1197660 1303840] on VIA34 is 160.629
[1195720 1303040 1197660 1303840] on VIA23 is 160.622
[1195720 1303040 1197660 1303840] on VIA12 is 160.615
[1196690 1303040 1436930 1303840] on METAL1 is 160.608
[1436930 1303040 1677830 1303840] on METAL1 is 157.945
[1435960 1303040 1437900 1303840] on VIA12 is 157.945
[1435960 1303040 1437900 1303840] on VIA23 is 157.918
[1435960 1303040 1437900 1303840] on VIA34 is 157.89
[1435930 1303440 1437930 1313520] on METAL4 is 157.863
[1435930 1313520 1437930 1323600] on METAL4 is 157.329
[1435960 1313120 1437900 1313920] on VIA34 is 157.353
[1435960 1313120 1437900 1313920] on VIA23 is 157.378
[1435960 1313120 1437900 1313920] on VIA12 is 157.403
[1436930 1313120 1677830 1313920] on METAL1 is 157.403
[1196690 1313120 1436930 1313920] on METAL1 is 160.67
[1195720 1313120 1197660 1313920] on VIA12 is 160.675
[1195720 1313120 1197660 1313920] on VIA23 is 160.68
[1195720 1313120 1197660 1313920] on VIA34 is 160.685
[1195690 1313520 1197690 1323600] on METAL4 is 160.742
[1195690 1323600 1197690 1333680] on METAL4 is 160.801
[1195720 1323200 1197660 1324000] on VIA34 is 160.742
[1195720 1323200 1197660 1324000] on VIA23 is 160.74
[1195720 1323200 1197660 1324000] on VIA12 is 160.737
[1196690 1323200 1436930 1324000] on METAL1 is 160.734
[1436930 1323200 1677830 1324000] on METAL1 is 156.849
[1435960 1323200 1437900 1324000] on VIA12 is 156.849
[1435960 1323200 1437900 1324000] on VIA23 is 156.828
[1435960 1323200 1437900 1324000] on VIA34 is 156.807
[1435930 1323600 1437930 1333680] on METAL4 is 156.785
[1435930 1333680 1437930 1343760] on METAL4 is 156.233
[1435960 1333280 1437900 1334080] on VIA34 is 156.251
[1435960 1333280 1437900 1334080] on VIA23 is 156.269
[1435960 1333280 1437900 1334080] on VIA12 is 156.287
[1436930 1333280 1677830 1334080] on METAL1 is 156.287
[1196690 1333280 1436930 1334080] on METAL1 is 160.799
[1195720 1333280 1197660 1334080] on VIA12 is 160.799
[1195720 1333280 1197660 1334080] on VIA23 is 160.8
[1195720 1333280 1197660 1334080] on VIA34 is 160.801
[1195690 1333680 1197690 1343760] on METAL4 is 160.86
[1195690 1343760 1197690 1353840] on METAL4 is 160.919
[1195720 1343360 1197660 1344160] on VIA34 is 160.861
[1195720 1343360 1197660 1344160] on VIA23 is 160.862
[1195720 1343360 1197660 1344160] on VIA12 is 160.862
[1196690 1343360 1436930 1344160] on METAL1 is 160.862
[1436930 1343360 1677830 1344160] on METAL1 is 155.715
[1435960 1343360 1437900 1344160] on VIA12 is 155.715
[1435960 1343360 1437900 1344160] on VIA23 is 155.701
[1435960 1343360 1437900 1344160] on VIA34 is 155.687
[1435930 1343760 1437930 1353840] on METAL4 is 155.673
[1435930 1353840 1437930 1363920] on METAL4 is 155.107
[1435960 1353440 1437900 1354240] on VIA34 is 155.117
[1435960 1353440 1437900 1354240] on VIA23 is 155.127
[1435960 1353440 1437900 1354240] on VIA12 is 155.137
[1436930 1353440 1677830 1354240] on METAL1 is 155.137
[1196690 1353440 1436930 1354240] on METAL1 is 160.925
[1195720 1353440 1197660 1354240] on VIA12 is 160.925
[1195720 1353440 1197660 1354240] on VIA23 is 160.923
[1195720 1353440 1197660 1354240] on VIA34 is 160.921
[1195690 1353840 1197690 1363920] on METAL4 is 160.977
[1195690 1363920 1197690 1374000] on METAL4 is 161.033
[1195720 1363520 1197660 1364320] on VIA34 is 160.98
[1195720 1363520 1197660 1364320] on VIA23 is 160.983
[1195720 1363520 1197660 1364320] on VIA12 is 160.986
[1196690 1363520 1436930 1364320] on METAL1 is 160.986
[1436930 1363520 1677830 1364320] on METAL1 is 154.554
[1435960 1363520 1437900 1364320] on VIA12 is 154.554
[1435960 1363520 1437900 1364320] on VIA23 is 154.548
[1435960 1363520 1437900 1364320] on VIA34 is 154.543
[1435930 1363920 1437930 1374000] on METAL4 is 154.537
[1435930 1374000 1437930 1384080] on METAL4 is 153.965
[1435960 1373600 1437900 1374400] on VIA34 is 153.966
[1435960 1373600 1437900 1374400] on VIA23 is 153.967
[1435960 1373600 1437900 1374400] on VIA12 is 153.968
[1436930 1373600 1677830 1374400] on METAL1 is 153.968
[1196690 1373600 1436930 1374400] on METAL1 is 161.045
[1195720 1373600 1197660 1374400] on VIA12 is 161.045
[1195720 1373600 1197660 1374400] on VIA23 is 161.041
[1195720 1373600 1197660 1374400] on VIA34 is 161.037
[1195690 1374000 1197690 1384080] on METAL4 is 161.088
[1195690 1384080 1197690 1394160] on METAL4 is 161.142
[1195720 1383680 1197660 1384480] on VIA34 is 161.093
[1195720 1383680 1197660 1384480] on VIA23 is 161.097
[1195720 1383680 1197660 1384480] on VIA12 is 161.102
[1196690 1383680 1436930 1384480] on METAL1 is 161.102
[1436930 1383680 1677830 1384480] on METAL1 is 153.379
[1435960 1383680 1437900 1384480] on VIA12 is 153.384
[1435960 1383680 1437900 1384480] on VIA23 is 153.388
[1435960 1383680 1437900 1384480] on VIA34 is 153.393
[1435930 1384080 1437930 1394160] on METAL4 is 153.393
[1435930 1394160 1437930 1404240] on METAL4 is 152.822
[1435960 1393760 1437900 1394560] on VIA34 is 152.822
[1435960 1393760 1437900 1394560] on VIA23 is 152.812
[1435960 1393760 1437900 1394560] on VIA12 is 152.802
[1436930 1393760 1677830 1394560] on METAL1 is 152.792
[1196690 1393760 1436930 1394560] on METAL1 is 161.155
[1195720 1393760 1197660 1394560] on VIA12 is 161.155
[1195720 1393760 1197660 1394560] on VIA23 is 161.151
[1195720 1393760 1197660 1394560] on VIA34 is 161.146
[1195690 1394160 1197690 1404240] on METAL4 is 161.193
[1195690 1404240 1197690 1414320] on METAL4 is 161.242
[1195720 1403840 1197660 1404640] on VIA34 is 161.198
[1195720 1403840 1197660 1404640] on VIA23 is 161.202
[1195720 1403840 1197660 1404640] on VIA12 is 161.207
[1196690 1403840 1436930 1404640] on METAL1 is 161.207
[1436930 1403840 1677830 1404640] on METAL1 is 152.208
[1435960 1403840 1437900 1404640] on VIA12 is 152.224
[1435960 1403840 1437900 1404640] on VIA23 is 152.24
[1435960 1403840 1437900 1404640] on VIA34 is 152.256
[1435930 1404240 1437930 1414320] on METAL4 is 152.256
[1435930 1414320 1437930 1424400] on METAL4 is 151.696
[1435960 1413920 1437900 1414720] on VIA34 is 151.696
[1435960 1413920 1437900 1414720] on VIA23 is 151.674
[1435960 1413920 1437900 1414720] on VIA12 is 151.651
[1436930 1413920 1677830 1414720] on METAL1 is 151.629
[1196690 1413920 1436930 1414720] on METAL1 is 161.257
[1195720 1413920 1197660 1414720] on VIA12 is 161.257
[1195720 1413920 1197660 1414720] on VIA23 is 161.252
[1195720 1413920 1197660 1414720] on VIA34 is 161.247
[1195690 1414320 1197690 1424400] on METAL4 is 161.29
[1195690 1424400 1197690 1434480] on METAL4 is 161.335
[1195720 1424000 1197660 1424800] on VIA34 is 161.294
[1195720 1424000 1197660 1424800] on VIA23 is 161.299
[1195720 1424000 1197660 1424800] on VIA12 is 161.304
[1196690 1424000 1436930 1424800] on METAL1 is 161.304
[1436930 1424000 1677830 1424800] on METAL1 is 151.058
[1435960 1424000 1437900 1424800] on VIA12 is 151.087
[1435960 1424000 1437900 1424800] on VIA23 is 151.116
[1435960 1424000 1437900 1424800] on VIA34 is 151.145
[1435930 1424400 1437930 1434480] on METAL4 is 151.145
[1435930 1434480 1437930 1436930] on METAL4 is 150.606
[1435960 1434080 1437900 1434880] on VIA34 is 150.606
[1435960 1434080 1437900 1434880] on VIA23 is 150.57
[1435960 1434080 1437900 1434880] on VIA12 is 150.534
[1436930 1434080 1677830 1434880] on METAL1 is 150.499
[1196690 1434080 1436930 1434880] on METAL1 is 161.349
[1195720 1434080 1197660 1434880] on VIA12 is 161.349
[1195720 1434080 1197660 1434880] on VIA23 is 161.344
[1195720 1434080 1197660 1434880] on VIA34 is 161.34
[1195690 1434480 1197690 1436930] on METAL4 is 161.346
[1195690 1436930 1197690 1444560] on METAL4 is 161.918
[1195710 1435950 1197670 1437910] on VIA45 is 161.346
[1196690 1435930 1436930 1437930] on METAL5 is 159.827
[1436930 1435930 1677830 1437930] on METAL5 is 148.8
[1435950 1435950 1437910 1437910] on VIA45 is 150.478
[1435930 1436930 1437930 1444560] on METAL4 is 150.69
[1435930 1444560 1437930 1454640] on METAL4 is 150.987
[1435960 1444160 1437900 1444960] on VIA34 is 150.69
[1435960 1444160 1437900 1444960] on VIA23 is 150.645
[1435960 1444160 1437900 1444960] on VIA12 is 150.6
[1436930 1444160 1677830 1444960] on METAL1 is 150.555
[1196690 1444160 1436930 1444960] on METAL1 is 161.93
[1195720 1444160 1197660 1444960] on VIA12 is 161.93
[1195720 1444160 1197660 1444960] on VIA23 is 161.926
[1195720 1444160 1197660 1444960] on VIA34 is 161.922
[1195690 1444560 1197690 1454640] on METAL4 is 162.673
[1195690 1454640 1197690 1464720] on METAL4 is 163.426
[1195720 1454240 1197660 1455040] on VIA34 is 162.676
[1195720 1454240 1197660 1455040] on VIA23 is 162.68
[1195720 1454240 1197660 1455040] on VIA12 is 162.683
[1196690 1454240 1436930 1455040] on METAL1 is 162.683
[1436930 1454240 1677830 1455040] on METAL1 is 150.824
[1435960 1454240 1437900 1455040] on VIA12 is 150.878
[1435960 1454240 1437900 1455040] on VIA23 is 150.933
[1435960 1454240 1437900 1455040] on VIA34 is 150.987
[1435930 1454640 1437930 1464720] on METAL4 is 151.307
[1435930 1464720 1437930 1474800] on METAL4 is 151.653
[1435960 1464320 1437900 1465120] on VIA34 is 151.307
[1435960 1464320 1437900 1465120] on VIA23 is 151.243
[1435960 1464320 1437900 1465120] on VIA12 is 151.179
[1436930 1464320 1677830 1465120] on METAL1 is 151.115
[1196690 1464320 1436930 1465120] on METAL1 is 163.435
[1195720 1464320 1197660 1465120] on VIA12 is 163.435
[1195720 1464320 1197660 1465120] on VIA23 is 163.432
[1195720 1464320 1197660 1465120] on VIA34 is 163.429
[1195690 1464720 1197690 1474800] on METAL4 is 164.178
[1195690 1474800 1197690 1484880] on METAL4 is 164.929
[1195720 1474400 1197660 1475200] on VIA34 is 164.181
[1195720 1474400 1197660 1475200] on VIA23 is 164.184
[1195720 1474400 1197660 1475200] on VIA12 is 164.187
[1196690 1474400 1436930 1475200] on METAL1 is 164.187
[1436930 1474400 1677830 1475200] on METAL1 is 151.434
[1435960 1474400 1437900 1475200] on VIA12 is 151.507
[1435960 1474400 1437900 1475200] on VIA23 is 151.58
[1435960 1474400 1437900 1475200] on VIA34 is 151.653
[1435930 1474800 1437930 1484880] on METAL4 is 152.029
[1435930 1484880 1437930 1494960] on METAL4 is 152.44
[1435960 1484480 1437900 1485280] on VIA34 is 152.029
[1435960 1484480 1437900 1485280] on VIA23 is 151.941
[1435960 1484480 1437900 1485280] on VIA12 is 151.854
[1436930 1484480 1677830 1485280] on METAL1 is 151.766
[1196690 1484480 1436930 1485280] on METAL1 is 164.936
[1195720 1484480 1197660 1485280] on VIA12 is 164.936
[1195720 1484480 1197660 1485280] on VIA23 is 164.934
[1195720 1484480 1197660 1485280] on VIA34 is 164.931
[1195690 1484880 1197690 1494960] on METAL4 is 165.678
[1195690 1494960 1197690 1505040] on METAL4 is 166.426
[1195720 1494560 1197660 1495360] on VIA34 is 165.682
[1195720 1494560 1197660 1495360] on VIA23 is 165.686
[1195720 1494560 1197660 1495360] on VIA12 is 165.69
[1196690 1494560 1436930 1495360] on METAL1 is 165.69
[1436930 1494560 1677830 1495360] on METAL1 is 152.166
[1435960 1494560 1437900 1495360] on VIA12 is 152.257
[1435960 1494560 1437900 1495360] on VIA23 is 152.349
[1435960 1494560 1437900 1495360] on VIA34 is 152.44
[1435930 1494960 1437930 1505040] on METAL4 is 152.889
[1435930 1505040 1437930 1515120] on METAL4 is 153.375
[1435960 1504640 1437900 1505440] on VIA34 is 152.889
[1435960 1504640 1437900 1505440] on VIA23 is 152.796
[1435960 1504640 1437900 1505440] on VIA12 is 152.703
[1436930 1504640 1677830 1505440] on METAL1 is 152.61
[1196690 1504640 1436930 1505440] on METAL1 is 166.444
[1195720 1504640 1197660 1505440] on VIA12 is 166.444
[1195720 1504640 1197660 1505440] on VIA23 is 166.438
[1195720 1504640 1197660 1505440] on VIA34 is 166.432
[1195690 1505040 1197690 1515120] on METAL4 is 167.172
[1195690 1515120 1197690 1525200] on METAL4 is 167.914
[1195720 1514720 1197660 1515520] on VIA34 is 167.181
[1195720 1514720 1197660 1515520] on VIA23 is 167.189
[1195720 1514720 1197660 1515520] on VIA12 is 167.198
[1196690 1514720 1436930 1515520] on METAL1 is 167.198
[1436930 1514720 1677830 1515520] on METAL1 is 153.098
[1435960 1514720 1437900 1515520] on VIA12 is 153.191
[1435960 1514720 1437900 1515520] on VIA23 is 153.283
[1435960 1514720 1437900 1515520] on VIA34 is 153.375
[1435930 1515120 1437930 1525200] on METAL4 is 153.899
[1435930 1525200 1437930 1535280] on METAL4 is 154.459
[1435960 1524800 1437900 1525600] on VIA34 is 153.899
[1435960 1524800 1437900 1525600] on VIA23 is 153.81
[1435960 1524800 1437900 1525600] on VIA12 is 153.721
[1436930 1524800 1677830 1525600] on METAL1 is 153.631
[1196690 1524800 1436930 1525600] on METAL1 is 167.951
[1195720 1524800 1197660 1525600] on VIA12 is 167.951
[1195720 1524800 1197660 1525600] on VIA23 is 167.939
[1195720 1524800 1197660 1525600] on VIA34 is 167.927
[1195690 1525200 1197690 1535280] on METAL4 is 168.652
[1195690 1535280 1197690 1545360] on METAL4 is 169.382
[1195720 1534880 1197660 1535680] on VIA34 is 168.668
[1195720 1534880 1197660 1535680] on VIA23 is 168.685
[1195720 1534880 1197660 1535680] on VIA12 is 168.702
[1196690 1534880 1436930 1535680] on METAL1 is 168.702
[1436930 1534880 1677830 1535680] on METAL1 is 154.208
[1435960 1534880 1437900 1535680] on VIA12 is 154.291
[1435960 1534880 1437900 1535680] on VIA23 is 154.375
[1435960 1534880 1437900 1535680] on VIA34 is 154.459
[1435930 1535280 1437930 1545360] on METAL4 is 155.054
[1435930 1545360 1437930 1555440] on METAL4 is 155.679
[1435960 1544960 1437900 1545760] on VIA34 is 155.054
[1435960 1544960 1437900 1545760] on VIA23 is 154.978
[1435960 1544960 1437900 1545760] on VIA12 is 154.902
[1436930 1544960 1677830 1545760] on METAL1 is 154.826
[1196690 1544960 1436930 1545760] on METAL1 is 169.448
[1195720 1544960 1197660 1545760] on VIA12 is 169.448
[1195720 1544960 1197660 1545760] on VIA23 is 169.426
[1195720 1544960 1197660 1545760] on VIA34 is 169.404
[1195690 1545360 1197690 1555440] on METAL4 is 170.103
[1195690 1555440 1197690 1565520] on METAL4 is 170.813
[1195720 1555040 1197660 1555840] on VIA34 is 170.132
[1195720 1555040 1197660 1555840] on VIA23 is 170.161
[1195720 1555040 1197660 1555840] on VIA12 is 170.19
[1196690 1555040 1436930 1555840] on METAL1 is 170.19
[1436930 1555040 1677830 1555840] on METAL1 is 155.499
[1435960 1555040 1437900 1555840] on VIA12 is 155.559
[1435960 1555040 1437900 1555840] on VIA23 is 155.619
[1435960 1555040 1437900 1555840] on VIA34 is 155.679
[1435930 1555440 1437930 1565520] on METAL4 is 156.329
[1435930 1565520 1437930 1575600] on METAL4 is 156.998
[1435960 1565120 1437900 1565920] on VIA34 is 156.329
[1435960 1565120 1437900 1565920] on VIA23 is 156.282
[1435960 1565120 1437900 1565920] on VIA12 is 156.235
[1436930 1565120 1677830 1565920] on METAL1 is 156.188
[1196690 1565120 1436930 1565920] on METAL1 is 170.921
[1195720 1565120 1197660 1565920] on VIA12 is 170.921
[1195720 1565120 1197660 1565920] on VIA23 is 170.885
[1195720 1565120 1197660 1565920] on VIA34 is 170.849
[1195690 1565520 1197690 1575600] on METAL4 is 171.508
[1195690 1575600 1197690 1585680] on METAL4 is 172.185
[1195720 1575200 1197660 1576000] on VIA34 is 171.552
[1195720 1575200 1197660 1576000] on VIA23 is 171.595
[1195720 1575200 1197660 1576000] on VIA12 is 171.638
[1196690 1575200 1436930 1576000] on METAL1 is 171.638
[1436930 1575200 1677830 1576000] on METAL1 is 156.9
[1435960 1575200 1437900 1576000] on VIA12 is 156.933
[1435960 1575200 1437900 1576000] on VIA23 is 156.965
[1435960 1575200 1437900 1576000] on VIA34 is 156.998
[1435930 1575600 1437930 1585680] on METAL4 is 157.68
[1435930 1585680 1437930 1595760] on METAL4 is 158.369
[1435960 1585280 1437900 1586080] on VIA34 is 157.68
[1435960 1585280 1437900 1586080] on VIA23 is 157.662
[1435960 1585280 1437900 1586080] on VIA12 is 157.645
[1436930 1585280 1677830 1586080] on METAL1 is 157.627
[1196690 1585280 1436930 1586080] on METAL1 is 172.34
[1195720 1585280 1197660 1586080] on VIA12 is 172.34
[1195720 1585280 1197660 1586080] on VIA23 is 172.288
[1195720 1585280 1197660 1586080] on VIA34 is 172.237
[1195690 1585680 1197690 1595760] on METAL4 is 172.842
[1195690 1595760 1197690 1605840] on METAL4 is 173.473
[1195720 1595360 1197660 1596160] on VIA34 is 172.902
[1195720 1595360 1197660 1596160] on VIA23 is 172.961
[1195720 1595360 1197660 1596160] on VIA12 is 173.021
[1196690 1595360 1436930 1596160] on METAL1 is 173.021
[1436930 1595360 1677830 1596160] on METAL1 is 158.364
[1435960 1595360 1437900 1596160] on VIA12 is 158.365
[1435960 1595360 1437900 1596160] on VIA23 is 158.367
[1435960 1595360 1437900 1596160] on VIA34 is 158.369
[1435930 1595760 1437930 1605840] on METAL4 is 159.059
[1435930 1605840 1437930 1615920] on METAL4 is 159.744
[1435960 1605440 1437900 1606240] on VIA34 is 159.074
[1435960 1605440 1437900 1606240] on VIA23 is 159.088
[1435960 1605440 1437900 1606240] on VIA12 is 159.102
[1436930 1605440 1677830 1606240] on METAL1 is 159.102
[1196690 1605440 1436930 1606240] on METAL1 is 173.68
[1195720 1605440 1197660 1606240] on VIA12 is 173.68
[1195720 1605440 1197660 1606240] on VIA23 is 173.611
[1195720 1605440 1197660 1606240] on VIA34 is 173.542
[1195690 1605840 1197690 1615920] on METAL4 is 174.077
[1195690 1615920 1197690 1626000] on METAL4 is 174.649
[1195720 1615520 1197660 1616320] on VIA34 is 174.155
[1195720 1615520 1197660 1616320] on VIA23 is 174.234
[1195720 1615520 1197660 1616320] on VIA12 is 174.312
[1196690 1615520 1436930 1616320] on METAL1 is 174.312
[1436930 1615520 1677830 1616320] on METAL1 is 159.846
[1435960 1615520 1437900 1616320] on VIA12 is 159.846
[1435960 1615520 1437900 1616320] on VIA23 is 159.812
[1435960 1615520 1437900 1616320] on VIA34 is 159.778
[1435930 1615920 1437930 1626000] on METAL4 is 160.414
[1435930 1626000 1437930 1636080] on METAL4 is 161.064
[1435960 1625600 1437900 1626400] on VIA34 is 160.464
[1435960 1625600 1437900 1626400] on VIA23 is 160.514
[1435960 1625600 1437900 1626400] on VIA12 is 160.564
[1436930 1625600 1677830 1626400] on METAL1 is 160.564
[1196690 1625600 1436930 1626400] on METAL1 is 174.911
[1195720 1625600 1197660 1626400] on VIA12 is 174.911
[1195720 1625600 1197660 1626400] on VIA23 is 174.824
[1195720 1625600 1197660 1626400] on VIA34 is 174.737
[1195690 1626000 1197690 1636080] on METAL4 is 175.186
[1195690 1636080 1197690 1646160] on METAL4 is 175.684
[1195720 1635680 1197660 1636480] on VIA34 is 175.282
[1195720 1635680 1197660 1636480] on VIA23 is 175.378
[1195720 1635680 1197660 1636480] on VIA12 is 175.475
[1196690 1635680 1436930 1636480] on METAL1 is 175.475
[1436930 1635680 1677830 1636480] on METAL1 is 161.259
[1435960 1635680 1437900 1636480] on VIA12 is 161.259
[1435960 1635680 1437900 1636480] on VIA23 is 161.194
[1435960 1635680 1437900 1636480] on VIA34 is 161.129
[1435930 1636080 1437930 1646160] on METAL4 is 161.688
[1435930 1646160 1437930 1656240] on METAL4 is 162.279
[1435960 1645760 1437900 1646560] on VIA34 is 161.767
[1435960 1645760 1437900 1646560] on VIA23 is 161.847
[1435960 1645760 1437900 1646560] on VIA12 is 161.927
[1436930 1645760 1677830 1646560] on METAL1 is 161.927
[1196690 1645760 1436930 1646560] on METAL1 is 175.999
[1195720 1645760 1197660 1646560] on VIA12 is 175.999
[1195720 1645760 1197660 1646560] on VIA23 is 175.894
[1195720 1645760 1197660 1646560] on VIA34 is 175.789
[1195690 1646160 1197690 1656240] on METAL4 is 176.138
[1195690 1656240 1197690 1666320] on METAL4 is 176.546
[1195720 1655840 1197660 1656640] on VIA34 is 176.252
[1195720 1655840 1197660 1656640] on VIA23 is 176.367
[1195720 1655840 1197660 1656640] on VIA12 is 176.481
[1196690 1655840 1436930 1656640] on METAL1 is 176.481
[1436930 1655840 1677830 1656640] on METAL1 is 162.559
[1435960 1655840 1437900 1656640] on VIA12 is 162.559
[1435960 1655840 1437900 1656640] on VIA23 is 162.466
[1435960 1655840 1437900 1656640] on VIA34 is 162.372
[1435930 1656240 1437930 1666320] on METAL4 is 162.832
[1435930 1666320 1437930 1676400] on METAL4 is 163.342
[1435960 1665920 1437900 1666720] on VIA34 is 162.939
[1435960 1665920 1437900 1666720] on VIA23 is 163.045
[1435960 1665920 1437900 1666720] on VIA12 is 163.152
[1436930 1665920 1677830 1666720] on METAL1 is 163.152
[1196690 1665920 1436930 1666720] on METAL1 is 176.915
[1195720 1665920 1197660 1666720] on VIA12 is 176.915
[1195720 1665920 1197660 1666720] on VIA23 is 176.792
[1195720 1665920 1197660 1666720] on VIA34 is 176.669
[1195690 1666320 1197690 1676400] on METAL4 is 176.904
[1195690 1676400 1197690 1677280] on METAL4 is 176.904
[1195720 1676000 1197660 1676800] on VIA34 is 177.036
[1195720 1676000 1197660 1676800] on VIA23 is 177.167
[1195720 1676000 1197660 1676800] on VIA12 is 177.299
[1196690 1676000 1436930 1676800] on METAL1 is 177.299
[1436930 1676000 1677830 1676800] on METAL1 is 163.691
[1435960 1676000 1437900 1676800] on VIA12 is 163.691
[1435960 1676000 1437900 1676800] on VIA23 is 163.575
[1435960 1676000 1437900 1676800] on VIA34 is 163.458
[1435930 1676400 1437930 1677280] on METAL4 is 163.342
[1435930 1677280 1437930 1686480] on METAL4 is 164.177
[1435950 1676300 1437910 1678260] on VIA45 is 163.342
[1436930 1676280 1677830 1678280] on METAL5 is 162.276
[1196690 1676280 1436930 1678280] on METAL5 is 175.892
[1195710 1676300 1197670 1678260] on VIA45 is 176.904
[1195690 1677280 1197690 1686480] on METAL4 is 177.567
[1195690 1686480 1197690 1696560] on METAL4 is 178.238
[1195720 1686080 1197660 1686880] on VIA34 is 177.706
[1195720 1686080 1197660 1686880] on VIA23 is 177.845
[1195720 1686080 1197660 1686880] on VIA12 is 177.984
[1196690 1686080 1436930 1686880] on METAL1 is 177.984
[1436930 1686080 1677830 1686880] on METAL1 is 164.554
[1435960 1686080 1437900 1686880] on VIA12 is 164.554
[1435960 1686080 1437900 1686880] on VIA23 is 164.429
[1435960 1686080 1437900 1686880] on VIA34 is 164.303
[1435930 1686480 1437930 1696560] on METAL4 is 165.042
[1435930 1696560 1437930 1706640] on METAL4 is 165.851
[1435960 1696160 1437900 1696960] on VIA34 is 165.177
[1435960 1696160 1437900 1696960] on VIA23 is 165.313
[1435960 1696160 1437900 1696960] on VIA12 is 165.448
[1436930 1696160 1677830 1696960] on METAL1 is 165.448
[1196690 1696160 1436930 1696960] on METAL1 is 178.678
[1195720 1696160 1197660 1696960] on VIA12 is 178.678
[1195720 1696160 1197660 1696960] on VIA23 is 178.531
[1195720 1696160 1197660 1696960] on VIA34 is 178.385
[1195690 1696560 1197690 1706640] on METAL4 is 178.848
[1195690 1706640 1197690 1716720] on METAL4 is 179.395
[1195720 1706240 1197660 1707040] on VIA34 is 179.003
[1195720 1706240 1197660 1707040] on VIA23 is 179.158
[1195720 1706240 1197660 1707040] on VIA12 is 179.312
[1196690 1706240 1436930 1707040] on METAL1 is 179.312
[1436930 1706240 1677830 1707040] on METAL1 is 166.286
[1435960 1706240 1437900 1707040] on VIA12 is 166.286
[1435960 1706240 1437900 1707040] on VIA23 is 166.141
[1435960 1706240 1437900 1707040] on VIA34 is 165.996
[1435930 1706640 1437930 1716720] on METAL4 is 166.602
[1435930 1716720 1437930 1726800] on METAL4 is 167.289
[1435960 1716320 1437900 1717120] on VIA34 is 166.756
[1435960 1716320 1437900 1717120] on VIA23 is 166.911
[1435960 1716320 1437900 1717120] on VIA12 is 167.065
[1436930 1716320 1677830 1717120] on METAL1 is 167.065
[1196690 1716320 1436930 1717120] on METAL1 is 179.884
[1195720 1716320 1197660 1717120] on VIA12 is 179.884
[1195720 1716320 1197660 1717120] on VIA23 is 179.721
[1195720 1716320 1197660 1717120] on VIA34 is 179.558
[1195690 1716720 1197690 1726800] on METAL4 is 179.876
[1195690 1726800 1197690 1736880] on METAL4 is 180.288
[1195720 1726400 1197660 1727200] on VIA34 is 180.047
[1195720 1726400 1197660 1727200] on VIA23 is 180.218
[1195720 1726400 1197660 1727200] on VIA12 is 180.388
[1196690 1726400 1436930 1727200] on METAL1 is 180.388
[1436930 1726400 1677830 1727200] on METAL1 is 167.781
[1435960 1726400 1437900 1727200] on VIA12 is 167.781
[1435960 1726400 1437900 1727200] on VIA23 is 167.617
[1435960 1726400 1437900 1727200] on VIA34 is 167.453
[1435930 1726800 1437930 1736880] on METAL4 is 167.91
[1435930 1736880 1437930 1746960] on METAL4 is 168.46
[1435960 1736480 1437900 1737280] on VIA34 is 168.083
[1435960 1736480 1437900 1737280] on VIA23 is 168.256
[1435960 1736480 1437900 1737280] on VIA12 is 168.429
[1436930 1736480 1677830 1737280] on METAL1 is 168.429
[1196690 1736480 1436930 1737280] on METAL1 is 180.824
[1195720 1736480 1197660 1737280] on VIA12 is 180.824
[1195720 1736480 1197660 1737280] on VIA23 is 180.645
[1195720 1736480 1197660 1737280] on VIA34 is 180.467
[1195690 1736880 1197690 1746960] on METAL4 is 180.627
[1195690 1746960 1197690 1757040] on METAL4 is 180.89
[1195720 1746560 1197660 1747360] on VIA34 is 180.813
[1195720 1746560 1197660 1747360] on VIA23 is 181
[1195720 1746560 1197660 1747360] on VIA12 is 181.187
[1196690 1746560 1436930 1747360] on METAL1 is 181.187
[1436930 1746560 1677830 1747360] on METAL1 is 169.007
[1435960 1746560 1437900 1747360] on VIA12 is 169.007
[1435960 1746560 1437900 1747360] on VIA23 is 168.825
[1435960 1746560 1437900 1747360] on VIA34 is 168.642
[1435930 1746960 1437930 1757040] on METAL4 is 168.936
[1435930 1757040 1437930 1767120] on METAL4 is 169.335
[1435960 1756640 1437900 1757440] on VIA34 is 169.128
[1435960 1756640 1437900 1757440] on VIA23 is 169.319
[1435960 1756640 1437900 1757440] on VIA12 is 169.51
[1436930 1756640 1677830 1757440] on METAL1 is 169.51
[1196690 1756640 1436930 1757440] on METAL1 is 181.474
[1195720 1756640 1197660 1757440] on VIA12 is 181.474
[1195720 1756640 1197660 1757440] on VIA23 is 181.279
[1195720 1756640 1197660 1757440] on VIA34 is 181.084
[1195690 1757040 1197690 1767120] on METAL4 is 181.073
[1195690 1767120 1197690 1777200] on METAL4 is 181.175
[1195720 1766720 1197660 1767520] on VIA34 is 181.276
[1195720 1766720 1197660 1767520] on VIA23 is 181.479
[1195720 1766720 1197660 1767520] on VIA12 is 181.682
[1196690 1766720 1436930 1767520] on METAL1 is 181.682
[1436930 1766720 1677830 1767520] on METAL1 is 169.935
[1435960 1766720 1437900 1767520] on VIA12 is 169.935
[1435960 1766720 1437900 1767520] on VIA23 is 169.735
[1435960 1766720 1437900 1767520] on VIA34 is 169.535
[1435930 1767120 1437930 1777200] on METAL4 is 169.651
[1435930 1777200 1437930 1787280] on METAL4 is 169.883
[1435960 1776800 1437900 1777600] on VIA34 is 169.861
[1435960 1776800 1437900 1777600] on VIA23 is 170.07
[1435960 1776800 1437900 1777600] on VIA12 is 170.279
[1436930 1776800 1677830 1777600] on METAL1 is 170.279
[1196690 1776800 1436930 1777600] on METAL1 is 181.807
[1195720 1776800 1197660 1777600] on VIA12 is 181.807
[1195720 1776800 1197660 1777600] on VIA23 is 181.596
[1195720 1776800 1197660 1777600] on VIA34 is 181.385
[1195690 1777200 1197690 1787280] on METAL4 is 181.19
[1195690 1787280 1197690 1797360] on METAL4 is 181.19
[1195720 1786880 1197660 1787680] on VIA34 is 181.409
[1195720 1786880 1197660 1787680] on VIA23 is 181.628
[1195720 1786880 1197660 1787680] on VIA12 is 181.848
[1196690 1786880 1436930 1787680] on METAL1 is 181.848
[1436930 1786880 1677830 1787680] on METAL1 is 170.537
[1435960 1786880 1437900 1787680] on VIA12 is 170.537
[1435960 1786880 1437900 1787680] on VIA23 is 170.319
[1435960 1786880 1437900 1787680] on VIA34 is 170.101
[1435930 1787280 1437930 1797360] on METAL4 is 170.025
[1435930 1797360 1437930 1807440] on METAL4 is 170.075
[1435960 1796960 1437900 1797760] on VIA34 is 170.253
[1435960 1796960 1437900 1797760] on VIA23 is 170.48
[1435960 1796960 1437900 1797760] on VIA12 is 170.707
[1436930 1796960 1677830 1797760] on METAL1 is 170.707
[1196690 1796960 1436930 1797760] on METAL1 is 181.799
[1195720 1796960 1197660 1797760] on VIA12 is 181.799
[1195720 1796960 1197660 1797760] on VIA23 is 181.571
[1195720 1796960 1197660 1797760] on VIA34 is 181.343
[1195690 1797360 1197690 1807440] on METAL4 is 181.116
[1195690 1807440 1197690 1817520] on METAL4 is 180.949
[1195720 1807040 1197660 1807840] on VIA34 is 181.185
[1195720 1807040 1197660 1807840] on VIA23 is 181.422
[1195720 1807040 1197660 1807840] on VIA12 is 181.658
[1196690 1807040 1436930 1807840] on METAL1 is 181.658
[1436930 1807040 1677830 1807840] on METAL1 is 170.785
[1435960 1807040 1437900 1807840] on VIA12 is 170.785
[1435960 1807040 1437900 1807840] on VIA23 is 170.548
[1435960 1807040 1437900 1807840] on VIA34 is 170.312
[1435930 1807440 1437930 1817520] on METAL4 is 170.075
[1435930 1817520 1437930 1827600] on METAL4 is 170.029
[1435960 1817120 1437900 1817920] on VIA34 is 170.275
[1435960 1817120 1437900 1817920] on VIA23 is 170.521
[1435960 1817120 1437900 1817920] on VIA12 is 170.766
[1436930 1817120 1677830 1817920] on METAL1 is 170.766
[1196690 1817120 1436930 1817920] on METAL1 is 181.422
[1195720 1817120 1197660 1817920] on VIA12 is 181.422
[1195720 1817120 1197660 1817920] on VIA23 is 181.176
[1195720 1817120 1197660 1817920] on VIA34 is 180.931
[1195690 1817520 1197690 1827600] on METAL4 is 180.686
[1195690 1827600 1197690 1837680] on METAL4 is 180.323
[1195720 1827200 1197660 1828000] on VIA34 is 180.577
[1195720 1827200 1197660 1828000] on VIA23 is 180.832
[1195720 1827200 1197660 1828000] on VIA12 is 181.086
[1196690 1827200 1436930 1828000] on METAL1 is 181.086
[1436930 1827200 1677830 1828000] on METAL1 is 170.648
[1435960 1827200 1437900 1828000] on VIA12 is 170.648
[1435960 1827200 1437900 1828000] on VIA23 is 170.393
[1435960 1827200 1437900 1828000] on VIA34 is 170.138
[1435930 1827600 1437930 1837680] on METAL4 is 169.883
[1435930 1837680 1437930 1847760] on METAL4 is 169.633
[1435960 1837280 1437900 1838080] on VIA34 is 169.897
[1435960 1837280 1437900 1838080] on VIA23 is 170.162
[1435960 1837280 1437900 1838080] on VIA12 is 170.427
[1436930 1837280 1677830 1838080] on METAL1 is 170.427
[1196690 1837280 1436930 1838080] on METAL1 is 180.648
[1195720 1837280 1197660 1838080] on VIA12 is 180.648
[1195720 1837280 1197660 1838080] on VIA23 is 180.384
[1195720 1837280 1197660 1838080] on VIA34 is 180.12
[1195690 1837680 1197690 1847760] on METAL4 is 179.856
[1195690 1847760 1197690 1857840] on METAL4 is 179.282
[1195720 1847360 1197660 1848160] on VIA34 is 179.556
[1195720 1847360 1197660 1848160] on VIA23 is 179.829
[1195720 1847360 1197660 1848160] on VIA12 is 180.103
[1196690 1847360 1436930 1848160] on METAL1 is 180.103
[1436930 1847360 1677830 1848160] on METAL1 is 170.098
[1435960 1847360 1437900 1848160] on VIA12 is 170.098
[1435960 1847360 1437900 1848160] on VIA23 is 169.824
[1435960 1847360 1437900 1848160] on VIA34 is 169.549
[1435930 1847760 1437930 1857840] on METAL4 is 169.275
[1435930 1857840 1437930 1867920] on METAL4 is 168.806
[1435960 1857440 1437900 1858240] on VIA34 is 169.09
[1435960 1857440 1437900 1858240] on VIA23 is 169.374
[1435960 1857440 1437900 1858240] on VIA12 is 169.659
[1436930 1857440 1677830 1858240] on METAL1 is 169.659
[1196690 1857440 1436930 1858240] on METAL1 is 179.448
[1195720 1857440 1197660 1858240] on VIA12 is 179.448
[1195720 1857440 1197660 1858240] on VIA23 is 179.164
[1195720 1857440 1197660 1858240] on VIA34 is 178.88
[1195690 1857840 1197690 1867920] on METAL4 is 178.596
[1195690 1867920 1197690 1878000] on METAL4 is 177.795
[1195720 1867520 1197660 1868320] on VIA34 is 178.089
[1195720 1867520 1197660 1868320] on VIA23 is 178.384
[1195720 1867520 1197660 1868320] on VIA12 is 178.678
[1196690 1867520 1436930 1868320] on METAL1 is 178.678
[1436930 1867520 1677830 1868320] on METAL1 is 169.104
[1435960 1867520 1437900 1868320] on VIA12 is 169.104
[1435960 1867520 1437900 1868320] on VIA23 is 168.81
[1435960 1867520 1437900 1868320] on VIA34 is 168.515
[1435930 1867920 1437930 1878000] on METAL4 is 168.22
[1435930 1878000 1437930 1888080] on METAL4 is 167.515
[1435960 1877600 1437900 1878400] on VIA34 is 167.82
[1435960 1877600 1437900 1878400] on VIA23 is 168.126
[1435960 1877600 1437900 1878400] on VIA12 is 168.431
[1436930 1877600 1677830 1878400] on METAL1 is 168.431
[1196690 1877600 1436930 1878400] on METAL1 is 177.79
[1195720 1877600 1197660 1878400] on VIA12 is 177.79
[1195720 1877600 1197660 1878400] on VIA23 is 177.485
[1195720 1877600 1197660 1878400] on VIA34 is 177.179
[1195690 1878000 1197690 1888080] on METAL4 is 176.873
[1195690 1888080 1197690 1898160] on METAL4 is 175.827
[1195720 1887680 1197660 1888480] on VIA34 is 176.145
[1195720 1887680 1197660 1888480] on VIA23 is 176.462
[1195720 1887680 1197660 1888480] on VIA12 is 176.78
[1196690 1887680 1436930 1888480] on METAL1 is 176.78
[1436930 1887680 1677830 1888480] on METAL1 is 167.635
[1435960 1887680 1437900 1888480] on VIA12 is 167.635
[1435960 1887680 1437900 1888480] on VIA23 is 167.318
[1435960 1887680 1437900 1888480] on VIA34 is 167.002
[1435930 1888080 1437930 1898160] on METAL4 is 166.685
[1435930 1898160 1437930 1908240] on METAL4 is 165.727
[1435960 1897760 1437900 1898560] on VIA34 is 166.055
[1435960 1897760 1437900 1898560] on VIA23 is 166.383
[1435960 1897760 1437900 1898560] on VIA12 is 166.711
[1436930 1897760 1677830 1898560] on METAL1 is 166.711
[1196690 1897760 1436930 1898560] on METAL1 is 175.641
[1195720 1897760 1197660 1898560] on VIA12 is 175.641
[1195720 1897760 1197660 1898560] on VIA23 is 175.312
[1195720 1897760 1197660 1898560] on VIA34 is 174.982
[1195690 1898160 1197690 1908240] on METAL4 is 174.652
[1195690 1908240 1197690 1917630] on METAL4 is 173.343
[1195720 1907840 1197660 1908640] on VIA34 is 173.686
[1195720 1907840 1197660 1908640] on VIA23 is 174.028
[1195720 1907840 1197660 1908640] on VIA12 is 174.371
[1196690 1907840 1436930 1908640] on METAL1 is 174.371
[1436930 1907840 1677830 1908640] on METAL1 is 165.655
[1435960 1907840 1437900 1908640] on VIA12 is 165.655
[1435960 1907840 1437900 1908640] on VIA23 is 165.315
[1435960 1907840 1437900 1908640] on VIA34 is 164.974
[1435930 1908240 1437930 1917630] on METAL4 is 164.634
[1435930 1917630 1437930 1918320] on METAL4 is 163.488
[1435950 1916650 1437910 1918610] on VIA45 is 163.488
[1436930 1916630 1677830 1918630] on METAL5 is 163.351
[1196690 1916630 1436930 1918630] on METAL5 is 171.866
[1195710 1916650 1197670 1918610] on VIA45 is 171.993
[1195690 1917630 1197690 1918320] on METAL4 is 171.993
[1195690 1918320 1197690 1928400] on METAL4 is 171.993
[1195720 1917920 1197660 1918720] on VIA34 is 172.349
[1195720 1917920 1197660 1918720] on VIA23 is 172.704
[1195720 1917920 1197660 1918720] on VIA12 is 173.06
[1196690 1917920 1436930 1918720] on METAL1 is 173.06
[1436930 1917920 1677830 1918720] on METAL1 is 164.543
[1435960 1917920 1437900 1918720] on VIA12 is 164.543
[1435960 1917920 1437900 1918720] on VIA23 is 164.192
[1435960 1917920 1437900 1918720] on VIA34 is 163.84
[1435930 1918320 1437930 1928400] on METAL4 is 163.488
[1435930 1928400 1437930 1938480] on METAL4 is 162.035
[1435960 1928000 1437900 1928800] on VIA34 is 162.403
[1435960 1928000 1437900 1928800] on VIA23 is 162.77
[1435960 1928000 1437900 1928800] on VIA12 is 163.138
[1436930 1928000 1677830 1928800] on METAL1 is 163.138
[1196690 1928000 1436930 1928800] on METAL1 is 171.44
[1195720 1928000 1197660 1928800] on VIA12 is 171.44
[1195720 1928000 1197660 1928800] on VIA23 is 171.065
[1195720 1928000 1197660 1928800] on VIA34 is 170.691
[1195690 1928400 1197690 1938480] on METAL4 is 170.316
[1195690 1938480 1197690 1948560] on METAL4 is 168.486
[1195720 1938080 1197660 1938880] on VIA34 is 168.881
[1195720 1938080 1197660 1938880] on VIA23 is 169.276
[1195720 1938080 1197660 1938880] on VIA12 is 169.67
[1196690 1938080 1436930 1938880] on METAL1 is 169.67
[1436930 1938080 1677830 1938880] on METAL1 is 161.585
[1435960 1938080 1437900 1938880] on VIA12 is 161.585
[1435960 1938080 1437900 1938880] on VIA23 is 161.201
[1435960 1938080 1437900 1938880] on VIA34 is 160.817
[1435930 1938480 1437930 1948560] on METAL4 is 160.433
[1435930 1948560 1437930 1958640] on METAL4 is 158.674
[1435960 1948160 1437900 1948960] on VIA34 is 159.075
[1435960 1948160 1437900 1948960] on VIA23 is 159.476
[1435960 1948160 1437900 1948960] on VIA12 is 159.878
[1436930 1948160 1677830 1948960] on METAL1 is 159.878
[1196690 1948160 1436930 1948960] on METAL1 is 167.744
[1195720 1948160 1197660 1948960] on VIA12 is 167.744
[1195720 1948160 1197660 1948960] on VIA23 is 167.328
[1195720 1948160 1197660 1948960] on VIA34 is 166.912
[1195690 1948560 1197690 1958640] on METAL4 is 166.495
[1195690 1958640 1197690 1968720] on METAL4 is 164.335
[1195720 1958240 1197660 1959040] on VIA34 is 164.774
[1195720 1958240 1197660 1959040] on VIA23 is 165.214
[1195720 1958240 1197660 1959040] on VIA12 is 165.653
[1196690 1958240 1436930 1959040] on METAL1 is 165.653
[1436930 1958240 1677830 1959040] on METAL1 is 158.01
[1435960 1958240 1437900 1959040] on VIA12 is 158.01
[1435960 1958240 1437900 1959040] on VIA23 is 157.591
[1435960 1958240 1437900 1959040] on VIA34 is 157.171
[1435930 1958640 1437930 1968720] on METAL4 is 156.751
[1435930 1968720 1437930 1978800] on METAL4 is 154.658
[1435960 1968320 1437900 1969120] on VIA34 is 155.097
[1435960 1968320 1437900 1969120] on VIA23 is 155.536
[1435960 1968320 1437900 1969120] on VIA12 is 155.976
[1436930 1968320 1677830 1969120] on METAL1 is 155.976
[1196690 1968320 1436930 1969120] on METAL1 is 163.389
[1195720 1968320 1197660 1969120] on VIA12 is 163.389
[1195720 1968320 1197660 1969120] on VIA23 is 162.924
[1195720 1968320 1197660 1969120] on VIA34 is 162.46
[1195690 1968720 1197690 1978800] on METAL4 is 161.996
[1195690 1978800 1197690 1988880] on METAL4 is 159.468
[1195720 1978400 1197660 1979200] on VIA34 is 159.959
[1195720 1978400 1197660 1979200] on VIA23 is 160.45
[1195720 1978400 1197660 1979200] on VIA12 is 160.941
[1196690 1978400 1436930 1979200] on METAL1 is 160.941
[1436930 1978400 1677830 1979200] on METAL1 is 153.766
[1435960 1978400 1437900 1979200] on VIA12 is 153.766
[1435960 1978400 1437900 1979200] on VIA23 is 153.306
[1435960 1978400 1437900 1979200] on VIA34 is 152.846
[1435930 1978800 1437930 1988880] on METAL4 is 152.386
[1435930 1988880 1437930 1998960] on METAL4 is 149.927
[1435960 1988480 1437900 1989280] on VIA34 is 150.409
[1435960 1988480 1437900 1989280] on VIA23 is 150.891
[1435960 1988480 1437900 1989280] on VIA12 is 151.373
[1436930 1988480 1677830 1989280] on METAL1 is 151.373
[1196690 1988480 1436930 1989280] on METAL1 is 158.302
[1195720 1988480 1197660 1989280] on VIA12 is 158.302
[1195720 1988480 1197660 1989280] on VIA23 is 157.781
[1195720 1988480 1197660 1989280] on VIA34 is 157.26
[1195690 1988880 1197690 1998960] on METAL4 is 156.74
[1195690 1998960 1197690 2009040] on METAL4 is 153.799
[1195720 1998560 1197660 1999360] on VIA34 is 154.352
[1195720 1998560 1197660 1999360] on VIA23 is 154.905
[1195720 1998560 1197660 1999360] on VIA12 is 155.458
[1196690 1998560 1436930 1999360] on METAL1 is 155.458
[1436930 1998560 1677830 1999360] on METAL1 is 148.789
[1435960 1998560 1437900 1999360] on VIA12 is 148.789
[1435960 1998560 1437900 1999360] on VIA23 is 148.283
[1435960 1998560 1437900 1999360] on VIA34 is 147.777
[1435930 1998960 1437930 2009040] on METAL4 is 147.271
[1435930 2009040 1437930 2019120] on METAL4 is 144.409
[1435960 2008640 1437900 2009440] on VIA34 is 144.941
[1435960 2008640 1437900 2009440] on VIA23 is 145.473
[1435960 2008640 1437900 2009440] on VIA12 is 146.005
[1436930 2008640 1677830 2009440] on METAL1 is 146.005
[1196690 2008640 1436930 2009440] on METAL1 is 152.4
[1195720 2008640 1197660 2009440] on VIA12 is 152.4
[1195720 2008640 1197660 2009440] on VIA23 is 151.811
[1195720 2008640 1197660 2009440] on VIA34 is 151.223
[1195690 2009040 1197690 2019120] on METAL4 is 150.634
[1195690 2019120 1197690 2029200] on METAL4 is 147.229
[1195720 2018720 1197660 2019520] on VIA34 is 147.857
[1195720 2018720 1197660 2019520] on VIA23 is 148.485
[1195720 2018720 1197660 2019520] on VIA12 is 149.113
[1196690 2018720 1436930 2019520] on METAL1 is 149.113
[1436930 2018720 1677830 2019520] on METAL1 is 143.01
[1435960 2018720 1437900 2019520] on VIA12 is 143.01
[1435960 2018720 1437900 2019520] on VIA23 is 142.45
[1435960 2018720 1437900 2019520] on VIA34 is 141.891
[1435930 2019120 1437930 2029200] on METAL4 is 141.331
[1435930 2029200 1437930 2039280] on METAL4 is 138.025
[1435960 2028800 1437900 2029600] on VIA34 is 138.615
[1435960 2028800 1437900 2029600] on VIA23 is 139.204
[1435960 2028800 1437900 2029600] on VIA12 is 139.794
[1436930 2028800 1677830 2029600] on METAL1 is 139.794
[1196690 2028800 1436930 2029600] on METAL1 is 145.584
[1195720 2028800 1197660 2029600] on VIA12 is 145.584
[1195720 2028800 1197660 2029600] on VIA23 is 144.912
[1195720 2028800 1197660 2029600] on VIA34 is 144.24
[1195690 2029200 1197690 2039280] on METAL4 is 143.568
[1195690 2039280 1197690 2049360] on METAL4 is 139.633
[1195720 2038880 1197660 2039680] on VIA34 is 140.354
[1195720 2038880 1197660 2039680] on VIA23 is 141.075
[1195720 2038880 1197660 2039680] on VIA12 is 141.796
[1196690 2038880 1436930 2039680] on METAL1 is 141.796
[1436930 2038880 1677830 2039680] on METAL1 is 136.63
[1435960 2038880 1437900 2039680] on VIA12 is 136.345
[1435960 2038880 1437900 2039680] on VIA23 is 135.723
[1435960 2038880 1437900 2039680] on VIA34 is 135.101
[1435930 2039280 1437930 2049360] on METAL4 is 134.479
[1435930 2049360 1437930 2059440] on METAL4 is 130.679
[1435960 2048960 1437900 2049760] on VIA34 is 131.337
[1435960 2048960 1437900 2049760] on VIA23 is 131.994
[1435960 2048960 1437900 2049760] on VIA12 is 132.651
[1436930 2048960 1677830 2049760] on METAL1 is 134.166
[1196690 2048960 1436930 2049760] on METAL1 is 137.733
[1195720 2048960 1197660 2049760] on VIA12 is 137.733
[1195720 2048960 1197660 2049760] on VIA23 is 136.957
[1195720 2048960 1197660 2049760] on VIA34 is 136.181
[1195690 2049360 1197690 2059440] on METAL4 is 135.405
[1195690 2059440 1197690 2069520] on METAL4 is 130.861
[1195720 2059040 1197660 2059840] on VIA34 is 131.699
[1195720 2059040 1197660 2059840] on VIA23 is 132.536
[1195720 2059040 1197660 2059840] on VIA12 is 133.374
[1196690 2059040 1436930 2059840] on METAL1 is 133.374
[1436930 2059040 1677830 2059840] on METAL1 is 131.555
[1435960 2059040 1437900 2059840] on VIA12 is 128.699
[1435960 2059040 1437900 2059840] on VIA23 is 128.004
[1435960 2059040 1437900 2059840] on VIA34 is 127.308
[1435930 2059440 1437930 2069520] on METAL4 is 126.612
[1435930 2069520 1437930 2079600] on METAL4 is 122.262
[1435960 2069120 1437900 2069920] on VIA34 is 122.999
[1435960 2069120 1437900 2069920] on VIA23 is 123.737
[1435960 2069120 1437900 2069920] on VIA12 is 124.474
[1436930 2069120 1677830 2069920] on METAL1 is 128.796
[1196690 2069120 1436930 2069920] on METAL1 is 128.698
[1195720 2069120 1197660 2069920] on VIA12 is 128.698
[1195720 2069120 1197660 2069920] on VIA23 is 127.791
[1195720 2069120 1197660 2069920] on VIA34 is 126.883
[1195690 2069520 1197690 2079600] on METAL4 is 125.975
[1195690 2079600 1197690 2089680] on METAL4 is 120.72
[1195720 2079200 1197660 2080000] on VIA34 is 121.707
[1195720 2079200 1197660 2080000] on VIA23 is 122.694
[1195720 2079200 1197660 2080000] on VIA12 is 123.681
[1196690 2079200 1436930 2080000] on METAL1 is 123.681
[1436930 2079200 1677830 2080000] on METAL1 is 125.892
[1435960 2079200 1437900 2080000] on VIA12 is 119.96
[1435960 2079200 1437900 2080000] on VIA23 is 119.177
[1435960 2079200 1437900 2080000] on VIA34 is 118.394
[1435930 2079600 1437930 2089680] on METAL4 is 117.611
[1435930 2089680 1437930 2099760] on METAL4 is 112.642
[1435960 2089280 1437900 2090080] on VIA34 is 113.474
[1435960 2089280 1437900 2090080] on VIA23 is 114.306
[1435960 2089280 1437900 2090080] on VIA12 is 115.139
[1436930 2089280 1677830 2090080] on METAL1 is 122.843
[1196690 2089280 1436930 2090080] on METAL1 is 118.294
[1195720 2089280 1197660 2090080] on VIA12 is 118.294
[1195720 2089280 1197660 2090080] on VIA23 is 117.217
[1195720 2089280 1197660 2090080] on VIA34 is 116.14
[1195690 2089680 1197690 2099760] on METAL4 is 115.063
[1195690 2099760 1197690 2109840] on METAL4 is 108.967
[1195720 2099360 1197660 2100160] on VIA34 is 110.147
[1195720 2099360 1197660 2100160] on VIA23 is 111.327
[1195720 2099360 1197660 2100160] on VIA12 is 112.507
[1196690 2099360 1436930 2100160] on METAL1 is 112.507
[1436930 2099360 1677830 2100160] on METAL1 is 119.653
[1435960 2099360 1437900 2100160] on VIA12 is 109.992
[1435960 2099360 1437900 2100160] on VIA23 is 109.106
[1435960 2099360 1437900 2100160] on VIA34 is 108.22
[1435930 2099760 1437930 2109840] on METAL4 is 107.334
[1435930 2109840 1437930 2119920] on METAL4 is 101.664
[1435960 2109440 1437900 2110240] on VIA34 is 102.61
[1435960 2109440 1437900 2110240] on VIA23 is 103.555
[1435960 2109440 1437900 2110240] on VIA12 is 104.5
[1436930 2109440 1677830 2110240] on METAL1 is 116.326
[1196690 2109440 1436930 2110240] on METAL1 is 106.283
[1195720 2109440 1197660 2110240] on VIA12 is 106.283
[1195720 2109440 1197660 2110240] on VIA23 is 104.986
[1195720 2109440 1197660 2110240] on VIA34 is 103.689
[1195690 2109840 1197690 2119920] on METAL4 is 102.391
[1195720 2119520 1197660 2120320] on VIA34 is 96.719
[1195720 2119520 1197660 2120320] on VIA23 is 98.152
[1195720 2119520 1197660 2120320] on VIA12 is 99.584
[1196690 2119520 1436930 2120320] on METAL1 is 99.584
[1436930 2119520 1677830 2120320] on METAL1 is 112.868
[1435960 2119520 1437900 2120320] on VIA12 is 98.638
[1435960 2119520 1437900 2120320] on VIA23 is 97.629
[1435960 2119520 1437900 2120320] on VIA34 is 96.62
[1677830 2119520 1918070 2120320] on METAL1 is 123.552
[1676860 2119520 1678800 2120320] on VIA12 is 112.868
[1676860 2119520 1678800 2120320] on VIA23 is 112.627
[1676860 2119520 1678800 2120320] on VIA34 is 112.386
[1676830 2109840 1678830 2119920] on METAL4 is 115.512
[1676830 2099760 1678830 2109840] on METAL4 is 118.768
[1676860 2109440 1678800 2110240] on VIA34 is 115.783
[1676860 2109440 1678800 2110240] on VIA23 is 116.055
[1676860 2109440 1678800 2110240] on VIA12 is 116.326
[1677830 2109440 1918070 2110240] on METAL1 is 125.348
[1918070 2109440 2180290 2110240] on METAL1 is 128.419
[1917100 2109440 1919040 2110240] on VIA12 is 125.348
[1917100 2109440 1919040 2110240] on VIA23 is 125.218
[1917100 2109440 1919040 2110240] on VIA34 is 125.089
[1917070 2099760 1919070 2109840] on METAL4 is 126.651
[1917070 2109840 1919070 2119920] on METAL4 is 124.959
[1917100 2119520 1919040 2120320] on VIA34 is 123.327
[1917100 2119520 1919040 2120320] on VIA23 is 123.439
[1917100 2119520 1919040 2120320] on VIA12 is 123.552
[1918070 2119520 2180290 2120320] on METAL1 is 127.976
[2180290 2119520 2185290 2120320] on METAL1 is 127.976
[2175420 2119520 2185160 2120320] on VIA12 is 127.976
[2175290 2109840 2185290 2119920] on METAL2 is 128.362
[2175290 2119920 2185290 2130000] on METAL2 is 127.93
[2175420 2129600 2185160 2130400] on VIA12 is 127.515
[2180290 2129600 2185290 2130400] on METAL1 is 127.515
[2175290 2099760 2185290 2109840] on METAL2 is 128.772
[2175420 2109440 2185160 2110240] on VIA12 is 128.419
[2180290 2109440 2185290 2110240] on METAL1 is 128.419
[2175290 2089680 2185290 2099760] on METAL2 is 129.156
[2175420 2099360 2185160 2100160] on VIA12 is 128.84
[2180290 2099360 2185290 2100160] on METAL1 is 128.84
[1918070 2099360 2180290 2100160] on METAL1 is 128.84
[1677830 2099360 1918070 2100160] on METAL1 is 127.087
[1917100 2099360 1919040 2100160] on VIA12 is 127.087
[1917100 2099360 1919040 2100160] on VIA23 is 126.942
[1917100 2099360 1919040 2100160] on VIA34 is 126.796
[1917070 2089680 1919070 2099760] on METAL4 is 128.283
[1917070 2079600 1919070 2089680] on METAL4 is 129.851
[1917100 2089280 1919040 2090080] on VIA34 is 128.443
[1917100 2089280 1919040 2090080] on VIA23 is 128.602
[1917100 2089280 1919040 2090080] on VIA12 is 128.762
[1918070 2089280 2180290 2090080] on METAL1 is 129.234
[1677830 2089280 1918070 2090080] on METAL1 is 128.762
[1676860 2089280 1678800 2090080] on VIA12 is 122.843
[1676860 2089280 1678800 2090080] on VIA23 is 122.53
[1676860 2089280 1678800 2090080] on VIA34 is 122.217
[1676830 2079600 1678830 2089680] on METAL4 is 124.913
[1676830 2089680 1678830 2099760] on METAL4 is 121.904
[1676860 2099360 1678800 2100160] on VIA34 is 119.063
[1676860 2099360 1678800 2100160] on VIA23 is 119.358
[1676860 2099360 1678800 2100160] on VIA12 is 119.653
[1676830 2069520 1678830 2079600] on METAL4 is 127.789
[1676860 2079200 1678800 2080000] on VIA34 is 125.239
[1676860 2079200 1678800 2080000] on VIA23 is 125.565
[1676860 2079200 1678800 2080000] on VIA12 is 125.892
[1677830 2079200 1918070 2080000] on METAL1 is 130.367
[1918070 2079200 2180290 2080000] on METAL1 is 130.367
[1917100 2079200 1919040 2080000] on VIA12 is 130.367
[1917100 2079200 1919040 2080000] on VIA23 is 130.195
[1917100 2079200 1919040 2080000] on VIA34 is 130.023
[1917070 2069520 1919070 2079600] on METAL4 is 131.349
[1917070 2059440 1919070 2069520] on METAL4 is 132.772
[1917100 2069120 1919040 2069920] on VIA34 is 131.532
[1917100 2069120 1919040 2069920] on VIA23 is 131.715
[1917100 2069120 1919040 2069920] on VIA12 is 131.899
[1918070 2069120 2180290 2069920] on METAL1 is 131.899
[1677830 2069120 1918070 2069920] on METAL1 is 131.899
[1676860 2069120 1678800 2069920] on VIA12 is 128.796
[1676860 2069120 1678800 2069920] on VIA23 is 128.46
[1676860 2069120 1678800 2069920] on VIA34 is 128.124
[1676830 2059440 1678830 2069520] on METAL4 is 130.528
[1676830 2049360 1678830 2059440] on METAL4 is 133.127
[1676860 2059040 1678800 2059840] on VIA34 is 130.87
[1676860 2059040 1678800 2059840] on VIA23 is 131.212
[1676860 2059040 1678800 2059840] on VIA12 is 131.555
[1677830 2059040 1918070 2059840] on METAL1 is 133.351
[1918070 2059040 2180290 2059840] on METAL1 is 133.351
[1917100 2059040 1919040 2059840] on VIA12 is 133.351
[1917100 2059040 1919040 2059840] on VIA23 is 133.158
[1917100 2059040 1919040 2059840] on VIA34 is 132.965
[1917070 2049360 1919070 2059440] on METAL4 is 134.116
[1917070 2039280 1919070 2049360] on METAL4 is 135.378
[1917100 2048960 1919040 2049760] on VIA34 is 134.318
[1917100 2048960 1919040 2049760] on VIA23 is 134.52
[1917100 2048960 1919040 2049760] on VIA12 is 134.722
[1918070 2048960 2180290 2049760] on METAL1 is 134.722
[1677830 2048960 1918070 2049760] on METAL1 is 134.722
[1676860 2048960 1678800 2049760] on VIA12 is 134.166
[1676860 2048960 1678800 2049760] on VIA23 is 133.82
[1676860 2048960 1678800 2049760] on VIA34 is 133.474
[1676830 2039280 1678830 2049360] on METAL4 is 135.586
[1676830 2029200 1678830 2039280] on METAL4 is 137.903
[1676860 2038880 1678800 2039680] on VIA34 is 135.934
[1676860 2038880 1678800 2039680] on VIA23 is 136.282
[1676860 2038880 1678800 2039680] on VIA12 is 136.63
[1677830 2038880 1918070 2039680] on METAL1 is 136.63
[1918070 2038880 2180290 2039680] on METAL1 is 136.008
[1917100 2038880 1919040 2039680] on VIA12 is 136.008
[1917100 2038880 1919040 2039680] on VIA23 is 135.798
[1917100 2038880 1919040 2039680] on VIA34 is 135.588
[1917070 2029200 1919070 2039280] on METAL4 is 136.554
[1917070 2019120 1919070 2029200] on METAL4 is 137.642
[1917100 2028800 1919040 2029600] on VIA34 is 136.771
[1917100 2028800 1919040 2029600] on VIA23 is 136.988
[1917100 2028800 1919040 2029600] on VIA12 is 137.205
[1918070 2028800 2180290 2029600] on METAL1 is 137.205
[1677830 2028800 1918070 2029600] on METAL1 is 138.948
[1676860 2028800 1678800 2029600] on VIA12 is 138.948
[1676860 2028800 1678800 2029600] on VIA23 is 138.6
[1676860 2028800 1678800 2029600] on VIA34 is 138.251
[1676830 2019120 1678830 2029200] on METAL4 is 140.078
[1676830 2009040 1678830 2019120] on METAL4 is 142.111
[1676860 2018720 1678800 2019520] on VIA34 is 140.425
[1676860 2018720 1678800 2019520] on VIA23 is 140.773
[1676860 2018720 1678800 2019520] on VIA12 is 141.12
[1677830 2018720 1918070 2019520] on METAL1 is 141.12
[1918070 2018720 2180290 2019520] on METAL1 is 138.311
[1917100 2018720 1919040 2019520] on VIA12 is 138.311
[1917100 2018720 1919040 2019520] on VIA23 is 138.088
[1917100 2018720 1919040 2019520] on VIA34 is 137.865
[1917070 2009040 1919070 2019120] on METAL4 is 138.639
[1917070 1998960 1919070 2009040] on METAL4 is 139.544
[1917100 2008640 1919040 2009440] on VIA34 is 138.868
[1917100 2008640 1919040 2009440] on VIA23 is 139.096
[1917100 2008640 1919040 2009440] on VIA12 is 139.325
[1918070 2008640 2180290 2009440] on METAL1 is 139.325
[1677830 2008640 1918070 2009440] on METAL1 is 143.148
[1676860 2008640 1678800 2009440] on VIA12 is 143.148
[1676860 2008640 1678800 2009440] on VIA23 is 142.802
[1676860 2008640 1678800 2009440] on VIA34 is 142.457
[1676830 1998960 1678830 2009040] on METAL4 is 144.004
[1676830 1988880 1678830 1998960] on METAL4 is 145.757
[1676860 1998560 1678800 1999360] on VIA34 is 144.347
[1676860 1998560 1678800 1999360] on VIA23 is 144.689
[1676860 1998560 1678800 1999360] on VIA12 is 145.032
[1677830 1998560 1918070 1999360] on METAL1 is 145.032
[1918070 1998560 2180290 1999360] on METAL1 is 140.244
[1917100 1998560 1919040 1999360] on VIA12 is 140.244
[1917100 1998560 1919040 1999360] on VIA23 is 140.01
[1917100 1998560 1919040 1999360] on VIA34 is 139.777
[1917070 1988880 1919070 1998960] on METAL4 is 140.353
[1917070 1978800 1919070 1988880] on METAL4 is 141.065
[1917100 1988480 1919040 1989280] on VIA34 is 140.591
[1917100 1988480 1919040 1989280] on VIA23 is 140.828
[1917100 1988480 1919040 1989280] on VIA12 is 141.066
[1918070 1988480 2180290 1989280] on METAL1 is 141.066
[1677830 1988480 1918070 1989280] on METAL1 is 146.775
[1676860 1988480 1678800 1989280] on VIA12 is 146.775
[1676860 1988480 1678800 1989280] on VIA23 is 146.436
[1676860 1988480 1678800 1989280] on VIA34 is 146.096
[1676830 1978800 1678830 1988880] on METAL4 is 147.372
[1676830 1968720 1678830 1978800] on METAL4 is 148.85
[1676860 1978400 1678800 1979200] on VIA34 is 147.708
[1676860 1978400 1678800 1979200] on VIA23 is 148.043
[1676860 1978400 1678800 1979200] on VIA12 is 148.379
[1677830 1978400 1918070 1979200] on METAL1 is 148.379
[1918070 1978400 2180290 1979200] on METAL1 is 141.791
[1917100 1978400 1919040 1979200] on VIA12 is 141.791
[1917100 1978400 1919040 1979200] on VIA23 is 141.549
[1917100 1978400 1919040 1979200] on VIA34 is 141.307
[1917070 1968720 1919070 1978800] on METAL4 is 141.679
[1917070 1958640 1919070 1968720] on METAL4 is 142.192
[1917100 1968320 1919040 1969120] on VIA34 is 141.924
[1917100 1968320 1919040 1969120] on VIA23 is 142.17
[1917100 1968320 1919040 1969120] on VIA12 is 142.416
[1918070 1968320 2180290 1969120] on METAL1 is 142.416
[1677830 1968320 1918070 1969120] on METAL1 is 149.845
[1676860 1968320 1678800 1969120] on VIA12 is 149.845
[1676860 1968320 1678800 1969120] on VIA23 is 149.513
[1676860 1968320 1678800 1969120] on VIA34 is 149.182
[1676830 1958640 1678830 1968720] on METAL4 is 150.194
[1676830 1948560 1678830 1958640] on METAL4 is 151.404
[1676860 1958240 1678800 1959040] on VIA34 is 150.521
[1676860 1958240 1678800 1959040] on VIA23 is 150.848
[1676860 1958240 1678800 1959040] on VIA12 is 151.175
[1677830 1958240 1918070 1959040] on METAL1 is 151.175
[1918070 1958240 2180290 1959040] on METAL1 is 142.94
[1917100 1958240 1919040 1959040] on VIA12 is 142.94
[1917100 1958240 1919040 1959040] on VIA23 is 142.691
[1917100 1958240 1919040 1959040] on VIA34 is 142.442
[1917070 1948560 1919070 1958640] on METAL4 is 142.605
[1917070 1938480 1919070 1948560] on METAL4 is 142.914
[1917100 1948160 1919040 1948960] on VIA34 is 142.857
[1917100 1948160 1919040 1948960] on VIA23 is 143.11
[1917100 1948160 1919040 1948960] on VIA12 is 143.362
[1918070 1948160 2180290 1948960] on METAL1 is 143.362
[1677830 1948160 1918070 1948960] on METAL1 is 152.372
[1676860 1948160 1678800 1948960] on VIA12 is 152.372
[1676860 1948160 1678800 1948960] on VIA23 is 152.05
[1676860 1948160 1678800 1948960] on VIA34 is 151.727
[1676830 1938480 1678830 1948560] on METAL4 is 152.483
[1676830 1928400 1678830 1938480] on METAL4 is 153.432
[1676860 1938080 1678800 1938880] on VIA34 is 152.801
[1676860 1938080 1678800 1938880] on VIA23 is 153.12
[1676860 1938080 1678800 1938880] on VIA12 is 153.438
[1677830 1938080 1918070 1938880] on METAL1 is 153.438
[1918070 1938080 2180290 1938880] on METAL1 is 143.682
[1917100 1938080 1919040 1938880] on VIA12 is 143.682
[1917100 1938080 1919040 1938880] on VIA23 is 143.426
[1917100 1938080 1919040 1938880] on VIA34 is 143.17
[1917070 1928400 1919070 1938480] on METAL4 is 143.119
[1917070 1918320 1919070 1928400] on METAL4 is 143.219
[1917100 1928000 1919040 1928800] on VIA34 is 143.379
[1917100 1928000 1919040 1928800] on VIA23 is 143.638
[1917100 1928000 1919040 1928800] on VIA12 is 143.897
[1918070 1928000 2180290 1928800] on METAL1 is 143.897
[1677830 1928000 1918070 1928800] on METAL1 is 154.374
[1676860 1928000 1678800 1928800] on VIA12 is 154.374
[1676860 1928000 1678800 1928800] on VIA23 is 154.06
[1676860 1928000 1678800 1928800] on VIA34 is 153.746
[1676830 1918320 1678830 1928400] on METAL4 is 154.253
[1676830 1917630 1678830 1918320] on METAL4 is 154.253
[1676860 1917920 1678800 1918720] on VIA34 is 154.563
[1676860 1917920 1678800 1918720] on VIA23 is 154.873
[1676860 1917920 1678800 1918720] on VIA12 is 155.183
[1677830 1917920 1918070 1918720] on METAL1 is 155.183
[1918070 1917920 2180290 1918720] on METAL1 is 144.008
[1917100 1917920 1919040 1918720] on VIA12 is 144.008
[1917100 1917920 1919040 1918720] on VIA23 is 143.745
[1917100 1917920 1919040 1918720] on VIA34 is 143.482
[1917070 1917630 1919070 1918320] on METAL4 is 143.219
[1917070 1908240 1919070 1917630] on METAL4 is 143.219
[1917090 1916650 1919050 1918610] on VIA45 is 143.219
[1918070 1916630 2180290 1918630] on METAL5 is 142.982
[1677830 1916630 1918070 1918630] on METAL5 is 153.981
[1676850 1916650 1678810 1918610] on VIA45 is 154.253
[1676830 1908240 1678830 1917630] on METAL4 is 154.9
[1676830 1898160 1678830 1908240] on METAL4 is 155.471
[1676860 1907840 1678800 1908640] on VIA34 is 155.202
[1676860 1907840 1678800 1908640] on VIA23 is 155.505
[1676860 1907840 1678800 1908640] on VIA12 is 155.807
[1677830 1907840 1918070 1908640] on METAL1 is 155.807
[1918070 1907840 2180290 1908640] on METAL1 is 143.971
[1917100 1907840 1919040 1908640] on VIA12 is 143.971
[1917100 1907840 1919040 1908640] on VIA23 is 143.711
[1917100 1907840 1919040 1908640] on VIA34 is 143.451
[1917070 1898160 1919070 1908240] on METAL4 is 143.191
[1917070 1888080 1919070 1898160] on METAL4 is 143.056
[1917100 1897760 1919040 1898560] on VIA34 is 143.313
[1917100 1897760 1919040 1898560] on VIA23 is 143.57
[1917100 1897760 1919040 1898560] on VIA12 is 143.827
[1918070 1897760 2180290 1898560] on METAL1 is 143.827
[1677830 1897760 1918070 1898560] on METAL1 is 156.355
[1676860 1897760 1678800 1898560] on VIA12 is 156.355
[1676860 1897760 1678800 1898560] on VIA23 is 156.06
[1676860 1897760 1678800 1898560] on VIA34 is 155.766
[1676830 1888080 1678830 1898160] on METAL4 is 155.921
[1676830 1878000 1678830 1888080] on METAL4 is 156.255
[1676860 1887680 1678800 1888480] on VIA34 is 156.209
[1676860 1887680 1678800 1888480] on VIA23 is 156.496
[1676860 1887680 1678800 1888480] on VIA12 is 156.783
[1677830 1887680 1918070 1888480] on METAL1 is 156.783
[1918070 1887680 2180290 1888480] on METAL1 is 143.579
[1917100 1887680 1919040 1888480] on VIA12 is 143.579
[1917100 1887680 1919040 1888480] on VIA23 is 143.325
[1917100 1887680 1919040 1888480] on VIA34 is 143.071
[1917070 1878000 1919070 1888080] on METAL4 is 142.817
[1917070 1867920 1919070 1878000] on METAL4 is 142.474
[1917100 1877600 1919040 1878400] on VIA34 is 142.725
[1917100 1877600 1919040 1878400] on VIA23 is 142.976
[1917100 1877600 1919040 1878400] on VIA12 is 143.227
[1918070 1877600 2180290 1878400] on METAL1 is 143.227
[1677830 1877600 1918070 1878400] on METAL1 is 157.095
[1676860 1877600 1678800 1878400] on VIA12 is 157.095
[1676860 1877600 1678800 1878400] on VIA23 is 156.815
[1676860 1877600 1678800 1878400] on VIA34 is 156.535
[1676830 1867920 1678830 1878000] on METAL4 is 156.475
[1676830 1857840 1678830 1867920] on METAL4 is 156.583
[1676860 1867520 1678800 1868320] on VIA34 is 156.747
[1676860 1867520 1678800 1868320] on VIA23 is 157.02
[1676860 1867520 1678800 1868320] on VIA12 is 157.293
[1677830 1867520 1918070 1868320] on METAL1 is 157.293
[1918070 1867520 2180290 1868320] on METAL1 is 142.773
[1917100 1867520 1919040 1868320] on VIA12 is 142.773
[1917100 1867520 1919040 1868320] on VIA23 is 142.525
[1917100 1867520 1919040 1868320] on VIA34 is 142.276
[1917070 1857840 1919070 1867920] on METAL4 is 142.028
[1917070 1847760 1919070 1857840] on METAL4 is 141.482
[1917100 1857440 1919040 1858240] on VIA34 is 141.727
[1917100 1857440 1919040 1858240] on VIA23 is 141.972
[1917100 1857440 1919040 1858240] on VIA12 is 142.218
[1918070 1857440 2180290 1858240] on METAL1 is 142.218
[1677830 1857440 1918070 1858240] on METAL1 is 157.38
[1676860 1857440 1678800 1858240] on VIA12 is 157.38
[1676860 1857440 1678800 1858240] on VIA23 is 157.114
[1676860 1857440 1678800 1858240] on VIA34 is 156.849
[1676830 1847760 1678830 1857840] on METAL4 is 156.584
[1676830 1837680 1678830 1847760] on METAL4 is 156.584
[1676860 1847360 1678800 1848160] on VIA34 is 156.842
[1676860 1847360 1678800 1848160] on VIA23 is 157.1
[1676860 1847360 1678800 1848160] on VIA12 is 157.358
[1677830 1847360 1918070 1848160] on METAL1 is 157.358
[1918070 1847360 2180290 1848160] on METAL1 is 141.562
[1917100 1847360 1919040 1848160] on VIA12 is 141.562
[1917100 1847360 1919040 1848160] on VIA23 is 141.32
[1917100 1847360 1919040 1848160] on VIA34 is 141.078
[1917070 1837680 1919070 1847760] on METAL4 is 140.835
[1917070 1827600 1919070 1837680] on METAL4 is 140.09
[1917100 1837280 1919040 1838080] on VIA34 is 140.33
[1917100 1837280 1919040 1838080] on VIA23 is 140.569
[1917100 1837280 1919040 1838080] on VIA12 is 140.808
[1918070 1837280 2180290 1838080] on METAL1 is 140.808
[1677830 1837280 1918070 1838080] on METAL1 is 157.232
[1676860 1837280 1678800 1838080] on VIA12 is 157.232
[1676860 1837280 1678800 1838080] on VIA23 is 156.981
[1676860 1837280 1678800 1838080] on VIA34 is 156.73
[1676830 1827600 1678830 1837680] on METAL4 is 156.479
[1676830 1817520 1678830 1827600] on METAL4 is 156.273
[1676860 1827200 1678800 1828000] on VIA34 is 156.516
[1676860 1827200 1678800 1828000] on VIA23 is 156.76
[1676860 1827200 1678800 1828000] on VIA12 is 157.004
[1677830 1827200 1918070 1828000] on METAL1 is 157.004
[1918070 1827200 2180290 1828000] on METAL1 is 139.956
[1917100 1827200 1919040 1828000] on VIA12 is 139.956
[1917100 1827200 1919040 1828000] on VIA23 is 139.72
[1917100 1827200 1919040 1828000] on VIA34 is 139.484
[1917070 1817520 1919070 1827600] on METAL4 is 139.248
[1917070 1807440 1919070 1817520] on METAL4 is 138.309
[1917100 1817120 1919040 1817920] on VIA34 is 138.542
[1917100 1817120 1919040 1817920] on VIA23 is 138.774
[1917100 1817120 1919040 1817920] on VIA12 is 139.007
[1918070 1817120 2180290 1817920] on METAL1 is 139.007
[1677830 1817120 1918070 1817920] on METAL1 is 156.676
[1676860 1817120 1678800 1817920] on VIA12 is 156.676
[1676860 1817120 1678800 1817920] on VIA23 is 156.439
[1676860 1817120 1678800 1817920] on VIA34 is 156.203
[1676830 1807440 1678830 1817520] on METAL4 is 155.966
[1676830 1797360 1678830 1807440] on METAL4 is 155.564
[1676860 1807040 1678800 1807840] on VIA34 is 155.793
[1676860 1807040 1678800 1807840] on VIA23 is 156.022
[1676860 1807040 1678800 1807840] on VIA12 is 156.252
[1677830 1807040 1918070 1807840] on METAL1 is 156.252
[1918070 1807040 2180290 1807840] on METAL1 is 137.962
[1917100 1807040 1919040 1807840] on VIA12 is 137.962
[1917100 1807040 1919040 1807840] on VIA23 is 137.733
[1917100 1807040 1919040 1807840] on VIA34 is 137.505
[1917070 1797360 1919070 1807440] on METAL4 is 137.276
[1917070 1787280 1919070 1797360] on METAL4 is 136.15
[1917100 1796960 1919040 1797760] on VIA34 is 136.374
[1917100 1796960 1919040 1797760] on VIA23 is 136.598
[1917100 1796960 1919040 1797760] on VIA12 is 136.823
[1918070 1796960 2180290 1797760] on METAL1 is 136.823
[1677830 1796960 1918070 1797760] on METAL1 is 155.733
[1676860 1796960 1678800 1797760] on VIA12 is 155.733
[1676860 1796960 1678800 1797760] on VIA23 is 155.512
[1676860 1796960 1678800 1797760] on VIA34 is 155.29
[1676830 1787280 1678830 1797360] on METAL4 is 155.068
[1676830 1777200 1678830 1787280] on METAL4 is 154.483
[1676860 1786880 1678800 1787680] on VIA34 is 154.697
[1676860 1786880 1678800 1787680] on VIA23 is 154.911
[1676860 1786880 1678800 1787680] on VIA12 is 155.125
[1677830 1786880 1918070 1787680] on METAL1 is 155.125
[1918070 1786880 2180290 1787680] on METAL1 is 135.591
[1917100 1786880 1919040 1787680] on VIA12 is 135.591
[1917100 1786880 1919040 1787680] on VIA23 is 135.371
[1917100 1786880 1919040 1787680] on VIA34 is 135.152
[1917070 1777200 1919070 1787280] on METAL4 is 134.932
[1917070 1767120 1919070 1777200] on METAL4 is 133.626
[1917100 1776800 1919040 1777600] on VIA34 is 133.84
[1917100 1776800 1919040 1777600] on VIA23 is 134.054
[1917100 1776800 1919040 1777600] on VIA12 is 134.268
[1918070 1776800 2180290 1777600] on METAL1 is 134.268
[1677830 1776800 1918070 1777600] on METAL1 is 154.428
[1676860 1776800 1678800 1777600] on VIA12 is 154.428
[1676860 1776800 1678800 1777600] on VIA23 is 154.222
[1676860 1776800 1678800 1777600] on VIA34 is 154.016
[1676830 1767120 1678830 1777200] on METAL4 is 153.809
[1676830 1757040 1678830 1767120] on METAL4 is 153.052
[1676860 1766720 1678800 1767520] on VIA34 is 153.251
[1676860 1766720 1678800 1767520] on VIA23 is 153.449
[1676860 1766720 1678800 1767520] on VIA12 is 153.647
[1677830 1766720 1918070 1767520] on METAL1 is 153.647
[1918070 1766720 2180290 1767520] on METAL1 is 132.856
[1917100 1766720 1919040 1767520] on VIA12 is 132.856
[1917100 1766720 1919040 1767520] on VIA23 is 132.648
[1917100 1766720 1919040 1767520] on VIA34 is 132.439
[1917070 1757040 1919070 1767120] on METAL4 is 132.231
[1917070 1746960 1919070 1757040] on METAL4 is 130.753
[1917100 1756640 1919040 1757440] on VIA34 is 130.954
[1917100 1756640 1919040 1757440] on VIA23 is 131.155
[1917100 1756640 1919040 1757440] on VIA12 is 131.356
[1918070 1756640 2180290 1757440] on METAL1 is 131.356
[1677830 1756640 1918070 1757440] on METAL1 is 152.784
[1676860 1756640 1678800 1757440] on VIA12 is 152.784
[1676860 1756640 1678800 1757440] on VIA23 is 152.594
[1676860 1756640 1678800 1757440] on VIA34 is 152.405
[1676830 1746960 1678830 1757040] on METAL4 is 152.215
[1676830 1736880 1678830 1746960] on METAL4 is 151.3
[1676860 1746560 1678800 1747360] on VIA34 is 151.481
[1676860 1746560 1678800 1747360] on VIA23 is 151.662
[1676860 1746560 1678800 1747360] on VIA12 is 151.844
[1677830 1746560 1918070 1747360] on METAL1 is 151.844
[1918070 1746560 2180290 1747360] on METAL1 is 129.772
[1917100 1746560 1919040 1747360] on VIA12 is 129.772
[1917100 1746560 1919040 1747360] on VIA23 is 129.579
[1917100 1746560 1919040 1747360] on VIA34 is 129.385
[1917070 1736880 1919070 1746960] on METAL4 is 129.192
[1917070 1726800 1919070 1736880] on METAL4 is 127.553
[1917100 1736480 1919040 1737280] on VIA34 is 127.737
[1917100 1736480 1919040 1737280] on VIA23 is 127.921
[1917100 1736480 1919040 1737280] on VIA12 is 128.105
[1918070 1736480 2180290 1737280] on METAL1 is 128.105
[1677830 1736480 1918070 1737280] on METAL1 is 150.828
[1676860 1736480 1678800 1737280] on VIA12 is 150.828
[1676860 1736480 1678800 1737280] on VIA23 is 150.656
[1676860 1736480 1678800 1737280] on VIA34 is 150.483
[1676830 1726800 1678830 1736880] on METAL4 is 150.311
[1676830 1716720 1678830 1726800] on METAL4 is 149.251
[1676860 1726400 1678800 1727200] on VIA34 is 149.415
[1676860 1726400 1678800 1727200] on VIA23 is 149.578
[1676860 1726400 1678800 1727200] on VIA12 is 149.742
[1677830 1726400 1918070 1727200] on METAL1 is 149.742
[1918070 1726400 2180290 1727200] on METAL1 is 126.36
[1917100 1726400 1919040 1727200] on VIA12 is 126.36
[1917100 1726400 1919040 1727200] on VIA23 is 126.186
[1917100 1726400 1919040 1727200] on VIA34 is 126.012
[1917070 1716720 1919070 1726800] on METAL4 is 125.838
[1917070 1706640 1919070 1716720] on METAL4 is 124.053
[1917100 1716320 1919040 1717120] on VIA34 is 124.215
[1917100 1716320 1919040 1717120] on VIA23 is 124.377
[1917100 1716320 1919040 1717120] on VIA12 is 124.539
[1918070 1716320 2180290 1717120] on METAL1 is 124.539
[1677830 1716320 1918070 1717120] on METAL1 is 148.587
[1676860 1716320 1678800 1717120] on VIA12 is 148.587
[1676860 1716320 1678800 1717120] on VIA23 is 148.434
[1676860 1716320 1678800 1717120] on VIA34 is 148.28
[1676830 1706640 1678830 1716720] on METAL4 is 148.126
[1676830 1696560 1678830 1706640] on METAL4 is 146.937
[1676860 1706240 1678800 1707040] on VIA34 is 147.081
[1676860 1706240 1678800 1707040] on VIA23 is 147.226
[1676860 1706240 1678800 1707040] on VIA12 is 147.37
[1677830 1706240 1918070 1707040] on METAL1 is 147.37
[1918070 1706240 2180290 1707040] on METAL1 is 122.646
[1917100 1706240 1919040 1707040] on VIA12 is 122.646
[1917100 1706240 1919040 1707040] on VIA23 is 122.498
[1917100 1706240 1919040 1707040] on VIA34 is 122.35
[1917070 1696560 1919070 1706640] on METAL4 is 122.202
[1917070 1686480 1919070 1696560] on METAL4 is 120.29
[1917100 1696160 1919040 1696960] on VIA34 is 120.422
[1917100 1696160 1919040 1696960] on VIA23 is 120.554
[1917100 1696160 1919040 1696960] on VIA12 is 120.686
[1918070 1696160 2180290 1696960] on METAL1 is 120.686
[1677830 1696160 1918070 1696960] on METAL1 is 146.092
[1676860 1696160 1678800 1696960] on VIA12 is 146.092
[1676860 1696160 1678800 1696960] on VIA23 is 145.958
[1676860 1696160 1678800 1696960] on VIA34 is 145.824
[1676830 1686480 1678830 1696560] on METAL4 is 145.69
[1676830 1677280 1678830 1686480] on METAL4 is 144.389
[1676860 1686080 1678800 1686880] on VIA34 is 144.512
[1676860 1686080 1678800 1686880] on VIA23 is 144.636
[1676860 1686080 1678800 1686880] on VIA12 is 144.76
[1677830 1686080 1918070 1686880] on METAL1 is 144.76
[1918070 1686080 2180290 1686880] on METAL1 is 118.665
[1917100 1686080 1919040 1686880] on VIA12 is 118.665
[1917100 1686080 1919040 1686880] on VIA23 is 118.551
[1917100 1686080 1919040 1686880] on VIA34 is 118.438
[1917070 1677280 1919070 1686480] on METAL4 is 118.325
[1917070 1676400 1919070 1677280] on METAL4 is 116.489
[1917090 1676300 1919050 1678260] on VIA45 is 116.489
[1918070 1676280 2180290 1678280] on METAL5 is 115.752
[1677830 1676280 1918070 1678280] on METAL5 is 142.123
[1676850 1676300 1678810 1678260] on VIA45 is 143.155
[1676830 1676400 1678830 1677280] on METAL4 is 143.155
[1676830 1666320 1678830 1676400] on METAL4 is 143.155
[1676860 1676000 1678800 1676800] on VIA34 is 143.269
[1676860 1676000 1678800 1676800] on VIA23 is 143.383
[1676860 1676000 1678800 1676800] on VIA12 is 143.497
[1677830 1676000 1918070 1676800] on METAL1 is 143.497
[1918070 1676000 2180290 1676800] on METAL1 is 116.77
[1917100 1676000 1919040 1676800] on VIA12 is 116.77
[1917100 1676000 1919040 1676800] on VIA23 is 116.676
[1917100 1676000 1919040 1676800] on VIA34 is 116.582
[1917070 1666320 1919070 1676400] on METAL4 is 116.489
[1917070 1656240 1919070 1666320] on METAL4 is 114.704
[1917100 1665920 1919040 1666720] on VIA34 is 115.033
[1917100 1665920 1919040 1666720] on VIA23 is 115.362
[1917100 1665920 1919040 1666720] on VIA12 is 115.692
[1918070 1665920 2163840 1666720] on METAL1 is 115.692
[1677830 1665920 1918070 1666720] on METAL1 is 142.563
[1676860 1665920 1678800 1666720] on VIA12 is 142.563
[1676860 1665920 1678800 1666720] on VIA23 is 142.439
[1676860 1665920 1678800 1666720] on VIA34 is 142.314
[1676830 1656240 1678830 1666320] on METAL4 is 142.19
[1676830 1646160 1678830 1656240] on METAL4 is 141.174
[1676860 1655840 1678800 1656640] on VIA34 is 141.28
[1676860 1655840 1678800 1656640] on VIA23 is 141.386
[1676860 1655840 1678800 1656640] on VIA12 is 141.491
[1677830 1655840 1918070 1656640] on METAL1 is 141.491
[1918070 1655840 2163840 1656640] on METAL1 is 113.689
[1917100 1655840 1919040 1656640] on VIA12 is 113.689
[1917100 1655840 1919040 1656640] on VIA23 is 113.388
[1917100 1655840 1919040 1656640] on VIA34 is 113.086
[1917070 1646160 1919070 1656240] on METAL4 is 112.785
[1917070 1636080 1919070 1646160] on METAL4 is 110.743
[1917100 1645760 1919040 1646560] on VIA34 is 111.019
[1917100 1645760 1919040 1646560] on VIA23 is 111.295
[1917100 1645760 1919040 1646560] on VIA12 is 111.571
[1918070 1645760 2163840 1646560] on METAL1 is 111.571
[1677830 1645760 1918070 1646560] on METAL1 is 140.37
[1676860 1645760 1678800 1646560] on VIA12 is 140.37
[1676860 1645760 1678800 1646560] on VIA23 is 140.285
[1676860 1645760 1678800 1646560] on VIA34 is 140.201
[1676830 1636080 1678830 1646160] on METAL4 is 140.116
[1676830 1626000 1678830 1636080] on METAL4 is 139.023
[1676860 1635680 1678800 1636480] on VIA34 is 139.084
[1676860 1635680 1678800 1636480] on VIA23 is 139.146
[1676860 1635680 1678800 1636480] on VIA12 is 139.207
[1677830 1635680 1918070 1636480] on METAL1 is 139.207
[1918070 1635680 2163840 1636480] on METAL1 is 109.345
[1917100 1635680 1919040 1636480] on VIA12 is 109.345
[1917100 1635680 1919040 1636480] on VIA23 is 109.093
[1917100 1635680 1919040 1636480] on VIA34 is 108.841
[1917070 1626000 1919070 1636080] on METAL4 is 108.589
[1917070 1615920 1919070 1626000] on METAL4 is 106.332
[1917100 1625600 1919040 1626400] on VIA34 is 106.562
[1917100 1625600 1919040 1626400] on VIA23 is 106.792
[1917100 1625600 1919040 1626400] on VIA12 is 107.021
[1918070 1625600 2163840 1626400] on METAL1 is 107.021
[1677830 1625600 1918070 1626400] on METAL1 is 138.011
[1676860 1625600 1678800 1626400] on VIA12 is 138.011
[1676860 1625600 1678800 1626400] on VIA23 is 137.976
[1676860 1625600 1678800 1626400] on VIA34 is 137.941
[1676830 1615920 1678830 1626000] on METAL4 is 137.905
[1676830 1605840 1678830 1615920] on METAL4 is 136.773
[1676860 1615520 1678800 1616320] on VIA34 is 136.78
[1676860 1615520 1678800 1616320] on VIA23 is 136.786
[1676860 1615520 1678800 1616320] on VIA12 is 136.793
[1677830 1615520 1918070 1616320] on METAL1 is 136.793
[1918070 1615520 2163840 1616320] on METAL1 is 104.607
[1917100 1615520 1919040 1616320] on VIA12 is 104.607
[1917100 1615520 1919040 1616320] on VIA23 is 104.399
[1917100 1615520 1919040 1616320] on VIA34 is 104.19
[1917070 1605840 1919070 1615920] on METAL4 is 103.982
[1917070 1595760 1919070 1605840] on METAL4 is 101.547
[1917100 1605440 1919040 1606240] on VIA34 is 101.547
[1917100 1605440 1919040 1606240] on VIA23 is 101.351
[1917100 1605440 1919040 1606240] on VIA12 is 101.156
[1918070 1605440 2180290 1606240] on METAL1 is 100.96
[1677830 1605440 1918070 1606240] on METAL1 is 135.448
[1676860 1605440 1678800 1606240] on VIA12 is 135.511
[1676860 1605440 1678800 1606240] on VIA23 is 135.575
[1676860 1605440 1678800 1606240] on VIA34 is 135.638
[1676830 1595760 1678830 1605840] on METAL4 is 135.638
[1676830 1585680 1678830 1595760] on METAL4 is 134.529
[1676860 1595360 1678800 1596160] on VIA34 is 134.529
[1676860 1595360 1678800 1596160] on VIA23 is 134.432
[1676860 1595360 1678800 1596160] on VIA12 is 134.335
[1677830 1595360 1918070 1596160] on METAL1 is 134.237
[1918070 1595360 2180290 1596160] on METAL1 is 98.46
[1917100 1595360 1919040 1596160] on VIA12 is 98.704
[1917100 1595360 1919040 1596160] on VIA23 is 98.947
[1917100 1595360 1919040 1596160] on VIA34 is 99.191
[1917070 1585680 1919070 1595760] on METAL4 is 99.191
[1917070 1575600 1919070 1585680] on METAL4 is 96.934
[1917100 1585280 1919040 1586080] on VIA34 is 96.934
[1917100 1585280 1919040 1586080] on VIA23 is 96.631
[1917100 1585280 1919040 1586080] on VIA12 is 96.328
[1918070 1585280 2180290 1586080] on METAL1 is 96.025
[1677830 1585280 1918070 1586080] on METAL1 is 133.065
[1676860 1585280 1678800 1586080] on VIA12 is 133.197
[1676860 1585280 1678800 1586080] on VIA23 is 133.328
[1676860 1585280 1678800 1586080] on VIA34 is 133.46
[1676830 1575600 1678830 1585680] on METAL4 is 133.46
[1676830 1565520 1678830 1575600] on METAL4 is 132.444
[1676860 1575200 1678800 1576000] on VIA34 is 132.444
[1676860 1575200 1678800 1576000] on VIA23 is 132.278
[1676860 1575200 1678800 1576000] on VIA12 is 132.112
[1677830 1575200 1918070 1576000] on METAL1 is 131.946
[1918070 1575200 2180290 1576000] on METAL1 is 93.676
[1917100 1575200 1919040 1576000] on VIA12 is 94.051
[1917100 1575200 1919040 1576000] on VIA23 is 94.426
[1917100 1575200 1919040 1576000] on VIA34 is 94.801
[1917070 1565520 1919070 1575600] on METAL4 is 94.801
[1917070 1555440 1919070 1565520] on METAL4 is 92.821
[1917100 1565120 1919040 1565920] on VIA34 is 92.821
[1917100 1565120 1919040 1565920] on VIA23 is 92.36
[1917100 1565120 1919040 1565920] on VIA12 is 91.899
[1918070 1565120 2180290 1565920] on METAL1 is 91.437
[1677830 1565120 1918070 1565920] on METAL1 is 130.893
[1676860 1565120 1678800 1565920] on VIA12 is 131.094
[1676860 1565120 1678800 1565920] on VIA23 is 131.295
[1676860 1565120 1678800 1565920] on VIA34 is 131.496
[1676830 1555440 1678830 1565520] on METAL4 is 131.496
[1676830 1545360 1678830 1555440] on METAL4 is 130.629
[1676860 1555040 1678800 1555840] on VIA34 is 130.629
[1676860 1555040 1678800 1555840] on VIA23 is 130.393
[1676860 1555040 1678800 1555840] on VIA12 is 130.158
[1677830 1555040 1918070 1555840] on METAL1 is 129.922
[1918070 1555040 2180290 1555840] on METAL1 is 89.337
[1917100 1555040 1919040 1555840] on VIA12 is 89.901
[1917100 1555040 1919040 1555840] on VIA23 is 90.465
[1917100 1555040 1919040 1555840] on VIA34 is 91.029
[1917070 1545360 1919070 1555440] on METAL4 is 91.029
[1917070 1535280 1919070 1545360] on METAL4 is 89.466
[1917100 1544960 1919040 1545760] on VIA34 is 89.466
[1917100 1544960 1919040 1545760] on VIA23 is 88.4
[1917100 1544960 1919040 1545760] on VIA12 is 87.334
[1918070 1544960 2180290 1545760] on METAL1 is 86.269
[1677830 1544960 1918070 1545760] on METAL1 is 128.933
[1676860 1544960 1678800 1545760] on VIA12 is 129.242
[1676860 1544960 1678800 1545760] on VIA23 is 129.55
[1676860 1544960 1678800 1545760] on VIA34 is 129.859
[1676830 1535280 1678830 1545360] on METAL4 is 129.859
[1676830 1525200 1678830 1535280] on METAL4 is 129.214
[1676860 1534880 1678800 1535680] on VIA34 is 129.214
[1676860 1534880 1678800 1535680] on VIA23 is 128.893
[1676860 1534880 1678800 1535680] on VIA12 is 128.572
[1677830 1534880 1918070 1535680] on METAL1 is 128.251
[1918070 1534880 2180290 1535680] on METAL1 is 85.223
[1917100 1534880 1919040 1535680] on VIA12 is 86.261
[1917100 1534880 1919040 1535680] on VIA23 is 87.299
[1917100 1534880 1919040 1535680] on VIA34 is 88.337
[1917070 1525200 1919070 1535280] on METAL4 is 88.337
[1917070 1515120 1919070 1525200] on METAL4 is 87.631
[1917100 1524800 1919040 1525600] on VIA34 is 87.631
[1917100 1524800 1919040 1525600] on VIA23 is 86.62
[1917100 1524800 1919040 1525600] on VIA12 is 85.609
[1918070 1524800 2180290 1525600] on METAL1 is 84.599
[1677830 1524800 1918070 1525600] on METAL1 is 127.72
[1676860 1524800 1678800 1525600] on VIA12 is 128.047
[1676860 1524800 1678800 1525600] on VIA23 is 128.373
[1676860 1524800 1678800 1525600] on VIA34 is 128.7
[1676830 1515120 1678830 1525200] on METAL4 is 128.7
[1676830 1505040 1678830 1515120] on METAL4 is 128.319
[1676860 1514720 1678800 1515520] on VIA34 is 128.319
[1676860 1514720 1678800 1515520] on VIA23 is 127.991
[1676860 1514720 1678800 1515520] on VIA12 is 127.662
[1677830 1514720 1918070 1515520] on METAL1 is 127.334
[1918070 1514720 2180290 1515520] on METAL1 is 84.322
[1917100 1514720 1919040 1515520] on VIA12 is 85.326
[1917100 1514720 1919040 1515520] on VIA23 is 86.331
[1917100 1514720 1919040 1515520] on VIA34 is 87.336
[1917070 1505040 1919070 1515120] on METAL4 is 87.45
[1917070 1494960 1919070 1505040] on METAL4 is 87.98
[1917100 1504640 1919040 1505440] on VIA34 is 87.45
[1917100 1504640 1919040 1505440] on VIA23 is 86.43
[1917100 1504640 1919040 1505440] on VIA12 is 85.41
[1918070 1504640 2180290 1505440] on METAL1 is 84.39
[1677830 1504640 1918070 1505440] on METAL1 is 127.094
[1676860 1504640 1678800 1505440] on VIA12 is 127.42
[1676860 1504640 1678800 1505440] on VIA23 is 127.746
[1676860 1504640 1678800 1505440] on VIA34 is 128.071
[1676830 1494960 1678830 1505040] on METAL4 is 128.071
[1676830 1484880 1678830 1494960] on METAL4 is 127.971
[1676860 1494560 1678800 1495360] on VIA34 is 127.956
[1676860 1494560 1678800 1495360] on VIA23 is 127.638
[1676860 1494560 1678800 1495360] on VIA12 is 127.319
[1677830 1494560 1918070 1495360] on METAL1 is 127
[1918070 1494560 2180290 1495360] on METAL1 is 84.809
[1917100 1494560 1919040 1495360] on VIA12 is 85.866
[1917100 1494560 1919040 1495360] on VIA23 is 86.923
[1917100 1494560 1919040 1495360] on VIA34 is 87.98
[1917070 1484880 1919070 1494960] on METAL4 is 88.94
[1917070 1474800 1919070 1484880] on METAL4 is 90.355
[1917100 1484480 1919040 1485280] on VIA34 is 88.94
[1917100 1484480 1919040 1485280] on VIA23 is 87.824
[1917100 1484480 1919040 1485280] on VIA12 is 86.707
[1918070 1484480 2180290 1485280] on METAL1 is 85.591
[1677830 1484480 1918070 1485280] on METAL1 is 127.05
[1676860 1484480 1678800 1485280] on VIA12 is 127.357
[1676860 1484480 1678800 1485280] on VIA23 is 127.664
[1676860 1484480 1678800 1485280] on VIA34 is 127.971
[1676830 1474800 1678830 1484880] on METAL4 is 128.112
[1676830 1464720 1678830 1474800] on METAL4 is 128.337
[1676860 1474400 1678800 1475200] on VIA34 is 128.112
[1676860 1474400 1678800 1475200] on VIA23 is 127.902
[1676860 1474400 1678800 1475200] on VIA12 is 127.693
[1677830 1474400 1918070 1475200] on METAL1 is 127.484
[1918070 1474400 2180290 1475200] on METAL1 is 89.166
[1917100 1474400 1919040 1475200] on VIA12 is 89.562
[1917100 1474400 1919040 1475200] on VIA23 is 89.959
[1917100 1474400 1919040 1475200] on VIA34 is 90.355
[1917070 1464720 1919070 1474800] on METAL4 is 91.932
[1917070 1454640 1919070 1464720] on METAL4 is 93.628
[1917100 1464320 1919040 1465120] on VIA34 is 91.932
[1917100 1464320 1919040 1465120] on VIA23 is 91.638
[1917100 1464320 1919040 1465120] on VIA12 is 91.344
[1918070 1464320 2180290 1465120] on METAL1 is 91.05
[1677830 1464320 1918070 1465120] on METAL1 is 127.82
[1676860 1464320 1678800 1465120] on VIA12 is 127.992
[1676860 1464320 1678800 1465120] on VIA23 is 128.165
[1676860 1464320 1678800 1465120] on VIA34 is 128.337
[1676830 1454640 1678830 1464720] on METAL4 is 128.632
[1676830 1444560 1678830 1454640] on METAL4 is 128.984
[1676860 1454240 1678800 1455040] on VIA34 is 128.632
[1676860 1454240 1678800 1455040] on VIA23 is 128.496
[1676860 1454240 1678800 1455040] on VIA12 is 128.36
[1677830 1454240 1918070 1455040] on METAL1 is 128.223
[1918070 1454240 2180290 1455040] on METAL1 is 93.018
[1917100 1454240 1919040 1455040] on VIA12 is 93.221
[1917100 1454240 1919040 1455040] on VIA23 is 93.424
[1917100 1454240 1919040 1455040] on VIA34 is 93.628
[1917070 1444560 1919070 1454640] on METAL4 is 95.407
[1917070 1436930 1919070 1444560] on METAL4 is 96.791
[1917100 1444160 1919040 1444960] on VIA34 is 95.407
[1917100 1444160 1919040 1444960] on VIA23 is 95.285
[1917100 1444160 1919040 1444960] on VIA12 is 95.162
[1918070 1444160 2180290 1444960] on METAL1 is 95.04
[1677830 1444160 1918070 1444960] on METAL1 is 128.679
[1676860 1444160 1678800 1444960] on VIA12 is 128.78
[1676860 1444160 1678800 1444960] on VIA23 is 128.882
[1676860 1444160 1678800 1444960] on VIA34 is 128.984
[1676830 1436930 1678830 1444560] on METAL4 is 129.281
[1676830 1434480 1678830 1436930] on METAL4 is 129.584
[1676850 1435950 1678810 1437910] on VIA45 is 129.281
[1677830 1435930 1918070 1437930] on METAL5 is 127.51
[1918070 1435930 2180290 1437930] on METAL5 is 95.509
[1917090 1435950 1919050 1437910] on VIA45 is 96.791
[1917070 1434480 1919070 1436930] on METAL4 is 97.375
[1917070 1424400 1919070 1434480] on METAL4 is 99.803
[1917100 1434080 1919040 1434880] on VIA34 is 97.375
[1917100 1434080 1919040 1434880] on VIA23 is 97.319
[1917100 1434080 1919040 1434880] on VIA12 is 97.262
[1918070 1434080 2180290 1434880] on METAL1 is 97.206
[1677830 1434080 1918070 1434880] on METAL1 is 129.37
[1676860 1434080 1678800 1434880] on VIA12 is 129.441
[1676860 1434080 1678800 1434880] on VIA23 is 129.513
[1676860 1434080 1678800 1434880] on VIA34 is 129.584
[1676830 1424400 1678830 1434480] on METAL4 is 130.863
[1676830 1414320 1678830 1424400] on METAL4 is 132.164
[1676860 1424000 1678800 1424800] on VIA34 is 130.863
[1676860 1424000 1678800 1424800] on VIA23 is 130.809
[1676860 1424000 1678800 1424800] on VIA12 is 130.755
[1677830 1424000 1918070 1424800] on METAL1 is 130.701
[1918070 1424000 2180290 1424800] on METAL1 is 99.738
[1917100 1424000 1919040 1424800] on VIA12 is 99.76
[1917100 1424000 1919040 1424800] on VIA23 is 99.782
[1917100 1424000 1919040 1424800] on VIA34 is 99.803
[1917070 1414320 1919070 1424400] on METAL4 is 102.24
[1917070 1404240 1919070 1414320] on METAL4 is 104.675
[1917100 1413920 1919040 1414720] on VIA34 is 102.248
[1917100 1413920 1919040 1414720] on VIA23 is 102.256
[1917100 1413920 1919040 1414720] on VIA12 is 102.263
[1918070 1413920 2180290 1414720] on METAL1 is 102.263
[1677830 1413920 1918070 1414720] on METAL1 is 132.051
[1676860 1413920 1678800 1414720] on VIA12 is 132.089
[1676860 1413920 1678800 1414720] on VIA23 is 132.126
[1676860 1413920 1678800 1414720] on VIA34 is 132.164
[1676830 1404240 1678830 1414320] on METAL4 is 133.48
[1676830 1394160 1678830 1404240] on METAL4 is 134.804
[1676860 1403840 1678800 1404640] on VIA34 is 133.48
[1676860 1403840 1678800 1404640] on VIA23 is 133.457
[1676860 1403840 1678800 1404640] on VIA12 is 133.435
[1677830 1403840 1918070 1404640] on METAL1 is 133.413
[1918070 1403840 2180290 1404640] on METAL1 is 104.772
[1917100 1403840 1919040 1404640] on VIA12 is 104.772
[1917100 1403840 1919040 1404640] on VIA23 is 104.74
[1917100 1403840 1919040 1404640] on VIA34 is 104.707
[1917070 1394160 1919070 1404240] on METAL4 is 107.095
[1917070 1384080 1919070 1394160] on METAL4 is 109.494
[1917100 1393760 1919040 1394560] on VIA34 is 107.149
[1917100 1393760 1919040 1394560] on VIA23 is 107.203
[1917100 1393760 1919040 1394560] on VIA12 is 107.257
[1918070 1393760 2180290 1394560] on METAL1 is 107.257
[1677830 1393760 1918070 1394560] on METAL1 is 134.779
[1676860 1393760 1678800 1394560] on VIA12 is 134.788
[1676860 1393760 1678800 1394560] on VIA23 is 134.796
[1676860 1393760 1678800 1394560] on VIA34 is 134.804
[1676830 1384080 1678830 1394160] on METAL4 is 136.133
[1676830 1374000 1678830 1384080] on METAL4 is 137.459
[1676860 1383680 1678800 1384480] on VIA34 is 136.137
[1676860 1383680 1678800 1384480] on VIA23 is 136.142
[1676860 1383680 1678800 1384480] on VIA12 is 136.146
[1677830 1383680 1918070 1384480] on METAL1 is 136.146
[1918070 1383680 2180290 1384480] on METAL1 is 109.711
[1917100 1383680 1919040 1384480] on VIA12 is 109.711
[1917100 1383680 1919040 1384480] on VIA23 is 109.638
[1917100 1383680 1919040 1384480] on VIA34 is 109.566
[1917070 1374000 1919070 1384080] on METAL4 is 111.863
[1917070 1363920 1919070 1374000] on METAL4 is 114.197
[1917100 1373600 1919040 1374400] on VIA34 is 111.951
[1917100 1373600 1919040 1374400] on VIA23 is 112.039
[1917100 1373600 1919040 1374400] on VIA12 is 112.127
[1918070 1373600 2180290 1374400] on METAL1 is 112.127
[1677830 1373600 1918070 1374400] on METAL1 is 137.508
[1676860 1373600 1678800 1374400] on VIA12 is 137.508
[1676860 1373600 1678800 1374400] on VIA23 is 137.492
[1676860 1373600 1678800 1374400] on VIA34 is 137.475
[1676830 1363920 1678830 1374000] on METAL4 is 138.779
[1676830 1353840 1678830 1363920] on METAL4 is 140.089
[1676860 1363520 1678800 1364320] on VIA34 is 138.806
[1676860 1363520 1678800 1364320] on VIA23 is 138.833
[1676860 1363520 1678800 1364320] on VIA12 is 138.859
[1677830 1363520 1918070 1364320] on METAL1 is 138.859
[1918070 1363520 2180290 1364320] on METAL1 is 114.5
[1917100 1363520 1919040 1364320] on VIA12 is 114.5
[1917100 1363520 1919040 1364320] on VIA23 is 114.399
[1917100 1363520 1919040 1364320] on VIA34 is 114.298
[1917070 1353840 1919070 1363920] on METAL4 is 116.489
[1917070 1343760 1919070 1353840] on METAL4 is 118.736
[1917100 1353440 1919040 1354240] on VIA34 is 116.602
[1917100 1353440 1919040 1354240] on VIA23 is 116.714
[1917100 1353440 1919040 1354240] on VIA12 is 116.826
[1918070 1353440 2180290 1354240] on METAL1 is 116.826
[1677830 1353440 1918070 1354240] on METAL1 is 140.198
[1676860 1353440 1678800 1354240] on VIA12 is 140.198
[1676860 1353440 1678800 1354240] on VIA23 is 140.161
[1676860 1353440 1678800 1354240] on VIA34 is 140.125
[1676830 1343760 1678830 1353840] on METAL4 is 141.383
[1676830 1333680 1678830 1343760] on METAL4 is 142.659
[1676860 1343360 1678800 1344160] on VIA34 is 141.428
[1676860 1343360 1678800 1344160] on VIA23 is 141.473
[1676860 1343360 1678800 1344160] on VIA12 is 141.518
[1677830 1343360 1918070 1344160] on METAL1 is 141.518
[1918070 1343360 2180290 1344160] on METAL1 is 119.101
[1917100 1343360 1919040 1344160] on VIA12 is 119.101
[1917100 1343360 1919040 1344160] on VIA23 is 118.98
[1917100 1343360 1919040 1344160] on VIA34 is 118.858
[1917070 1333680 1919070 1343760] on METAL4 is 120.934
[1917070 1323600 1919070 1333680] on METAL4 is 123.078
[1917100 1333280 1919040 1334080] on VIA34 is 121.063
[1917100 1333280 1919040 1334080] on VIA23 is 121.193
[1917100 1333280 1919040 1334080] on VIA12 is 121.323
[1918070 1333280 2180290 1334080] on METAL1 is 121.323
[1677830 1333280 1918070 1334080] on METAL1 is 142.818
[1676860 1333280 1678800 1334080] on VIA12 is 142.818
[1676860 1333280 1678800 1334080] on VIA23 is 142.765
[1676860 1333280 1678800 1334080] on VIA34 is 142.712
[1676830 1323600 1678830 1333680] on METAL4 is 143.913
[1676830 1313520 1678830 1323600] on METAL4 is 145.143
[1676860 1323200 1678800 1324000] on VIA34 is 143.974
[1676860 1323200 1678800 1324000] on VIA23 is 144.034
[1676860 1323200 1678800 1324000] on VIA12 is 144.095
[1677830 1323200 1918070 1324000] on METAL1 is 144.095
[1918070 1323200 2180290 1324000] on METAL1 is 123.488
[1917100 1323200 1919040 1324000] on VIA12 is 123.488
[1917100 1323200 1919040 1324000] on VIA23 is 123.351
[1917100 1323200 1919040 1324000] on VIA34 is 123.215
[1917070 1313520 1919070 1323600] on METAL4 is 125.167
[1917070 1303440 1919070 1313520] on METAL4 is 127.198
[1917100 1313120 1919040 1313920] on VIA34 is 125.309
[1917100 1313120 1919040 1313920] on VIA23 is 125.452
[1917100 1313120 1919040 1313920] on VIA12 is 125.595
[1918070 1313120 2180290 1313920] on METAL1 is 125.595
[1677830 1313120 1918070 1313920] on METAL1 is 145.344
[1676860 1313120 1678800 1313920] on VIA12 is 145.344
[1676860 1313120 1678800 1313920] on VIA23 is 145.277
[1676860 1313120 1678800 1313920] on VIA34 is 145.21
[1676830 1303440 1678830 1313520] on METAL4 is 146.345
[1676830 1293360 1678830 1303440] on METAL4 is 147.517
[1676860 1303040 1678800 1303840] on VIA34 is 146.418
[1676860 1303040 1678800 1303840] on VIA23 is 146.492
[1676860 1303040 1678800 1303840] on VIA12 is 146.565
[1677830 1303040 1918070 1303840] on METAL1 is 146.565
[1918070 1303040 2180290 1303840] on METAL1 is 127.641
[1917100 1303040 1919040 1303840] on VIA12 is 127.641
[1917100 1303040 1919040 1303840] on VIA23 is 127.493
[1917100 1303040 1919040 1303840] on VIA34 is 127.345
[1917070 1293360 1919070 1303440] on METAL4 is 129.168
[1917070 1283280 1919070 1293360] on METAL4 is 131.077
[1917100 1292960 1919040 1293760] on VIA34 is 129.32
[1917100 1292960 1919040 1293760] on VIA23 is 129.472
[1917100 1292960 1919040 1293760] on VIA12 is 129.624
[1918070 1292960 2180290 1293760] on METAL1 is 129.624
[1677830 1292960 1918070 1293760] on METAL1 is 147.754
[1676860 1292960 1678800 1293760] on VIA12 is 147.754
[1676860 1292960 1678800 1293760] on VIA23 is 147.675
[1676860 1292960 1678800 1293760] on VIA34 is 147.596
[1676830 1283280 1678830 1293360] on METAL4 is 148.657
[1676830 1273200 1678830 1283280] on METAL4 is 149.763
[1676860 1282880 1678800 1283680] on VIA34 is 148.742
[1676860 1282880 1678800 1283680] on VIA23 is 148.826
[1676860 1282880 1678800 1283680] on VIA12 is 148.91
[1677830 1282880 1918070 1283680] on METAL1 is 148.91
[1918070 1282880 2180290 1283680] on METAL1 is 131.545
[1917100 1282880 1919040 1283680] on VIA12 is 131.545
[1917100 1282880 1919040 1283680] on VIA23 is 131.389
[1917100 1282880 1919040 1283680] on VIA34 is 131.233
[1917070 1273200 1919070 1283280] on METAL4 is 132.922
[1917070 1263120 1919070 1273200] on METAL4 is 134.703
[1917100 1272800 1919040 1273600] on VIA34 is 133.082
[1917100 1272800 1919040 1273600] on VIA23 is 133.241
[1917100 1272800 1919040 1273600] on VIA12 is 133.4
[1918070 1272800 2180290 1273600] on METAL1 is 133.4
[1677830 1272800 1918070 1273600] on METAL1 is 150.031
[1676860 1272800 1678800 1273600] on VIA12 is 150.031
[1676860 1272800 1678800 1273600] on VIA23 is 149.942
[1676860 1272800 1678800 1273600] on VIA34 is 149.852
[1676830 1263120 1678830 1273200] on METAL4 is 150.832
[1676830 1253040 1678830 1263120] on METAL4 is 151.864
[1676860 1262720 1678800 1263520] on VIA34 is 150.926
[1676860 1262720 1678800 1263520] on VIA23 is 151.02
[1676860 1262720 1678800 1263520] on VIA12 is 151.114
[1677830 1262720 1918070 1263520] on METAL1 is 151.114
[1918070 1262720 2180290 1263520] on METAL1 is 135.19
[1917100 1262720 1919040 1263520] on VIA12 is 135.19
[1917100 1262720 1919040 1263520] on VIA23 is 135.027
[1917100 1262720 1919040 1263520] on VIA34 is 134.865
[1917070 1253040 1919070 1263120] on METAL4 is 136.417
[1917070 1242960 1919070 1253040] on METAL4 is 138.064
[1917100 1252640 1919040 1253440] on VIA34 is 136.582
[1917100 1252640 1919040 1253440] on VIA23 is 136.747
[1917100 1252640 1919040 1253440] on VIA12 is 136.913
[1918070 1252640 2180290 1253440] on METAL1 is 136.913
[1677830 1252640 1918070 1253440] on METAL1 is 152.159
[1676860 1252640 1678800 1253440] on VIA12 is 152.159
[1676860 1252640 1678800 1253440] on VIA23 is 152.061
[1676860 1252640 1678800 1253440] on VIA34 is 151.962
[1676830 1242960 1678830 1253040] on METAL4 is 152.855
[1676830 1232880 1678830 1242960] on METAL4 is 153.804
[1676860 1242560 1678800 1243360] on VIA34 is 152.957
[1676860 1242560 1678800 1243360] on VIA23 is 153.06
[1676860 1242560 1678800 1243360] on VIA12 is 153.163
[1677830 1242560 1918070 1243360] on METAL1 is 153.163
[1918070 1242560 2180290 1243360] on METAL1 is 138.568
[1917100 1242560 1919040 1243360] on VIA12 is 138.568
[1917100 1242560 1919040 1243360] on VIA23 is 138.4
[1917100 1242560 1919040 1243360] on VIA34 is 138.232
[1917070 1232880 1919070 1242960] on METAL4 is 139.642
[1917070 1222800 1919070 1232880] on METAL4 is 141.151
[1917100 1232480 1919040 1233280] on VIA34 is 139.813
[1917100 1232480 1919040 1233280] on VIA23 is 139.984
[1917100 1232480 1919040 1233280] on VIA12 is 140.155
[1918070 1232480 2180290 1233280] on METAL1 is 140.155
[1677830 1232480 1918070 1233280] on METAL1 is 154.125
[1676860 1232480 1678800 1233280] on VIA12 is 154.125
[1676860 1232480 1678800 1233280] on VIA23 is 154.018
[1676860 1232480 1678800 1233280] on VIA34 is 153.911
[1676830 1222800 1678830 1232880] on METAL4 is 154.709
[1676830 1212720 1678830 1222800] on METAL4 is 155.569
[1676860 1222400 1678800 1223200] on VIA34 is 154.821
[1676860 1222400 1678800 1223200] on VIA23 is 154.932
[1676860 1222400 1678800 1223200] on VIA12 is 155.044
[1677830 1222400 1918070 1223200] on METAL1 is 155.044
[1918070 1222400 2180290 1223200] on METAL1 is 141.672
[1917100 1222400 1919040 1223200] on VIA12 is 141.672
[1917100 1222400 1919040 1223200] on VIA23 is 141.499
[1917100 1222400 1919040 1223200] on VIA34 is 141.325
[1917070 1212720 1919070 1222800] on METAL4 is 142.59
[1917070 1202640 1919070 1212720] on METAL4 is 143.956
[1917100 1212320 1919040 1213120] on VIA34 is 142.766
[1917100 1212320 1919040 1213120] on VIA23 is 142.943
[1917100 1212320 1919040 1213120] on VIA12 is 143.119
[1918070 1212320 2180290 1213120] on METAL1 is 143.119
[1677830 1212320 1918070 1213120] on METAL1 is 155.917
[1436930 1212320 1677830 1213120] on METAL1 is 162.186
[1676860 1212320 1678800 1213120] on VIA12 is 155.917
[1676860 1212320 1678800 1213120] on VIA23 is 155.801
[1676860 1212320 1678800 1213120] on VIA34 is 155.685
[1676830 1202640 1678830 1212720] on METAL4 is 156.382
[1676830 1196580 1678830 1202640] on METAL4 is 156.842
[1676860 1202240 1678800 1203040] on VIA34 is 156.503
[1676860 1202240 1678800 1203040] on VIA23 is 156.623
[1676860 1202240 1678800 1203040] on VIA12 is 156.743
[1677830 1202240 1918070 1203040] on METAL1 is 156.743
[1436930 1202240 1677830 1203040] on METAL1 is 162.57
[1196690 1202240 1436930 1203040] on METAL1 is 162.57
[1435960 1202240 1437900 1203040] on VIA12 is 162.57
[1435960 1202240 1437900 1203040] on VIA23 is 162.517
[1435960 1202240 1437900 1203040] on VIA34 is 162.465
[1435930 1196580 1437930 1202640] on METAL4 is 162.625
[1435930 1202640 1437930 1212720] on METAL4 is 162.412
[1435960 1212320 1437900 1213120] on VIA34 is 162.086
[1435960 1212320 1437900 1213120] on VIA23 is 162.136
[1435960 1212320 1437900 1213120] on VIA12 is 162.186
[1435930 1192560 1437930 1196580] on METAL4 is 163.004
[1435950 1195600 1437910 1197560] on VIA45 is 162.625
[1436930 1195580 1677830 1197580] on METAL5 is 161.307
[1196690 1195580 1436930 1197580] on METAL5 is 161.307
[1195710 1195600 1197670 1197560] on VIA45 is 160.386
[1195690 1192560 1197690 1196580] on METAL4 is 160.703
[1195690 1196580 1197690 1202640] on METAL4 is 160.386
[1195720 1202240 1197660 1203040] on VIA34 is 160.374
[1195720 1202240 1197660 1203040] on VIA23 is 160.352
[1195720 1202240 1197660 1203040] on VIA12 is 160.33
[1195690 1182480 1197690 1192560] on METAL4 is 161.506
[1195720 1192160 1197660 1192960] on VIA34 is 160.703
[1195720 1192160 1197660 1192960] on VIA23 is 160.683
[1195720 1192160 1197660 1192960] on VIA12 is 160.663
[1196690 1192160 1436930 1192960] on METAL1 is 163.172
[1436930 1192160 1677830 1192960] on METAL1 is 163.172
[1435960 1192160 1437900 1192960] on VIA12 is 163.172
[1435960 1192160 1437900 1192960] on VIA23 is 163.116
[1435960 1192160 1437900 1192960] on VIA34 is 163.06
[1435930 1182480 1437930 1192560] on METAL4 is 163.933
[1435930 1172400 1437930 1182480] on METAL4 is 164.838
[1435960 1182080 1437900 1182880] on VIA34 is 163.992
[1435960 1182080 1437900 1182880] on VIA23 is 164.051
[1435960 1182080 1437900 1182880] on VIA12 is 164.111
[1436930 1182080 1677830 1182880] on METAL1 is 164.111
[1196690 1182080 1436930 1182880] on METAL1 is 164.111
[955790 1182080 1196690 1182880] on METAL1 is 161.46
[1195720 1182080 1197660 1182880] on VIA12 is 161.475
[1195720 1182080 1197660 1182880] on VIA23 is 161.49
[1195720 1182080 1197660 1182880] on VIA34 is 161.506
[1195690 1172400 1197690 1182480] on METAL4 is 162.315
[1195690 1162320 1197690 1172400] on METAL4 is 163.128
[1195720 1172000 1197660 1172800] on VIA34 is 162.315
[1195720 1172000 1197660 1172800] on VIA23 is 162.305
[1195720 1172000 1197660 1172800] on VIA12 is 162.295
[1196690 1172000 1436930 1172800] on METAL1 is 165.026
[955790 1172000 1196690 1172800] on METAL1 is 162.285
[715550 1172000 955790 1172800] on METAL1 is 149.915
[954820 1172000 956760 1172800] on VIA12 is 150.03
[954820 1172000 956760 1172800] on VIA23 is 150.145
[954820 1172000 956760 1172800] on VIA34 is 150.259
[954790 1162320 956790 1172400] on METAL4 is 151.146
[954790 1172400 956790 1182480] on METAL4 is 150.259
[954820 1182080 956760 1182880] on VIA34 is 149.419
[954820 1182080 956760 1182880] on VIA23 is 149.296
[954820 1182080 956760 1182880] on VIA12 is 149.172
[954790 1152240 956790 1162320] on METAL4 is 152.073
[954820 1161920 956760 1162720] on VIA34 is 151.146
[954820 1161920 956760 1162720] on VIA23 is 151.049
[954820 1161920 956760 1162720] on VIA12 is 150.952
[955790 1161920 1196690 1162720] on METAL1 is 163.119
[715550 1161920 955790 1162720] on METAL1 is 150.855
[714580 1161920 716520 1162720] on VIA12 is 127.152
[714580 1161920 716520 1162720] on VIA23 is 127.392
[714580 1161920 716520 1162720] on VIA34 is 127.631
[714550 1152240 716550 1162320] on METAL4 is 128.947
[714550 1162320 716550 1172400] on METAL4 is 127.631
[714580 1172000 716520 1172800] on VIA34 is 126.412
[714580 1172000 716520 1172800] on VIA23 is 126.087
[714580 1172000 716520 1172800] on VIA12 is 125.762
[474650 1172000 715550 1172800] on METAL1 is 125.436
[215690 1172000 474650 1172800] on METAL1 is 83.59
[473680 1172000 475620 1172800] on VIA12 is 84.626
[473680 1172000 475620 1172800] on VIA23 is 85.661
[473680 1172000 475620 1172800] on VIA34 is 86.696
[209575 1172000 215690 1172800] on METAL1 is 1.446
[209150 1172000 209575 1172800] on METAL1 is 9.368e-6
[714550 1142160 716550 1152240] on METAL4 is 130.347
[714580 1151840 716520 1152640] on VIA34 is 128.947
[714580 1151840 716520 1152640] on VIA23 is 128.74
[714580 1151840 716520 1152640] on VIA12 is 128.534
[715550 1151840 955790 1152640] on METAL1 is 151.821
[955790 1151840 1196690 1152640] on METAL1 is 163.953
[954820 1151840 956760 1152640] on VIA12 is 151.905
[954820 1151840 956760 1152640] on VIA23 is 151.989
[954820 1151840 956760 1152640] on VIA34 is 152.073
[954790 1142160 956790 1152240] on METAL4 is 153.034
[954790 1132080 956790 1142160] on METAL4 is 154.023
[954820 1141760 956760 1142560] on VIA34 is 153.034
[954820 1141760 956760 1142560] on VIA23 is 152.963
[954820 1141760 956760 1142560] on VIA12 is 152.893
[955790 1141760 1196690 1142560] on METAL1 is 164.787
[715550 1141760 955790 1142560] on METAL1 is 152.822
[714580 1141760 716520 1142560] on VIA12 is 129.996
[714580 1141760 716520 1142560] on VIA23 is 130.172
[714580 1141760 716520 1142560] on VIA34 is 130.347
[714550 1132080 716550 1142160] on METAL4 is 131.819
[714550 1122000 716550 1132080] on METAL4 is 133.35
[714580 1131680 716520 1132480] on VIA34 is 131.819
[714580 1131680 716520 1132480] on VIA23 is 131.673
[714580 1131680 716520 1132480] on VIA12 is 131.528
[715550 1131680 955790 1132480] on METAL1 is 153.853
[955790 1131680 1196690 1132480] on METAL1 is 165.617
[954820 1131680 956760 1132480] on VIA12 is 153.909
[954820 1131680 956760 1132480] on VIA23 is 153.966
[954820 1131680 956760 1132480] on VIA34 is 154.023
[954790 1122000 956790 1132080] on METAL4 is 155.036
[954790 1111920 956790 1122000] on METAL4 is 156.066
[954820 1121600 956760 1122400] on VIA34 is 155.036
[954820 1121600 956760 1122400] on VIA23 is 154.993
[954820 1121600 956760 1122400] on VIA12 is 154.95
[955790 1121600 1196690 1122400] on METAL1 is 166.441
[715550 1121600 955790 1122400] on METAL1 is 154.906
[714580 1121600 716520 1122400] on VIA12 is 133.115
[714580 1121600 716520 1122400] on VIA23 is 133.233
[714580 1121600 716520 1122400] on VIA34 is 133.35
[714550 1111920 716550 1122000] on METAL4 is 134.929
[714550 1101840 716550 1111920] on METAL4 is 136.545
[714580 1111520 716520 1112320] on VIA34 is 134.929
[714580 1111520 716520 1112320] on VIA23 is 134.838
[714580 1111520 716520 1112320] on VIA12 is 134.747
[715550 1111520 955790 1112320] on METAL1 is 155.978
[955790 1111520 1196690 1112320] on METAL1 is 167.255
[954820 1111520 956760 1112320] on VIA12 is 156.007
[954820 1111520 956760 1112320] on VIA23 is 156.037
[954820 1111520 956760 1112320] on VIA34 is 156.066
[954790 1101840 956790 1111920] on METAL4 is 157.109
[954790 1091760 956790 1101840] on METAL4 is 158.158
[954820 1101440 956760 1102240] on VIA34 is 157.109
[954820 1101440 956760 1102240] on VIA23 is 157.093
[954820 1101440 956760 1102240] on VIA12 is 157.077
[955790 1101440 1196690 1102240] on METAL1 is 168.056
[715550 1101440 955790 1102240] on METAL1 is 157.06
[714580 1101440 716520 1102240] on VIA12 is 136.413
[714580 1101440 716520 1102240] on VIA23 is 136.479
[714580 1101440 716520 1102240] on VIA34 is 136.545
[714550 1091760 716550 1101840] on METAL4 is 138.188
[714550 1081680 716550 1091760] on METAL4 is 139.848
[714580 1091360 716520 1092160] on VIA34 is 138.188
[714580 1091360 716520 1092160] on VIA23 is 138.145
[714580 1091360 716520 1092160] on VIA12 is 138.103
[715550 1091360 955790 1092160] on METAL1 is 158.149
[955790 1091360 1196690 1092160] on METAL1 is 168.841
[954820 1091360 956760 1092160] on VIA12 is 158.152
[954820 1091360 956760 1092160] on VIA23 is 158.155
[954820 1091360 956760 1092160] on VIA34 is 158.158
[954790 1081680 956790 1091760] on METAL4 is 159.208
[954790 1071600 956790 1081680] on METAL4 is 160.254
[954820 1081280 956760 1082080] on VIA34 is 159.218
[954820 1081280 956760 1082080] on VIA23 is 159.228
[954820 1081280 956760 1082080] on VIA12 is 159.238
[955790 1081280 1196690 1082080] on METAL1 is 169.607
[715550 1081280 955790 1082080] on METAL1 is 159.238
[714580 1081280 716520 1082080] on VIA12 is 139.806
[714580 1081280 716520 1082080] on VIA23 is 139.827
[714580 1081280 716520 1082080] on VIA34 is 139.848
[714550 1071600 716550 1081680] on METAL4 is 141.516
[714550 1061520 716550 1071600] on METAL4 is 143.184
[714580 1071200 716520 1072000] on VIA34 is 141.516
[714580 1071200 716520 1072000] on VIA23 is 141.516
[714580 1071200 716520 1072000] on VIA12 is 141.515
[715550 1071200 955790 1072000] on METAL1 is 160.322
[955790 1071200 1196690 1072000] on METAL1 is 170.349
[954820 1071200 956760 1072000] on VIA12 is 160.322
[954820 1071200 956760 1072000] on VIA23 is 160.299
[954820 1071200 956760 1072000] on VIA34 is 160.277
[954790 1061520 956790 1071600] on METAL4 is 161.291
[954790 1051440 956790 1061520] on METAL4 is 162.314
[954820 1061120 956760 1061920] on VIA34 is 161.326
[954820 1061120 956760 1061920] on VIA23 is 161.361
[954820 1061120 956760 1061920] on VIA12 is 161.395
[955790 1061120 1196690 1061920] on METAL1 is 171.066
[715550 1061120 955790 1061920] on METAL1 is 161.395
[714580 1061120 716520 1061920] on VIA12 is 143.241
[714580 1061120 716520 1061920] on VIA23 is 143.222
[714580 1061120 716520 1061920] on VIA34 is 143.203
[714550 1051440 716550 1061520] on METAL4 is 144.845
[714550 1041360 716550 1051440] on METAL4 is 146.491
[714580 1051040 716520 1051840] on VIA34 is 144.882
[714580 1051040 716520 1051840] on VIA23 is 144.918
[714580 1051040 716520 1051840] on VIA12 is 144.955
[715550 1051040 955790 1051840] on METAL1 is 162.453
[955790 1051040 1196690 1051840] on METAL1 is 171.753
[954820 1051040 956760 1051840] on VIA12 is 162.453
[954820 1051040 956760 1051840] on VIA23 is 162.407
[954820 1051040 956760 1051840] on VIA34 is 162.36
[954790 1041360 956790 1051440] on METAL4 is 163.317
[954790 1031280 956790 1041360] on METAL4 is 164.297
[954820 1040960 956760 1041760] on VIA34 is 163.375
[954820 1040960 956760 1041760] on VIA23 is 163.433
[954820 1040960 956760 1041760] on VIA12 is 163.491
[955790 1040960 1196690 1041760] on METAL1 is 172.408
[715550 1040960 955790 1041760] on METAL1 is 163.491
[714580 1040960 716520 1041760] on VIA12 is 146.65
[714580 1040960 716520 1041760] on VIA23 is 146.597
[714580 1040960 716520 1041760] on VIA34 is 146.544
[714550 1031280 716550 1041360] on METAL4 is 148.115
[714550 1021200 716550 1031280] on METAL4 is 149.712
[714580 1030880 716520 1031680] on VIA34 is 148.184
[714580 1030880 716520 1031680] on VIA23 is 148.252
[714580 1030880 716520 1031680] on VIA12 is 148.321
[715550 1030880 955790 1031680] on METAL1 is 164.504
[955790 1030880 1196690 1031680] on METAL1 is 173.028
[954820 1030880 956760 1031680] on VIA12 is 164.504
[954820 1030880 956760 1031680] on VIA23 is 164.435
[954820 1030880 956760 1031680] on VIA34 is 164.366
[954790 1021200 956790 1031280] on METAL4 is 165.249
[954790 1011120 956790 1021200] on METAL4 is 166.169
[954820 1020800 956760 1021600] on VIA34 is 165.329
[954820 1020800 956760 1021600] on VIA23 is 165.408
[954820 1020800 956760 1021600] on VIA12 is 165.488
[955790 1020800 1196690 1021600] on METAL1 is 173.61
[715550 1020800 955790 1021600] on METAL1 is 165.488
[714580 1020800 716520 1021600] on VIA12 is 149.96
[714580 1020800 716520 1021600] on VIA23 is 149.877
[714580 1020800 716520 1021600] on VIA34 is 149.795
[714550 1011120 716550 1021200] on METAL4 is 151.274
[714550 1001040 716550 1011120] on METAL4 is 152.798
[714580 1010720 716520 1011520] on VIA34 is 151.371
[714580 1010720 716520 1011520] on VIA23 is 151.467
[714580 1010720 716520 1011520] on VIA12 is 151.563
[715550 1010720 955790 1011520] on METAL1 is 166.438
[955790 1010720 1196690 1011520] on METAL1 is 174.15
[954820 1010720 956760 1011520] on VIA12 is 166.438
[954820 1010720 956760 1011520] on VIA23 is 166.348
[954820 1010720 956760 1011520] on VIA34 is 166.258
[954790 1001040 956790 1011120] on METAL4 is 167.052
[954790 990960 956790 1001040] on METAL4 is 167.895
[954820 1000640 956760 1001440] on VIA34 is 167.151
[954820 1000640 956760 1001440] on VIA23 is 167.25
[954820 1000640 956760 1001440] on VIA12 is 167.35
[955790 1000640 1196690 1001440] on METAL1 is 174.646
[715550 1000640 955790 1001440] on METAL1 is 167.35
[714580 1000640 716520 1001440] on VIA12 is 153.125
[714580 1000640 716520 1001440] on VIA23 is 153.016
[714580 1000640 716520 1001440] on VIA34 is 152.907
[714550 990960 716550 1001040] on METAL4 is 154.277
[714550 980880 716550 990960] on METAL4 is 155.706
[714580 990560 716520 991360] on VIA34 is 154.398
[714580 990560 716520 991360] on VIA23 is 154.519
[714580 990560 716520 991360] on VIA12 is 154.64
[715550 990560 955790 991360] on METAL1 is 168.22
[955790 990560 1196690 991360] on METAL1 is 175.095
[954820 990560 956760 991360] on VIA12 is 168.22
[954820 990560 956760 991360] on VIA23 is 168.112
[954820 990560 956760 991360] on VIA34 is 168.003
[954790 980880 956790 990960] on METAL4 is 168.693
[954790 970800 956790 980880] on METAL4 is 169.444
[954820 980480 956760 981280] on VIA34 is 168.811
[954820 980480 956760 981280] on VIA23 is 168.928
[954820 980480 956760 981280] on VIA12 is 169.045
[955790 980480 1196690 981280] on METAL1 is 175.495
[715550 980480 955790 981280] on METAL1 is 169.045
[714580 980480 716520 981280] on VIA12 is 156.104
[714580 980480 716520 981280] on VIA23 is 155.971
[714580 980480 716520 981280] on VIA34 is 155.839
[714550 970800 716550 980880] on METAL4 is 157.082
[714550 960720 716550 970800] on METAL4 is 158.399
[714580 970400 716520 971200] on VIA34 is 157.225
[714580 970400 716520 971200] on VIA23 is 157.369
[714580 970400 716520 971200] on VIA12 is 157.512
[715550 970400 955790 971200] on METAL1 is 169.821
[955790 970400 1196690 971200] on METAL1 is 175.843
[954820 970400 956760 971200] on VIA12 is 169.821
[954820 970400 956760 971200] on VIA23 is 169.696
[954820 970400 956760 971200] on VIA34 is 169.57
[954790 960720 956790 970800] on METAL4 is 170.144
[954790 956230 956790 960720] on METAL4 is 170.431
[954820 960320 956760 961120] on VIA34 is 170.277
[954820 960320 956760 961120] on VIA23 is 170.411
[954820 960320 956760 961120] on VIA12 is 170.545
[955790 960320 1196690 961120] on METAL1 is 176.136
[715550 960320 955790 961120] on METAL1 is 170.545
[714580 960320 716520 961120] on VIA12 is 158.86
[714580 960320 716520 961120] on VIA23 is 158.707
[714580 960320 716520 961120] on VIA34 is 158.553
[714550 956230 716550 960720] on METAL4 is 158.958
[714550 950640 716550 956230] on METAL4 is 159.842
[714570 955250 716530 957210] on VIA45 is 158.958
[715550 955230 955790 957230] on METAL5 is 169.449
[955790 955230 1196690 957230] on METAL5 is 174.845
[954810 955250 956770 957210] on VIA45 is 170.431
[954790 950640 956790 956230] on METAL4 is 171.014
[954790 940560 956790 950640] on METAL4 is 172.007
[954820 950240 956760 951040] on VIA34 is 171.153
[954820 950240 956760 951040] on VIA23 is 171.293
[954820 950240 956760 951040] on VIA12 is 171.433
[955790 950240 1196690 951040] on METAL1 is 176.591
[715550 950240 955790 951040] on METAL1 is 171.433
[714580 950240 716520 951040] on VIA12 is 160.321
[714580 950240 716520 951040] on VIA23 is 160.162
[714580 950240 716520 951040] on VIA34 is 160.002
[714550 940560 716550 950640] on METAL4 is 161.37
[714550 930480 716550 940560] on METAL4 is 162.832
[714580 940160 716520 940960] on VIA34 is 161.533
[714580 940160 716520 940960] on VIA23 is 161.695
[714580 940160 716520 940960] on VIA12 is 161.858
[715550 940160 955790 940960] on METAL1 is 172.439
[955790 940160 1196690 940960] on METAL1 is 177.164
[954820 940160 956760 940960] on VIA12 is 172.439
[954820 940160 956760 940960] on VIA23 is 172.295
[954820 940160 956760 940960] on VIA34 is 172.151
[954790 930480 956790 940560] on METAL4 is 172.942
[954790 920400 956790 930480] on METAL4 is 173.818
[954820 930080 956760 930880] on VIA34 is 173.09
[954820 930080 956760 930880] on VIA23 is 173.237
[954820 930080 956760 930880] on VIA12 is 173.385
[955790 930080 1196690 930880] on METAL1 is 177.677
[715550 930080 955790 930880] on METAL1 is 173.385
[714580 930080 716520 930880] on VIA12 is 163.327
[714580 930080 716520 930880] on VIA23 is 163.162
[714580 930080 716520 930880] on VIA34 is 162.997
[714550 920400 716550 930480] on METAL4 is 164.227
[714550 910320 716550 920400] on METAL4 is 165.554
[714580 920000 716520 920800] on VIA34 is 164.394
[714580 920000 716520 920800] on VIA23 is 164.562
[714580 920000 716520 920800] on VIA12 is 164.729
[715550 920000 955790 920800] on METAL1 is 174.27
[955790 920000 1196690 920800] on METAL1 is 178.128
[954820 920000 956760 920800] on VIA12 is 174.27
[954820 920000 956760 920800] on VIA23 is 174.119
[954820 920000 956760 920800] on VIA34 is 173.969
[954790 910320 956790 920400] on METAL4 is 174.631
[954790 900240 956790 910320] on METAL4 is 175.382
[954820 909920 956760 910720] on VIA34 is 174.785
[954820 909920 956760 910720] on VIA23 is 174.939
[954820 909920 956760 910720] on VIA12 is 175.093
[955790 909920 1196690 910720] on METAL1 is 178.516
[715550 909920 955790 910720] on METAL1 is 175.093
[714580 909920 716520 910720] on VIA12 is 166.062
[714580 909920 716520 910720] on VIA23 is 165.892
[714580 909920 716520 910720] on VIA34 is 165.723
[714550 900240 716550 910320] on METAL4 is 166.811
[714550 890160 716550 900240] on METAL4 is 167.999
[714580 899840 716520 900640] on VIA34 is 166.982
[714580 899840 716520 900640] on VIA23 is 167.154
[714580 899840 716520 900640] on VIA12 is 167.325
[715550 899840 955790 900640] on METAL1 is 175.853
[955790 899840 1196690 900640] on METAL1 is 178.841
[954820 899840 956760 900640] on VIA12 is 175.853
[954820 899840 956760 900640] on VIA23 is 175.696
[954820 899840 956760 900640] on VIA34 is 175.539
[954790 890160 956790 900240] on METAL4 is 176.069
[954790 880080 956790 890160] on METAL4 is 176.691
[954820 889760 956760 890560] on VIA34 is 176.229
[954820 889760 956760 890560] on VIA23 is 176.388
[954820 889760 956760 890560] on VIA12 is 176.548
[955790 889760 1196690 890560] on METAL1 is 179.101
[715550 889760 955790 890560] on METAL1 is 176.548
[714580 889760 716520 890560] on VIA12 is 168.518
[714580 889760 716520 890560] on VIA23 is 168.345
[714580 889760 716520 890560] on VIA34 is 168.172
[714550 880080 716550 890160] on METAL4 is 169.117
[714550 870000 716550 880080] on METAL4 is 170.164
[714580 879680 716520 880480] on VIA34 is 169.291
[714580 879680 716520 880480] on VIA23 is 169.465
[714580 879680 716520 880480] on VIA12 is 169.64
[715550 879680 955790 880480] on METAL1 is 177.177
[955790 879680 1196690 880480] on METAL1 is 179.295
[954820 879680 956760 880480] on VIA12 is 177.177
[954820 879680 956760 880480] on VIA23 is 177.015
[954820 879680 956760 880480] on VIA34 is 176.853
[954790 870000 956790 880080] on METAL4 is 177.248
[954790 859920 956790 870000] on METAL4 is 177.737
[954820 869600 956760 870400] on VIA34 is 177.412
[954820 869600 956760 870400] on VIA23 is 177.576
[954820 869600 956760 870400] on VIA12 is 177.74
[955790 869600 1196690 870400] on METAL1 is 179.422
[715550 869600 955790 870400] on METAL1 is 177.74
[714580 869600 716520 870400] on VIA12 is 170.69
[714580 869600 716520 870400] on VIA23 is 170.515
[714580 869600 716520 870400] on VIA34 is 170.339
[714550 859920 716550 870000] on METAL4 is 171.139
[714550 849840 716550 859920] on METAL4 is 172.042
[714580 859520 716520 860320] on VIA34 is 171.316
[714580 859520 716520 860320] on VIA23 is 171.493
[714580 859520 716520 860320] on VIA12 is 171.669
[715550 859520 955790 860320] on METAL1 is 178.235
[955790 859520 1196690 860320] on METAL1 is 179.483
[954820 859520 956760 860320] on VIA12 is 178.235
[954820 859520 956760 860320] on VIA23 is 178.069
[954820 859520 956760 860320] on VIA34 is 177.903
[954790 849840 956790 859920] on METAL4 is 178.158
[954790 839760 956790 849840] on METAL4 is 178.511
[954820 849440 956760 850240] on VIA34 is 178.326
[954820 849440 956760 850240] on VIA23 is 178.495
[954820 849440 956760 850240] on VIA12 is 178.663
[955790 849440 1196690 850240] on METAL1 is 179.475
[715550 849440 955790 850240] on METAL1 is 178.663
[714580 849440 716520 850240] on VIA12 is 172.576
[714580 849440 716520 850240] on VIA23 is 172.398
[714580 849440 716520 850240] on VIA34 is 172.22
[714550 839760 716550 849840] on METAL4 is 172.873
[714550 829680 716550 839760] on METAL4 is 173.631
[714580 839360 716520 840160] on VIA34 is 173.052
[714580 839360 716520 840160] on VIA23 is 173.231
[714580 839360 716520 840160] on VIA12 is 173.41
[715550 839360 955790 840160] on METAL1 is 179.021
[955790 839360 1196690 840160] on METAL1 is 179.398
[954820 839360 956760 840160] on VIA12 is 179.021
[954820 839360 956760 840160] on VIA23 is 178.851
[954820 839360 956760 840160] on VIA34 is 178.681
[954790 829680 956790 839760] on METAL4 is 178.795
[954790 819600 956790 829680] on METAL4 is 179.01
[954820 829280 956760 830080] on VIA34 is 178.967
[954820 829280 956760 830080] on VIA23 is 179.138
[954820 829280 956760 830080] on VIA12 is 179.31
[955790 829280 1196690 830080] on METAL1 is 179.31
[715550 829280 955790 830080] on METAL1 is 179.31
[714580 829280 716520 830080] on VIA12 is 174.171
[714580 829280 716520 830080] on VIA23 is 173.991
[714580 829280 716520 830080] on VIA34 is 173.811
[714550 819600 716550 829680] on METAL4 is 174.316
[714550 809520 716550 819600] on METAL4 is 174.927
[714580 819200 716520 820000] on VIA34 is 174.497
[714580 819200 716520 820000] on VIA23 is 174.677
[714580 819200 716520 820000] on VIA12 is 174.858
[715550 819200 955790 820000] on METAL1 is 179.528
[955790 819200 1196690 820000] on METAL1 is 179.528
[954820 819200 956760 820000] on VIA12 is 179.528
[954820 819200 956760 820000] on VIA23 is 179.355
[954820 819200 956760 820000] on VIA34 is 179.182
[954790 809520 956790 819600] on METAL4 is 179.153
[954790 799440 956790 809520] on METAL4 is 179.226
[954820 809120 956760 809920] on VIA34 is 179.327
[954820 809120 956760 809920] on VIA23 is 179.502
[954820 809120 956760 809920] on VIA12 is 179.676
[955790 809120 1196690 809920] on METAL1 is 179.676
[715550 809120 955790 809920] on METAL1 is 179.676
[714580 809120 716520 809920] on VIA12 is 175.472
[714580 809120 716520 809920] on VIA23 is 175.29
[714580 809120 716520 809920] on VIA34 is 175.109
[714550 799440 716550 809520] on METAL4 is 175.465
[714550 789360 716550 799440] on METAL4 is 175.928
[714580 799040 716520 799840] on VIA34 is 175.647
[714580 799040 716520 799840] on VIA23 is 175.829
[714580 799040 716520 799840] on VIA12 is 176.012
[715550 799040 955790 799840] on METAL1 is 179.752
[955790 799040 1196690 799840] on METAL1 is 179.752
[954820 799040 956760 799840] on VIA12 is 179.752
[954820 799040 956760 799840] on VIA23 is 179.577
[954820 799040 956760 799840] on VIA34 is 179.402
[954790 789360 956790 799440] on METAL4 is 179.227
[954790 779280 956790 789360] on METAL4 is 179.227
[954820 788960 956760 789760] on VIA34 is 179.404
[954820 788960 956760 789760] on VIA23 is 179.581
[954820 788960 956760 789760] on VIA12 is 179.757
[955790 788960 1196690 789760] on METAL1 is 179.757
[715550 788960 955790 789760] on METAL1 is 179.757
[714580 788960 716520 789760] on VIA12 is 176.477
[714580 788960 716520 789760] on VIA23 is 176.294
[714580 788960 716520 789760] on VIA34 is 176.111
[714550 779280 716550 789360] on METAL4 is 176.316
[714550 769200 716550 779280] on METAL4 is 176.629
[714580 778880 716520 779680] on VIA34 is 176.5
[714580 778880 716520 779680] on VIA23 is 176.684
[714580 778880 716520 779680] on VIA12 is 176.868
[715550 778880 955790 779680] on METAL1 is 179.69
[955790 778880 1196690 779680] on METAL1 is 179.69
[954820 778880 956760 779680] on VIA12 is 179.69
[954820 778880 956760 779680] on VIA23 is 179.512
[954820 778880 956760 779680] on VIA34 is 179.334
[954790 769200 956790 779280] on METAL4 is 179.157
[954790 759120 956790 769200] on METAL4 is 179.014
[954820 768800 956760 769600] on VIA34 is 179.193
[954820 768800 956760 769600] on VIA23 is 179.371
[954820 768800 956760 769600] on VIA12 is 179.55
[955790 768800 1196690 769600] on METAL1 is 179.55
[715550 768800 955790 769600] on METAL1 is 179.55
[714580 768800 716520 769600] on VIA12 is 177.184
[714580 768800 716520 769600] on VIA23 is 176.999
[714580 768800 716520 769600] on VIA34 is 176.814
[714550 759120 716550 769200] on METAL4 is 176.867
[714550 749040 716550 759120] on METAL4 is 177.03
[714580 758720 716520 759520] on VIA34 is 177.053
[714580 758720 716520 759520] on VIA23 is 177.239
[714580 758720 716520 759520] on VIA12 is 177.425
[715550 758720 955790 759520] on METAL1 is 179.337
[955790 758720 1196690 759520] on METAL1 is 179.337
[954820 758720 956760 759520] on VIA12 is 179.337
[954820 758720 956760 759520] on VIA23 is 179.157
[954820 758720 956760 759520] on VIA34 is 178.978
[954790 749040 956790 759120] on METAL4 is 178.798
[954790 738960 956790 749040] on METAL4 is 178.509
[954820 748640 956760 749440] on VIA34 is 178.69
[954820 748640 956760 749440] on VIA23 is 178.87
[954820 748640 956760 749440] on VIA12 is 179.051
[955790 748640 1196690 749440] on METAL1 is 179.051
[715550 748640 955790 749440] on METAL1 is 179.051
[714580 748640 716520 749440] on VIA12 is 177.591
[714580 748640 716520 749440] on VIA23 is 177.404
[714580 748640 716520 749440] on VIA34 is 177.217
[714550 738960 716550 749040] on METAL4 is 177.116
[714550 728880 716550 738960] on METAL4 is 177.126
[714580 738560 716520 739360] on VIA34 is 177.304
[714580 738560 716520 739360] on VIA23 is 177.492
[714580 738560 716520 739360] on VIA12 is 177.68
[715550 738560 955790 739360] on METAL1 is 178.691
[955790 738560 1196690 739360] on METAL1 is 178.691
[954820 738560 956760 739360] on VIA12 is 178.691
[954820 738560 956760 739360] on VIA23 is 178.509
[954820 738560 956760 739360] on VIA34 is 178.328
[954790 728880 956790 738960] on METAL4 is 178.147
[954790 718800 956790 728880] on METAL4 is 177.711
[954820 728480 956760 729280] on VIA34 is 177.893
[954820 728480 956760 729280] on VIA23 is 178.075
[954820 728480 956760 729280] on VIA12 is 178.257
[955790 728480 1196690 729280] on METAL1 is 178.257
[715550 728480 955790 729280] on METAL1 is 178.257
[714580 728480 716520 729280] on VIA12 is 177.693
[714580 728480 716520 729280] on VIA23 is 177.504
[714580 728480 716520 729280] on VIA34 is 177.315
[714550 718800 716550 728880] on METAL4 is 177.126
[714550 714930 716550 718800] on METAL4 is 177.058
[714580 718400 716520 719200] on VIA34 is 177.249
[714580 718400 716520 719200] on VIA23 is 177.439
[714580 718400 716520 719200] on VIA12 is 177.63
[715550 718400 955790 719200] on METAL1 is 177.749
[955790 718400 1196690 719200] on METAL1 is 177.749
[954820 718400 956760 719200] on VIA12 is 177.749
[954820 718400 956760 719200] on VIA23 is 177.566
[954820 718400 956760 719200] on VIA34 is 177.383
[954790 714930 956790 718800] on METAL4 is 177.2
[954790 708720 956790 714930] on METAL4 is 176.976
[954810 713950 956770 715910] on VIA45 is 176.976
[955790 713930 1196690 715930] on METAL5 is 176.172
[715550 713930 955790 715930] on METAL5 is 176.253
[714570 713950 716530 715910] on VIA45 is 177.003
[714550 708720 716550 714930] on METAL4 is 177.081
[714550 698640 716550 708720] on METAL4 is 177.131
[714580 708320 716520 709120] on VIA34 is 177.271
[714580 708320 716520 709120] on VIA23 is 177.461
[714580 708320 716520 709120] on VIA12 is 177.65
[715550 708320 955790 709120] on METAL1 is 177.65
[955790 708320 1196690 709120] on METAL1 is 177.351
[954820 708320 956760 709120] on VIA12 is 177.351
[954820 708320 956760 709120] on VIA23 is 177.168
[954820 708320 956760 709120] on VIA34 is 176.985
[954790 698640 956790 708720] on METAL4 is 176.802
[954790 688560 956790 698640] on METAL4 is 176.446
[954820 698240 956760 699040] on VIA34 is 176.629
[954820 698240 956760 699040] on VIA23 is 176.811
[954820 698240 956760 699040] on VIA12 is 176.993
[955790 698240 1196690 699040] on METAL1 is 176.993
[715550 698240 955790 699040] on METAL1 is 177.695
[714580 698240 716520 699040] on VIA12 is 177.695
[714580 698240 716520 699040] on VIA23 is 177.507
[714580 698240 716520 699040] on VIA34 is 177.319
[714550 688560 716550 698640] on METAL4 is 177.131
[714550 678480 716550 688560] on METAL4 is 177.105
[714580 688160 716520 688960] on VIA34 is 177.291
[714580 688160 716520 688960] on VIA23 is 177.477
[714580 688160 716520 688960] on VIA12 is 177.663
[715550 688160 955790 688960] on METAL1 is 177.663
[955790 688160 1196690 688960] on METAL1 is 176.562
[954820 688160 956760 688960] on VIA12 is 176.562
[954820 688160 956760 688960] on VIA23 is 176.38
[954820 688160 956760 688960] on VIA34 is 176.198
[954790 678480 956790 688560] on METAL4 is 176.016
[954790 668400 956790 678480] on METAL4 is 175.512
[954820 678080 956760 678880] on VIA34 is 175.693
[954820 678080 956760 678880] on VIA23 is 175.875
[954820 678080 956760 678880] on VIA12 is 176.056
[955790 678080 1196690 678880] on METAL1 is 176.056
[715550 678080 955790 678880] on METAL1 is 177.556
[714580 678080 716520 678880] on VIA12 is 177.556
[714580 678080 716520 678880] on VIA23 is 177.371
[714580 678080 716520 678880] on VIA34 is 177.187
[714550 668400 716550 678480] on METAL4 is 177.003
[714550 658320 716550 668400] on METAL4 is 176.826
[714580 668000 716520 668800] on VIA34 is 177.009
[714580 668000 716520 668800] on VIA23 is 177.191
[714580 668000 716520 668800] on VIA12 is 177.374
[715550 668000 955790 668800] on METAL1 is 177.374
[955790 668000 1196690 668800] on METAL1 is 175.477
[954820 668000 956760 668800] on VIA12 is 175.477
[954820 668000 956760 668800] on VIA23 is 175.296
[954820 668000 956760 668800] on VIA34 is 175.115
[954790 658320 956790 668400] on METAL4 is 174.934
[954790 648240 956790 658320] on METAL4 is 174.282
[954820 657920 956760 658720] on VIA34 is 174.463
[954820 657920 956760 658720] on VIA23 is 174.644
[954820 657920 956760 658720] on VIA12 is 174.824
[955790 657920 1196690 658720] on METAL1 is 174.824
[715550 657920 955790 658720] on METAL1 is 177.118
[714580 657920 716520 658720] on VIA12 is 177.118
[714580 657920 716520 658720] on VIA23 is 176.937
[714580 657920 716520 658720] on VIA34 is 176.756
[714550 648240 716550 658320] on METAL4 is 176.575
[714550 638160 716550 648240] on METAL4 is 176.25
[714580 647840 716520 648640] on VIA34 is 176.43
[714580 647840 716520 648640] on VIA23 is 176.61
[714580 647840 716520 648640] on VIA12 is 176.79
[715550 647840 955790 648640] on METAL1 is 176.79
[955790 647840 1196690 648640] on METAL1 is 174.098
[954820 647840 956760 648640] on VIA12 is 174.098
[954820 647840 956760 648640] on VIA23 is 173.918
[954820 647840 956760 648640] on VIA34 is 173.737
[954790 638160 956790 648240] on METAL4 is 173.557
[954790 628080 956790 638160] on METAL4 is 172.758
[954820 637760 956760 638560] on VIA34 is 172.938
[954820 637760 956760 638560] on VIA23 is 173.119
[954820 637760 956760 638560] on VIA12 is 173.299
[955790 637760 1196690 638560] on METAL1 is 173.299
[715550 637760 955790 638560] on METAL1 is 176.388
[714580 637760 716520 638560] on VIA12 is 176.388
[714580 637760 716520 638560] on VIA23 is 176.209
[714580 637760 716520 638560] on VIA34 is 176.03
[714550 628080 716550 638160] on METAL4 is 175.851
[714550 618000 716550 628080] on METAL4 is 175.38
[714580 627680 716520 628480] on VIA34 is 175.558
[714580 627680 716520 628480] on VIA23 is 175.736
[714580 627680 716520 628480] on VIA12 is 175.914
[715550 627680 955790 628480] on METAL1 is 175.914
[955790 627680 1196690 628480] on METAL1 is 172.427
[954820 627680 956760 628480] on VIA12 is 172.427
[954820 627680 956760 628480] on VIA23 is 172.246
[954820 627680 956760 628480] on VIA34 is 172.066
[954790 618000 956790 628080] on METAL4 is 171.886
[954790 607920 956790 618000] on METAL4 is 170.94
[954820 617600 956760 618400] on VIA34 is 171.12
[954820 617600 956760 618400] on VIA23 is 171.301
[954820 617600 956760 618400] on VIA12 is 171.482
[955790 617600 1196690 618400] on METAL1 is 171.482
[715550 617600 955790 618400] on METAL1 is 175.368
[714580 617600 716520 618400] on VIA12 is 175.368
[714580 617600 716520 618400] on VIA23 is 175.191
[714580 617600 716520 618400] on VIA34 is 175.013
[714550 607920 716550 618000] on METAL4 is 174.836
[714550 597840 716550 607920] on METAL4 is 174.22
[714580 607520 716520 608320] on VIA34 is 174.397
[714580 607520 716520 608320] on VIA23 is 174.574
[714580 607520 716520 608320] on VIA12 is 174.751
[715550 607520 955790 608320] on METAL1 is 174.751
[955790 607520 1196690 608320] on METAL1 is 170.463
[954820 607520 956760 608320] on VIA12 is 170.463
[954820 607520 956760 608320] on VIA23 is 170.282
[954820 607520 956760 608320] on VIA34 is 170.101
[954790 597840 956790 607920] on METAL4 is 169.92
[954790 587760 956790 597840] on METAL4 is 168.827
[954820 597440 956760 598240] on VIA34 is 169.009
[954820 597440 956760 598240] on VIA23 is 169.191
[954820 597440 956760 598240] on VIA12 is 169.372
[955790 597440 1196690 598240] on METAL1 is 169.372
[715550 597440 955790 598240] on METAL1 is 174.062
[714580 597440 716520 598240] on VIA12 is 174.062
[714580 597440 716520 598240] on VIA23 is 173.885
[714580 597440 716520 598240] on VIA34 is 173.708
[714550 587760 716550 597840] on METAL4 is 173.532
[714550 577680 716550 587760] on METAL4 is 172.772
[714580 587360 716520 588160] on VIA34 is 172.948
[714580 587360 716520 588160] on VIA23 is 173.125
[714580 587360 716520 588160] on VIA12 is 173.301
[715550 587360 955790 588160] on METAL1 is 173.301
[955790 587360 1196690 588160] on METAL1 is 168.208
[954820 587360 956760 588160] on VIA12 is 168.208
[954820 587360 956760 588160] on VIA23 is 168.025
[954820 587360 956760 588160] on VIA34 is 167.843
[954790 577680 956790 587760] on METAL4 is 167.66
[954790 567600 956790 577680] on METAL4 is 166.419
[954820 577280 956760 578080] on VIA34 is 166.603
[954820 577280 956760 578080] on VIA23 is 166.786
[954820 577280 956760 578080] on VIA12 is 166.97
[955790 577280 1196690 578080] on METAL1 is 166.97
[715550 577280 955790 578080] on METAL1 is 172.47
[714580 577280 716520 578080] on VIA12 is 172.47
[714580 577280 716520 578080] on VIA23 is 172.293
[714580 577280 716520 578080] on VIA34 is 172.117
[714550 567600 716550 577680] on METAL4 is 171.94
[714550 557520 716550 567600] on METAL4 is 171.036
[714580 567200 716520 568000] on VIA34 is 171.213
[714580 567200 716520 568000] on VIA23 is 171.39
[714580 567200 716520 568000] on VIA12 is 171.567
[715550 567200 955790 568000] on METAL1 is 171.567
[955790 567200 1196690 568000] on METAL1 is 165.659
[954820 567200 956760 568000] on VIA12 is 165.659
[954820 567200 956760 568000] on VIA23 is 165.473
[954820 567200 956760 568000] on VIA34 is 165.288
[954790 557520 956790 567600] on METAL4 is 165.103
[954790 547440 956790 557520] on METAL4 is 163.712
[954820 557120 956760 557920] on VIA34 is 163.899
[954820 557120 956760 557920] on VIA23 is 164.086
[954820 557120 956760 557920] on VIA12 is 164.273
[955790 557120 1196690 557920] on METAL1 is 164.273
[715550 557120 955790 557920] on METAL1 is 170.593
[714580 557120 716520 557920] on VIA12 is 170.593
[714580 557120 716520 557920] on VIA23 is 170.415
[714580 557120 716520 557920] on VIA34 is 170.238
[714550 547440 716550 557520] on METAL4 is 170.06
[714550 537360 716550 547440] on METAL4 is 169.012
[714580 547040 716520 547840] on VIA34 is 169.19
[714580 547040 716520 547840] on VIA23 is 169.369
[714580 547040 716520 547840] on VIA12 is 169.547
[715550 547040 955790 547840] on METAL1 is 169.547
[955790 547040 1196690 547840] on METAL1 is 162.812
[954820 547040 956760 547840] on VIA12 is 162.812
[954820 547040 956760 547840] on VIA23 is 162.623
[954820 547040 956760 547840] on VIA34 is 162.433
[954790 537360 956790 547440] on METAL4 is 162.244
[954790 527280 956790 537360] on METAL4 is 160.699
[954820 536960 956760 537760] on VIA34 is 160.891
[954820 536960 956760 537760] on VIA23 is 161.084
[954820 536960 956760 537760] on VIA12 is 161.276
[955790 536960 1196690 537760] on METAL1 is 161.276
[715550 536960 955790 537760] on METAL1 is 168.429
[714580 536960 716520 537760] on VIA12 is 168.429
[714580 536960 716520 537760] on VIA23 is 168.25
[714580 536960 716520 537760] on VIA34 is 168.07
[1196690 536960 1436930 537760] on METAL1 is 149.395
[1195720 536960 1197660 537760] on VIA12 is 149.395
[1195720 536960 1197660 537760] on VIA23 is 149.217
[1195720 536960 1197660 537760] on VIA34 is 149.039
[1195690 527280 1197690 537360] on METAL4 is 148.861
[1195690 537360 1197690 547440] on METAL4 is 150.759
[1195690 547440 1197690 557520] on METAL4 is 152.586
[1195720 547040 1197660 547840] on VIA34 is 150.935
[1195720 547040 1197660 547840] on VIA23 is 151.11
[1195720 547040 1197660 547840] on VIA12 is 151.285
[1196690 547040 1436930 547840] on METAL1 is 151.285
[1436930 547040 1677830 547840] on METAL1 is 134.682
[1435960 547040 1437900 547840] on VIA12 is 134.682
[1435960 547040 1437900 547840] on VIA23 is 134.571
[1435960 547040 1437900 547840] on VIA34 is 134.461
[1435930 537360 1437930 547440] on METAL4 is 134.35
[1435930 547440 1437930 557520] on METAL4 is 136.465
[1435930 557520 1437930 567600] on METAL4 is 138.532
[1435960 557120 1437900 557920] on VIA34 is 136.579
[1435960 557120 1437900 557920] on VIA23 is 136.694
[1435960 557120 1437900 557920] on VIA12 is 136.809
[1436930 557120 1677830 557920] on METAL1 is 136.809
[1196690 557120 1436930 557920] on METAL1 is 153.105
[1195720 557120 1197660 557920] on VIA12 is 153.105
[1195720 557120 1197660 557920] on VIA23 is 152.932
[1195720 557120 1197660 557920] on VIA34 is 152.759
[1195690 557520 1197690 567600] on METAL4 is 154.343
[1195690 567600 1197690 577680] on METAL4 is 156.03
[1195720 567200 1197660 568000] on VIA34 is 154.514
[1195720 567200 1197660 568000] on VIA23 is 154.686
[1195720 567200 1197660 568000] on VIA12 is 154.857
[1196690 567200 1436930 568000] on METAL1 is 154.857
[1436930 567200 1677830 568000] on METAL1 is 138.891
[1435960 567200 1437900 568000] on VIA12 is 138.891
[1435960 567200 1437900 568000] on VIA23 is 138.771
[1435960 567200 1437900 568000] on VIA34 is 138.652
[1435930 567600 1437930 577680] on METAL4 is 140.551
[1435930 577680 1437930 587760] on METAL4 is 142.519
[1435960 577280 1437900 578080] on VIA34 is 140.676
[1435960 577280 1437900 578080] on VIA23 is 140.801
[1435960 577280 1437900 578080] on VIA12 is 140.926
[1436930 577280 1677830 578080] on METAL1 is 140.926
[1196690 577280 1436930 578080] on METAL1 is 156.542
[1195720 577280 1197660 578080] on VIA12 is 156.542
[1195720 577280 1197660 578080] on VIA23 is 156.371
[1195720 577280 1197660 578080] on VIA34 is 156.2
[1195690 577680 1197690 587760] on METAL4 is 157.647
[1195690 587760 1197690 597840] on METAL4 is 159.195
[1195720 587360 1197660 588160] on VIA34 is 157.817
[1195720 587360 1197660 588160] on VIA23 is 157.987
[1195720 587360 1197660 588160] on VIA12 is 158.158
[1196690 587360 1436930 588160] on METAL1 is 158.158
[1436930 587360 1677830 588160] on METAL1 is 142.911
[1435960 587360 1437900 588160] on VIA12 is 142.911
[1435960 587360 1437900 588160] on VIA23 is 142.78
[1435960 587360 1437900 588160] on VIA34 is 142.65
[1435930 587760 1437930 597840] on METAL4 is 144.434
[1435930 597840 1437930 607920] on METAL4 is 146.292
[1435960 597440 1437900 598240] on VIA34 is 144.573
[1435960 597440 1437900 598240] on VIA23 is 144.713
[1435960 597440 1437900 598240] on VIA12 is 144.853
[1436930 597440 1677830 598240] on METAL1 is 144.853
[1196690 597440 1436930 598240] on METAL1 is 159.707
[1195720 597440 1197660 598240] on VIA12 is 159.707
[1195720 597440 1197660 598240] on VIA23 is 159.536
[1195720 597440 1197660 598240] on VIA34 is 159.365
[1195690 597840 1197690 607920] on METAL4 is 160.673
[1195690 607920 1197690 618000] on METAL4 is 162.082
[1195720 607520 1197660 608320] on VIA34 is 160.844
[1195720 607520 1197660 608320] on VIA23 is 161.015
[1195720 607520 1197660 608320] on VIA12 is 161.186
[1196690 607520 1436930 608320] on METAL1 is 161.186
[1436930 607520 1677830 608320] on METAL1 is 146.727
[1435960 607520 1437900 608320] on VIA12 is 146.727
[1435960 607520 1437900 608320] on VIA23 is 146.582
[1435960 607520 1437900 608320] on VIA34 is 146.437
[1435930 607920 1437930 618000] on METAL4 is 148.09
[1435930 618000 1437930 628080] on METAL4 is 149.828
[1435960 617600 1437900 618400] on VIA34 is 148.241
[1435960 617600 1437900 618400] on VIA23 is 148.391
[1435960 617600 1437900 618400] on VIA12 is 148.541
[1436930 617600 1677830 618400] on METAL1 is 148.541
[1196690 617600 1436930 618400] on METAL1 is 162.596
[1195720 617600 1197660 618400] on VIA12 is 162.596
[1195720 617600 1197660 618400] on VIA23 is 162.425
[1195720 617600 1197660 618400] on VIA34 is 162.253
[1195690 618000 1197690 628080] on METAL4 is 163.421
[1195690 628080 1197690 638160] on METAL4 is 164.689
[1195720 627680 1197660 628480] on VIA34 is 163.593
[1195720 627680 1197660 628480] on VIA23 is 163.765
[1195720 627680 1197660 628480] on VIA12 is 163.937
[1196690 627680 1436930 628480] on METAL1 is 163.937
[1436930 627680 1677830 628480] on METAL1 is 150.293
[1435960 627680 1437900 628480] on VIA12 is 150.293
[1435960 627680 1437900 628480] on VIA23 is 150.138
[1435960 627680 1437900 628480] on VIA34 is 149.983
[1435930 628080 1437930 638160] on METAL4 is 151.502
[1435930 638160 1437930 648240] on METAL4 is 153.111
[1435960 637760 1437900 638560] on VIA34 is 151.661
[1435960 637760 1437900 638560] on VIA23 is 151.821
[1435960 637760 1437900 638560] on VIA12 is 151.98
[1436930 637760 1677830 638560] on METAL1 is 151.98
[1196690 637760 1436930 638560] on METAL1 is 165.208
[1195720 637760 1197660 638560] on VIA12 is 165.208
[1195720 637760 1197660 638560] on VIA23 is 165.035
[1195720 637760 1197660 638560] on VIA34 is 164.862
[1195690 638160 1197690 648240] on METAL4 is 165.888
[1195690 648240 1197690 658320] on METAL4 is 167.015
[1195720 647840 1197660 648640] on VIA34 is 166.061
[1195720 647840 1197660 648640] on VIA23 is 166.235
[1195720 647840 1197660 648640] on VIA12 is 166.409
[1196690 647840 1436930 648640] on METAL1 is 166.409
[1436930 647840 1677830 648640] on METAL1 is 153.601
[1435960 647840 1437900 648640] on VIA12 is 153.601
[1435960 647840 1437900 648640] on VIA23 is 153.438
[1435960 647840 1437900 648640] on VIA34 is 153.275
[1435930 648240 1437930 658320] on METAL4 is 154.654
[1435930 658320 1437930 668400] on METAL4 is 156.129
[1435960 657920 1437900 658720] on VIA34 is 154.821
[1435960 657920 1437900 658720] on VIA23 is 154.987
[1435960 657920 1437900 658720] on VIA12 is 155.154
[1436930 657920 1677830 658720] on METAL1 is 155.154
[1196690 657920 1436930 658720] on METAL1 is 167.539
[1195720 657920 1197660 658720] on VIA12 is 167.539
[1195720 657920 1197660 658720] on VIA23 is 167.364
[1195720 657920 1197660 658720] on VIA34 is 167.19
[1195690 658320 1197690 668400] on METAL4 is 168.072
[1195690 668400 1197690 678480] on METAL4 is 169.057
[1195720 668000 1197660 668800] on VIA34 is 168.247
[1195720 668000 1197660 668800] on VIA23 is 168.422
[1195720 668000 1197660 668800] on VIA12 is 168.597
[1196690 668000 1436930 668800] on METAL1 is 168.597
[1436930 668000 1677830 668800] on METAL1 is 156.631
[1435960 668000 1437900 668800] on VIA12 is 156.631
[1435960 668000 1437900 668800] on VIA23 is 156.464
[1435960 668000 1437900 668800] on VIA34 is 156.297
[1435930 668400 1437930 678480] on METAL4 is 157.536
[1435930 678480 1437930 688560] on METAL4 is 158.874
[1435960 678080 1437900 678880] on VIA34 is 157.706
[1435960 678080 1437900 678880] on VIA23 is 157.877
[1435960 678080 1437900 678880] on VIA12 is 158.047
[1436930 678080 1677830 678880] on METAL1 is 158.047
[1196690 678080 1436930 678880] on METAL1 is 169.585
[1195720 678080 1197660 678880] on VIA12 is 169.585
[1195720 678080 1197660 678880] on VIA23 is 169.409
[1195720 678080 1197660 678880] on VIA34 is 169.233
[1195690 678480 1197690 688560] on METAL4 is 169.97
[1195690 688560 1197690 698640] on METAL4 is 170.812
[1195720 688160 1197660 688960] on VIA34 is 170.147
[1195720 688160 1197660 688960] on VIA23 is 170.324
[1195720 688160 1197660 688960] on VIA12 is 170.501
[1196690 688160 1436930 688960] on METAL1 is 170.501
[1436930 688160 1677830 688960] on METAL1 is 159.393
[1435960 688160 1437900 688960] on VIA12 is 159.393
[1435960 688160 1437900 688960] on VIA23 is 159.22
[1435960 688160 1437900 688960] on VIA34 is 159.047
[1435930 688560 1437930 698640] on METAL4 is 160.141
[1435930 698640 1437930 708720] on METAL4 is 161.336
[1435960 698240 1437900 699040] on VIA34 is 160.317
[1435960 698240 1437900 699040] on VIA23 is 160.493
[1435960 698240 1437900 699040] on VIA12 is 160.669
[1436930 698240 1677830 699040] on METAL1 is 160.669
[1196690 698240 1436930 699040] on METAL1 is 171.345
[1195720 698240 1197660 699040] on VIA12 is 171.345
[1195720 698240 1197660 699040] on VIA23 is 171.167
[1195720 698240 1197660 699040] on VIA34 is 170.989
[1195690 698640 1197690 708720] on METAL4 is 171.581
[1195690 708720 1197690 714930] on METAL4 is 172.01
[1195720 708320 1197660 709120] on VIA34 is 171.759
[1195720 708320 1197660 709120] on VIA23 is 171.938
[1195720 708320 1197660 709120] on VIA12 is 172.116
[1196690 708320 1436930 709120] on METAL1 is 172.116
[1436930 708320 1677830 709120] on METAL1 is 161.873
[1435960 708320 1437900 709120] on VIA12 is 161.873
[1435960 708320 1437900 709120] on VIA23 is 161.694
[1435960 708320 1437900 709120] on VIA34 is 161.515
[1435930 708720 1437930 714930] on METAL4 is 162.028
[1435930 714930 1437930 718800] on METAL4 is 162.577
[1435950 713950 1437910 715910] on VIA45 is 162.028
[1436930 713930 1677830 715930] on METAL5 is 161.216
[1196690 713930 1436930 715930] on METAL5 is 171.187
[1195710 713950 1197670 715910] on VIA45 is 172.01
[1195690 714930 1197690 718800] on METAL4 is 172.397
[1195690 718800 1197690 728880] on METAL4 is 173.335
[1195720 718400 1197660 719200] on VIA34 is 172.576
[1195720 718400 1197660 719200] on VIA23 is 172.755
[1195720 718400 1197660 719200] on VIA12 is 172.934
[1196690 718400 1436930 719200] on METAL1 is 172.934
[1436930 718400 1677830 719200] on METAL1 is 163.119
[1435960 718400 1437900 719200] on VIA12 is 163.119
[1435960 718400 1437900 719200] on VIA23 is 162.939
[1435960 718400 1437900 719200] on VIA34 is 162.758
[1435930 718800 1437930 728880] on METAL4 is 163.935
[1435930 728880 1437930 738960] on METAL4 is 165.218
[1435960 728480 1437900 729280] on VIA34 is 164.116
[1435960 728480 1437900 729280] on VIA23 is 164.297
[1435960 728480 1437900 729280] on VIA12 is 164.478
[1436930 728480 1677830 729280] on METAL1 is 164.478
[1196690 728480 1436930 729280] on METAL1 is 173.871
[1195720 728480 1197660 729280] on VIA12 is 173.871
[1195720 728480 1197660 729280] on VIA23 is 173.692
[1195720 728480 1197660 729280] on VIA34 is 173.513
[1195690 728880 1197690 738960] on METAL4 is 174.199
[1195690 738960 1197690 749040] on METAL4 is 174.991
[1195720 738560 1197660 739360] on VIA34 is 174.378
[1195720 738560 1197660 739360] on VIA23 is 174.556
[1195720 738560 1197660 739360] on VIA12 is 174.735
[1196690 738560 1436930 739360] on METAL1 is 174.735
[1436930 738560 1677830 739360] on METAL1 is 165.762
[1435960 738560 1437900 739360] on VIA12 is 165.762
[1435960 738560 1437900 739360] on VIA23 is 165.581
[1435960 738560 1437900 739360] on VIA34 is 165.4
[1435930 738960 1437930 749040] on METAL4 is 166.428
[1435930 749040 1437930 759120] on METAL4 is 167.564
[1435960 748640 1437900 749440] on VIA34 is 166.61
[1435960 748640 1437900 749440] on VIA23 is 166.791
[1435960 748640 1437900 749440] on VIA12 is 166.973
[1436930 748640 1677830 749440] on METAL1 is 166.973
[1196690 748640 1436930 749440] on METAL1 is 175.525
[1195720 748640 1197660 749440] on VIA12 is 175.525
[1195720 748640 1197660 749440] on VIA23 is 175.347
[1195720 748640 1197660 749440] on VIA34 is 175.169
[1195690 749040 1197690 759120] on METAL4 is 175.71
[1195690 759120 1197690 769200] on METAL4 is 176.358
[1195720 758720 1197660 759520] on VIA34 is 175.888
[1195720 758720 1197660 759520] on VIA23 is 176.066
[1195720 758720 1197660 759520] on VIA12 is 176.243
[1196690 758720 1436930 759520] on METAL1 is 176.243
[1436930 758720 1677830 759520] on METAL1 is 168.109
[1435960 758720 1437900 759520] on VIA12 is 168.109
[1435960 758720 1437900 759520] on VIA23 is 167.927
[1435960 758720 1437900 759520] on VIA34 is 167.746
[1435930 759120 1437930 769200] on METAL4 is 168.626
[1435930 769200 1437930 779280] on METAL4 is 169.614
[1435960 768800 1437900 769600] on VIA34 is 168.807
[1435960 768800 1437900 769600] on VIA23 is 168.989
[1435960 768800 1437900 769600] on VIA12 is 169.17
[1436930 768800 1677830 769600] on METAL1 is 169.17
[1196690 768800 1436930 769600] on METAL1 is 176.888
[1195720 768800 1197660 769600] on VIA12 is 176.888
[1195720 768800 1197660 769600] on VIA23 is 176.711
[1195720 768800 1197660 769600] on VIA34 is 176.534
[1195690 769200 1197690 779280] on METAL4 is 176.933
[1195690 779280 1197690 789360] on METAL4 is 177.436
[1195720 778880 1197660 779680] on VIA34 is 177.109
[1195720 778880 1197660 779680] on VIA23 is 177.285
[1195720 778880 1197660 779680] on VIA12 is 177.461
[1196690 778880 1436930 779680] on METAL1 is 177.461
[1436930 778880 1677830 779680] on METAL1 is 170.158
[1435960 778880 1437900 779680] on VIA12 is 170.158
[1435960 778880 1437900 779680] on VIA23 is 169.976
[1435960 778880 1437900 779680] on VIA34 is 169.795
[1435930 779280 1437930 789360] on METAL4 is 170.528
[1435930 789360 1437930 799440] on METAL4 is 171.368
[1435960 788960 1437900 789760] on VIA34 is 170.709
[1435960 788960 1437900 789760] on VIA23 is 170.89
[1435960 788960 1437900 789760] on VIA12 is 171.071
[1436930 788960 1677830 789760] on METAL1 is 171.071
[1196690 788960 1436930 789760] on METAL1 is 177.962
[1195720 788960 1197660 789760] on VIA12 is 177.962
[1195720 788960 1197660 789760] on VIA23 is 177.787
[1195720 788960 1197660 789760] on VIA34 is 177.611
[1195690 789360 1197690 799440] on METAL4 is 177.868
[1195690 799440 1197690 809520] on METAL4 is 178.229
[1195720 799040 1197660 799840] on VIA34 is 178.042
[1195720 799040 1197660 799840] on VIA23 is 178.217
[1195720 799040 1197660 799840] on VIA12 is 178.391
[1196690 799040 1436930 799840] on METAL1 is 178.391
[1436930 799040 1677830 799840] on METAL1 is 171.91
[1435960 799040 1437900 799840] on VIA12 is 171.91
[1435960 799040 1437900 799840] on VIA23 is 171.729
[1435960 799040 1437900 799840] on VIA34 is 171.549
[1435930 799440 1437930 809520] on METAL4 is 172.135
[1435930 809520 1437930 819600] on METAL4 is 172.829
[1435960 809120 1437900 809920] on VIA34 is 172.315
[1435960 809120 1437900 809920] on VIA23 is 172.495
[1435960 809120 1437900 809920] on VIA12 is 172.675
[1436930 809120 1677830 809920] on METAL1 is 172.675
[1196690 809120 1436930 809920] on METAL1 is 178.749
[1195720 809120 1197660 809920] on VIA12 is 178.749
[1195720 809120 1197660 809920] on VIA23 is 178.575
[1195720 809120 1197660 809920] on VIA34 is 178.402
[1195690 809520 1197690 819600] on METAL4 is 178.519
[1195690 819600 1197690 829680] on METAL4 is 178.739
[1195720 819200 1197660 820000] on VIA34 is 178.691
[1195720 819200 1197660 820000] on VIA23 is 178.863
[1195720 819200 1197660 820000] on VIA12 is 179.036
[1196690 819200 1436930 820000] on METAL1 is 179.036
[1436930 819200 1677830 820000] on METAL1 is 173.367
[1435960 819200 1437900 820000] on VIA12 is 173.367
[1435960 819200 1437900 820000] on VIA23 is 173.187
[1435960 819200 1437900 820000] on VIA34 is 173.008
[1435930 819600 1437930 829680] on METAL4 is 173.449
[1435930 829680 1437930 839760] on METAL4 is 173.997
[1435960 829280 1437900 830080] on VIA34 is 173.628
[1435960 829280 1437900 830080] on VIA23 is 173.806
[1435960 829280 1437900 830080] on VIA12 is 173.985
[1436930 829280 1677830 830080] on METAL1 is 173.985
[1196690 829280 1436930 830080] on METAL1 is 179.252
[1195720 829280 1197660 830080] on VIA12 is 179.252
[1195720 829280 1197660 830080] on VIA23 is 179.081
[1195720 829280 1197660 830080] on VIA34 is 178.91
[1195690 829680 1197690 839760] on METAL4 is 178.89
[1195690 839760 1197690 849840] on METAL4 is 178.971
[1195720 839360 1197660 840160] on VIA34 is 179.059
[1195720 839360 1197660 840160] on VIA23 is 179.228
[1195720 839360 1197660 840160] on VIA12 is 179.398
[1196690 839360 1436930 840160] on METAL1 is 179.398
[1436930 839360 1677830 840160] on METAL1 is 174.53
[1435960 839360 1437900 840160] on VIA12 is 174.53
[1435960 839360 1437900 840160] on VIA23 is 174.352
[1435960 839360 1437900 840160] on VIA34 is 174.175
[1435930 839760 1437930 849840] on METAL4 is 174.472
[1435930 849840 1437930 859920] on METAL4 is 174.876
[1435960 849440 1437900 850240] on VIA34 is 174.649
[1435960 849440 1437900 850240] on VIA23 is 174.826
[1435960 849440 1437900 850240] on VIA12 is 175.002
[1436930 849440 1677830 850240] on METAL1 is 175.002
[1196690 849440 1436930 850240] on METAL1 is 179.475
[1195720 849440 1197660 850240] on VIA12 is 179.475
[1195720 849440 1197660 850240] on VIA23 is 179.307
[1195720 849440 1197660 850240] on VIA34 is 179.139
[1195690 849840 1197690 859920] on METAL4 is 178.984
[1195690 859920 1197690 870000] on METAL4 is 178.984
[1195720 859520 1197660 860320] on VIA34 is 179.15
[1195720 859520 1197660 860320] on VIA23 is 179.316
[1195720 859520 1197660 860320] on VIA12 is 179.483
[1196690 859520 1436930 860320] on METAL1 is 179.483
[1436930 859520 1677830 860320] on METAL1 is 175.403
[1435960 859520 1437900 860320] on VIA12 is 175.403
[1435960 859520 1437900 860320] on VIA23 is 175.227
[1435960 859520 1437900 860320] on VIA34 is 175.051
[1435930 859920 1437930 870000] on METAL4 is 175.208
[1435930 870000 1437930 880080] on METAL4 is 175.469
[1435960 869600 1437900 870400] on VIA34 is 175.382
[1435960 869600 1437900 870400] on VIA23 is 175.557
[1435960 869600 1437900 870400] on VIA12 is 175.731
[1436930 869600 1677830 870400] on METAL1 is 175.731
[1196690 869600 1436930 870400] on METAL1 is 179.422
[1195720 869600 1197660 870400] on VIA12 is 179.422
[1195720 869600 1197660 870400] on VIA23 is 179.258
[1195720 869600 1197660 870400] on VIA34 is 179.094
[1195690 870000 1197690 880080] on METAL4 is 178.93
[1195690 880080 1197690 890160] on METAL4 is 178.808
[1195720 879680 1197660 880480] on VIA34 is 178.97
[1195720 879680 1197660 880480] on VIA23 is 179.133
[1195720 879680 1197660 880480] on VIA12 is 179.295
[1196690 879680 1436930 880480] on METAL1 is 179.295
[1436930 879680 1677830 880480] on METAL1 is 175.988
[1435960 879680 1437900 880480] on VIA12 is 175.988
[1435960 879680 1437900 880480] on VIA23 is 175.815
[1435960 879680 1437900 880480] on VIA34 is 175.642
[1435930 880080 1437930 890160] on METAL4 is 175.659
[1435930 890160 1437930 900240] on METAL4 is 175.78
[1435960 889760 1437900 890560] on VIA34 is 175.831
[1435960 889760 1437900 890560] on VIA23 is 176.002
[1435960 889760 1437900 890560] on VIA12 is 176.174
[1436930 889760 1677830 890560] on METAL1 is 176.174
[1196690 889760 1436930 890560] on METAL1 is 179.101
[1195720 889760 1197660 890560] on VIA12 is 179.101
[1195720 889760 1197660 890560] on VIA23 is 178.941
[1195720 889760 1197660 890560] on VIA34 is 178.781
[1195690 890160 1197690 900240] on METAL4 is 178.621
[1195690 900240 1197690 910320] on METAL4 is 178.368
[1195720 899840 1197660 900640] on VIA34 is 178.526
[1195720 899840 1197660 900640] on VIA23 is 178.683
[1195720 899840 1197660 900640] on VIA12 is 178.841
[1196690 899840 1436930 900640] on METAL1 is 178.841
[1436930 899840 1677830 900640] on METAL1 is 176.29
[1435960 899840 1437900 900640] on VIA12 is 176.29
[1435960 899840 1437900 900640] on VIA23 is 176.12
[1435960 899840 1437900 900640] on VIA34 is 175.95
[1435930 900240 1437930 910320] on METAL4 is 175.831
[1435930 910320 1437930 920400] on METAL4 is 175.831
[1435960 909920 1437900 910720] on VIA34 is 175.999
[1435960 909920 1437900 910720] on VIA23 is 176.168
[1435960 909920 1437900 910720] on VIA12 is 176.336
[1436930 909920 1677830 910720] on METAL1 is 176.336
[1196690 909920 1436930 910720] on METAL1 is 178.516
[1195720 909920 1197660 910720] on VIA12 is 178.516
[1195720 909920 1197660 910720] on VIA23 is 178.361
[1195720 909920 1197660 910720] on VIA34 is 178.206
[1195690 910320 1197690 920400] on METAL4 is 178.051
[1195690 920400 1197690 930480] on METAL4 is 177.671
[1195720 920000 1197660 920800] on VIA34 is 177.823
[1195720 920000 1197660 920800] on VIA23 is 177.975
[1195720 920000 1197660 920800] on VIA12 is 178.128
[1196690 920000 1436930 920800] on METAL1 is 178.128
[1436930 920000 1677830 920800] on METAL1 is 176.314
[1435960 920000 1437900 920800] on VIA12 is 176.314
[1435960 920000 1437900 920800] on VIA23 is 176.147
[1435960 920000 1437900 920800] on VIA34 is 175.98
[1435930 920400 1437930 930480] on METAL4 is 175.814
[1435930 930480 1437930 940560] on METAL4 is 175.729
[1435960 930080 1437900 930880] on VIA34 is 175.893
[1435960 930080 1437900 930880] on VIA23 is 176.058
[1435960 930080 1437900 930880] on VIA12 is 176.223
[1436930 930080 1677830 930880] on METAL1 is 176.223
[1196690 930080 1436930 930880] on METAL1 is 177.677
[1195720 930080 1197660 930880] on VIA12 is 177.677
[1195720 930080 1197660 930880] on VIA23 is 177.527
[1195720 930080 1197660 930880] on VIA34 is 177.378
[1195690 930480 1197690 940560] on METAL4 is 177.229
[1195690 940560 1197690 950640] on METAL4 is 176.726
[1195720 940160 1197660 940960] on VIA34 is 176.872
[1195720 940160 1197660 940960] on VIA23 is 177.018
[1195720 940160 1197660 940960] on VIA12 is 177.164
[1196690 940160 1436930 940960] on METAL1 is 177.164
[1436930 940160 1677830 940960] on METAL1 is 176.064
[1435960 940160 1437900 940960] on VIA12 is 176.064
[1435960 940160 1437900 940960] on VIA23 is 175.902
[1435960 940160 1437900 940960] on VIA34 is 175.739
[1435930 940560 1437930 950640] on METAL4 is 175.576
[1435930 950640 1437930 956230] on METAL4 is 175.358
[1435960 950240 1437900 951040] on VIA34 is 175.518
[1435960 950240 1437900 951040] on VIA23 is 175.679
[1435960 950240 1437900 951040] on VIA12 is 175.839
[1436930 950240 1677830 951040] on METAL1 is 175.839
[1196690 950240 1436930 951040] on METAL1 is 176.591
[1195720 950240 1197660 951040] on VIA12 is 176.591
[1195720 950240 1197660 951040] on VIA23 is 176.449
[1195720 950240 1197660 951040] on VIA34 is 176.306
[1195690 950640 1197690 956230] on METAL4 is 176.164
[1195690 956230 1197690 960720] on METAL4 is 175.82
[1195710 955250 1197670 957210] on VIA45 is 175.82
[1196690 955230 1436930 957230] on METAL5 is 174.845
[1436930 955230 1677830 957230] on METAL5 is 174.303
[1435950 955250 1437910 957210] on VIA45 is 175.2
[1435930 956230 1437930 960720] on METAL4 is 175.233
[1435930 960720 1437930 970800] on METAL4 is 175.242
[1435960 960320 1437900 961120] on VIA34 is 175.39
[1435960 960320 1437900 961120] on VIA23 is 175.548
[1435960 960320 1437900 961120] on VIA12 is 175.705
[1436930 960320 1677830 961120] on METAL1 is 175.705
[1196690 960320 1436930 961120] on METAL1 is 176.136
[1195720 960320 1197660 961120] on VIA12 is 176.136
[1195720 960320 1197660 961120] on VIA23 is 175.998
[1195720 960320 1197660 961120] on VIA34 is 175.86
[1195690 960720 1197690 970800] on METAL4 is 175.722
[1195690 970800 1197690 980880] on METAL4 is 175.446
[1195720 970400 1197660 971200] on VIA34 is 175.578
[1195720 970400 1197660 971200] on VIA23 is 175.711
[1195720 970400 1197660 971200] on VIA12 is 175.843
[1196690 970400 1436930 971200] on METAL1 is 175.843
[1436930 970400 1677830 971200] on METAL1 is 175.701
[1435960 970400 1437900 971200] on VIA12 is 175.701
[1435960 970400 1437900 971200] on VIA23 is 175.548
[1435960 970400 1437900 971200] on VIA34 is 175.395
[1435930 970800 1437930 980880] on METAL4 is 175.242
[1435930 980880 1437930 990960] on METAL4 is 175.189
[1435960 980480 1437900 981280] on VIA34 is 175.337
[1435960 980480 1437900 981280] on VIA23 is 175.486
[1435960 980480 1437900 981280] on VIA12 is 175.635
[1436930 980480 1677830 981280] on METAL1 is 175.635
[1196690 980480 1436930 981280] on METAL1 is 175.635
[1195720 980480 1197660 981280] on VIA12 is 175.495
[1195720 980480 1197660 981280] on VIA23 is 175.369
[1195720 980480 1197660 981280] on VIA34 is 175.243
[1195690 980880 1197690 990960] on METAL4 is 175.116
[1195690 990960 1197690 1001040] on METAL4 is 174.735
[1195720 990560 1197660 991360] on VIA34 is 174.855
[1195720 990560 1197660 991360] on VIA23 is 174.975
[1195720 990560 1197660 991360] on VIA12 is 175.095
[1196690 990560 1436930 991360] on METAL1 is 175.508
[1436930 990560 1677830 991360] on METAL1 is 175.508
[1435960 990560 1437900 991360] on VIA12 is 175.508
[1435960 990560 1437900 991360] on VIA23 is 175.363
[1435960 990560 1437900 991360] on VIA34 is 175.219
[1435930 990960 1437930 1001040] on METAL4 is 175.075
[1435930 1001040 1437930 1011120] on METAL4 is 174.902
[1435960 1000640 1437900 1001440] on VIA34 is 175.042
[1435960 1000640 1437900 1001440] on VIA23 is 175.182
[1435960 1000640 1437900 1001440] on VIA12 is 175.321
[1436930 1000640 1677830 1001440] on METAL1 is 175.321
[1196690 1000640 1436930 1001440] on METAL1 is 175.321
[1195720 1000640 1197660 1001440] on VIA12 is 174.646
[1195720 1000640 1197660 1001440] on VIA23 is 174.533
[1195720 1000640 1197660 1001440] on VIA34 is 174.419
[1195690 1001040 1197690 1011120] on METAL4 is 174.305
[1195690 1011120 1197690 1021200] on METAL4 is 173.829
[1195720 1010720 1197660 1011520] on VIA34 is 173.936
[1195720 1010720 1197660 1011520] on VIA23 is 174.043
[1195720 1010720 1197660 1011520] on VIA12 is 174.15
[1196690 1010720 1436930 1011520] on METAL1 is 175.078
[1436930 1010720 1677830 1011520] on METAL1 is 175.078
[1435960 1010720 1437900 1011520] on VIA12 is 175.078
[1435960 1010720 1437900 1011520] on VIA23 is 174.943
[1435960 1010720 1437900 1011520] on VIA34 is 174.808
[1435930 1011120 1437930 1021200] on METAL4 is 174.673
[1435930 1021200 1437930 1031280] on METAL4 is 174.388
[1435960 1020800 1437900 1021600] on VIA34 is 174.519
[1435960 1020800 1437900 1021600] on VIA23 is 174.649
[1435960 1020800 1437900 1021600] on VIA12 is 174.779
[1436930 1020800 1677830 1021600] on METAL1 is 174.779
[1196690 1020800 1436930 1021600] on METAL1 is 174.779
[1195720 1020800 1197660 1021600] on VIA12 is 173.61
[1195720 1020800 1197660 1021600] on VIA23 is 173.51
[1195720 1020800 1197660 1021600] on VIA34 is 173.41
[1195690 1021200 1197690 1031280] on METAL4 is 173.31
[1195690 1031280 1197690 1041360] on METAL4 is 172.749
[1195720 1030880 1197660 1031680] on VIA34 is 172.842
[1195720 1030880 1197660 1031680] on VIA23 is 172.935
[1195720 1030880 1197660 1031680] on VIA12 is 173.028
[1196690 1030880 1436930 1031680] on METAL1 is 174.427
[1436930 1030880 1677830 1031680] on METAL1 is 174.427
[1435960 1030880 1437900 1031680] on VIA12 is 174.427
[1435960 1030880 1437900 1031680] on VIA23 is 174.302
[1435960 1030880 1437900 1031680] on VIA34 is 174.176
[1435930 1031280 1437930 1041360] on METAL4 is 174.051
[1435930 1041360 1437930 1051440] on METAL4 is 173.662
[1435960 1040960 1437900 1041760] on VIA34 is 173.783
[1435960 1040960 1437900 1041760] on VIA23 is 173.904
[1435960 1040960 1437900 1041760] on VIA12 is 174.024
[1436930 1040960 1677830 1041760] on METAL1 is 174.024
[1196690 1040960 1436930 1041760] on METAL1 is 174.024
[1195720 1040960 1197660 1041760] on VIA12 is 172.408
[1195720 1040960 1197660 1041760] on VIA23 is 172.323
[1195720 1040960 1197660 1041760] on VIA34 is 172.237
[1195690 1041360 1197690 1051440] on METAL4 is 172.151
[1195690 1051440 1197690 1061520] on METAL4 is 171.518
[1195720 1051040 1197660 1051840] on VIA34 is 171.596
[1195720 1051040 1197660 1051840] on VIA23 is 171.675
[1195720 1051040 1197660 1051840] on VIA12 is 171.753
[1196690 1051040 1436930 1051840] on METAL1 is 173.572
[1436930 1051040 1677830 1051840] on METAL1 is 173.572
[1435960 1051040 1437900 1051840] on VIA12 is 173.572
[1435960 1051040 1437900 1051840] on VIA23 is 173.456
[1435960 1051040 1437900 1051840] on VIA34 is 173.34
[1435930 1051440 1437930 1061520] on METAL4 is 173.224
[1435930 1061520 1437930 1071600] on METAL4 is 172.739
[1435960 1061120 1437900 1061920] on VIA34 is 172.85
[1435960 1061120 1437900 1061920] on VIA23 is 172.962
[1435960 1061120 1437900 1061920] on VIA12 is 173.073
[1436930 1061120 1677830 1061920] on METAL1 is 173.073
[1196690 1061120 1436930 1061920] on METAL1 is 173.073
[1195720 1061120 1197660 1061920] on VIA12 is 171.066
[1195720 1061120 1197660 1061920] on VIA23 is 170.995
[1195720 1061120 1197660 1061920] on VIA34 is 170.924
[1195690 1061520 1197690 1071600] on METAL4 is 170.853
[1195690 1071600 1197690 1081680] on METAL4 is 170.159
[1195720 1071200 1197660 1072000] on VIA34 is 170.223
[1195720 1071200 1197660 1072000] on VIA23 is 170.286
[1195720 1071200 1197660 1072000] on VIA12 is 170.349
[1196690 1071200 1436930 1072000] on METAL1 is 172.528
[1436930 1071200 1677830 1072000] on METAL1 is 172.528
[1435960 1071200 1437900 1072000] on VIA12 is 172.528
[1435960 1071200 1437900 1072000] on VIA23 is 172.422
[1435960 1071200 1437900 1072000] on VIA34 is 172.315
[1435930 1071600 1437930 1081680] on METAL4 is 172.209
[1435930 1081680 1437930 1091760] on METAL4 is 171.636
[1435960 1081280 1437900 1082080] on VIA34 is 171.737
[1435960 1081280 1437900 1082080] on VIA23 is 171.839
[1435960 1081280 1437900 1082080] on VIA12 is 171.94
[1436930 1081280 1677830 1082080] on METAL1 is 171.94
[1196690 1081280 1436930 1082080] on METAL1 is 171.94
[1195720 1081280 1197660 1082080] on VIA12 is 169.607
[1195720 1081280 1197660 1082080] on VIA23 is 169.551
[1195720 1081280 1197660 1082080] on VIA34 is 169.495
[1195690 1081680 1197690 1091760] on METAL4 is 169.44
[1195690 1091760 1197690 1101840] on METAL4 is 168.697
[1195720 1091360 1197660 1092160] on VIA34 is 168.745
[1195720 1091360 1197660 1092160] on VIA23 is 168.793
[1195720 1091360 1197660 1092160] on VIA12 is 168.841
[1196690 1091360 1436930 1092160] on METAL1 is 171.311
[1436930 1091360 1677830 1092160] on METAL1 is 171.311
[1435960 1091360 1437900 1092160] on VIA12 is 171.311
[1435960 1091360 1437900 1092160] on VIA23 is 171.214
[1435960 1091360 1437900 1092160] on VIA34 is 171.118
[1435930 1091760 1437930 1101840] on METAL4 is 171.021
[1435930 1101840 1437930 1111920] on METAL4 is 170.367
[1435960 1101440 1437900 1102240] on VIA34 is 170.459
[1435960 1101440 1437900 1102240] on VIA23 is 170.551
[1435960 1101440 1437900 1102240] on VIA12 is 170.643
[1436930 1101440 1677830 1102240] on METAL1 is 170.643
[1196690 1101440 1436930 1102240] on METAL1 is 170.643
[1195720 1101440 1197660 1102240] on VIA12 is 168.056
[1195720 1101440 1197660 1102240] on VIA23 is 168.016
[1195720 1101440 1197660 1102240] on VIA34 is 167.976
[1195690 1101840 1197690 1111920] on METAL4 is 167.936
[1195690 1111920 1197690 1122000] on METAL4 is 167.158
[1195720 1111520 1197660 1112320] on VIA34 is 167.19
[1195720 1111520 1197660 1112320] on VIA23 is 167.223
[1195720 1111520 1197660 1112320] on VIA12 is 167.255
[1196690 1111520 1436930 1112320] on METAL1 is 169.937
[1436930 1111520 1677830 1112320] on METAL1 is 169.937
[1435960 1111520 1437900 1112320] on VIA12 is 169.937
[1435960 1111520 1437900 1112320] on VIA23 is 169.85
[1435960 1111520 1437900 1112320] on VIA34 is 169.762
[1435930 1111920 1437930 1122000] on METAL4 is 169.675
[1435930 1122000 1437930 1132080] on METAL4 is 168.947
[1435960 1121600 1437900 1122400] on VIA34 is 169.031
[1435960 1121600 1437900 1122400] on VIA23 is 169.114
[1435960 1121600 1437900 1122400] on VIA12 is 169.197
[1436930 1121600 1677830 1122400] on METAL1 is 169.197
[1196690 1121600 1436930 1122400] on METAL1 is 169.197
[1195720 1121600 1197660 1122400] on VIA12 is 166.441
[1195720 1121600 1197660 1122400] on VIA23 is 166.416
[1195720 1121600 1197660 1122400] on VIA34 is 166.391
[1195690 1122000 1197690 1132080] on METAL4 is 166.366
[1195690 1132080 1197690 1142160] on METAL4 is 165.564
[1195720 1131680 1197660 1132480] on VIA34 is 165.582
[1195720 1131680 1197660 1132480] on VIA23 is 165.6
[1195720 1131680 1197660 1132480] on VIA12 is 165.617
[1196690 1131680 1436930 1132480] on METAL1 is 168.422
[1436930 1131680 1677830 1132480] on METAL1 is 168.422
[1435960 1131680 1437900 1132480] on VIA12 is 168.422
[1435960 1131680 1437900 1132480] on VIA23 is 168.344
[1435960 1131680 1437900 1132480] on VIA34 is 168.265
[1435930 1132080 1437930 1142160] on METAL4 is 168.186
[1435930 1142160 1437930 1152240] on METAL4 is 167.393
[1435960 1141760 1437900 1142560] on VIA34 is 167.467
[1435960 1141760 1437900 1142560] on VIA23 is 167.542
[1435960 1141760 1437900 1142560] on VIA12 is 167.616
[1436930 1141760 1677830 1142560] on METAL1 is 167.616
[1196690 1141760 1436930 1142560] on METAL1 is 167.616
[1195720 1141760 1197660 1142560] on VIA12 is 164.787
[1195720 1141760 1197660 1142560] on VIA23 is 164.776
[1195720 1141760 1197660 1142560] on VIA34 is 164.766
[1195690 1142160 1197690 1152240] on METAL4 is 164.756
[1195690 1152240 1197690 1162320] on METAL4 is 163.943
[1195720 1151840 1197660 1152640] on VIA34 is 163.946
[1195720 1151840 1197660 1152640] on VIA23 is 163.95
[1195720 1151840 1197660 1152640] on VIA12 is 163.953
[1196690 1151840 1436930 1152640] on METAL1 is 166.781
[1436930 1151840 1677830 1152640] on METAL1 is 166.781
[1435960 1151840 1437900 1152640] on VIA12 is 166.781
[1435960 1151840 1437900 1152640] on VIA23 is 166.71
[1435960 1151840 1437900 1152640] on VIA34 is 166.64
[1435930 1152240 1437930 1162320] on METAL4 is 166.569
[1435930 1162320 1437930 1172400] on METAL4 is 165.717
[1435960 1161920 1437900 1162720] on VIA34 is 165.784
[1435960 1161920 1437900 1162720] on VIA23 is 165.85
[1435960 1161920 1437900 1162720] on VIA12 is 165.917
[1436930 1161920 1677830 1162720] on METAL1 is 165.917
[1196690 1161920 1436930 1162720] on METAL1 is 165.917
[1195720 1161920 1197660 1162720] on VIA12 is 163.122
[1195720 1161920 1197660 1162720] on VIA23 is 163.125
[1195720 1161920 1197660 1162720] on VIA34 is 163.128
[1677830 1161920 1918070 1162720] on METAL1 is 160.958
[1676860 1161920 1678800 1162720] on VIA12 is 160.958
[1676860 1161920 1678800 1162720] on VIA23 is 160.83
[1676860 1161920 1678800 1162720] on VIA34 is 160.703
[1676830 1152240 1678830 1162320] on METAL4 is 161.56
[1676830 1162320 1678830 1172400] on METAL4 is 160.576
[1676830 1172400 1678830 1182480] on METAL4 is 159.54
[1676860 1172000 1678800 1172800] on VIA34 is 159.666
[1676860 1172000 1678800 1172800] on VIA23 is 159.792
[1676860 1172000 1678800 1172800] on VIA12 is 159.917
[1677830 1172000 1918070 1172800] on METAL1 is 159.917
[1436930 1172000 1677830 1172800] on METAL1 is 165.026
[1435960 1172000 1437900 1172800] on VIA12 is 165.026
[1435960 1172000 1437900 1172800] on VIA23 is 164.963
[1435960 1172000 1437900 1172800] on VIA34 is 164.901
[1918070 1172000 2180290 1172800] on METAL1 is 148.518
[1917100 1172000 1919040 1172800] on VIA12 is 148.518
[1917100 1172000 1919040 1172800] on VIA23 is 148.339
[1917100 1172000 1919040 1172800] on VIA34 is 148.161
[1917070 1162320 1919070 1172400] on METAL4 is 149.209
[1917070 1172400 1919070 1182480] on METAL4 is 147.982
[1917070 1182480 1919070 1192560] on METAL4 is 146.683
[1917100 1182080 1919040 1182880] on VIA34 is 146.863
[1917100 1182080 1919040 1182880] on VIA23 is 147.042
[1917100 1182080 1919040 1182880] on VIA12 is 147.222
[1918070 1182080 2180290 1182880] on METAL1 is 147.222
[1677830 1182080 1918070 1182880] on METAL1 is 158.827
[1676860 1182080 1678800 1182880] on VIA12 is 158.827
[1676860 1182080 1678800 1182880] on VIA23 is 158.702
[1676860 1182080 1678800 1182880] on VIA34 is 158.578
[1676830 1182480 1678830 1192560] on METAL4 is 158.453
[1676830 1192560 1678830 1196580] on METAL4 is 157.315
[1676860 1192160 1678800 1192960] on VIA34 is 157.439
[1676860 1192160 1678800 1192960] on VIA23 is 157.562
[1676860 1192160 1678800 1192960] on VIA12 is 157.686
[1677830 1192160 1918070 1192960] on METAL1 is 157.686
[1918070 1192160 2180290 1192960] on METAL1 is 145.854
[1917100 1192160 1919040 1192960] on VIA12 is 145.854
[1917100 1192160 1919040 1192960] on VIA23 is 145.673
[1917100 1192160 1919040 1192960] on VIA34 is 145.491
[1917070 1192560 1919070 1196580] on METAL4 is 145.31
[1917070 1196580 1919070 1202640] on METAL4 is 144.733
[1917090 1195600 1919050 1197560] on VIA45 is 144.733
[1918070 1195580 2180290 1197580] on METAL5 is 144.191
[1677830 1195580 1918070 1197580] on METAL5 is 155.827
[1676850 1195600 1678810 1197560] on VIA45 is 156.842
[2180290 1195580 2185290 1197580] on METAL5 is 127.891
[2175405 1195600 2185175 1197560] on VIA45 is 127.891
[2175420 1195660 2185160 1197500] on VIA34 is 127.365
[2175420 1195660 2185160 1197500] on VIA23 is 127.001
[2175290 1192560 2185290 1196580] on METAL2 is 127.302
[2175290 1196580 2185290 1202640] on METAL2 is 126.638
[2175290 1202640 2185290 1212720] on METAL2 is 125.449
[2175420 1202240 2185160 1203040] on VIA12 is 125.68
[2180290 1202240 2185290 1203040] on METAL1 is 125.68
[1918070 1202240 2180290 1203040] on METAL1 is 144.495
[1917100 1202240 1919040 1203040] on VIA12 is 144.495
[1917100 1202240 1919040 1203040] on VIA23 is 144.316
[1917100 1202240 1919040 1203040] on VIA34 is 144.136
[2175290 1212720 2185290 1222800] on METAL2 is 123.382
[2175420 1212320 2185160 1213120] on VIA12 is 123.618
[2180290 1212320 2185290 1213120] on METAL1 is 123.618
[2175290 1222800 2185290 1232880] on METAL2 is 121.223
[2175420 1222400 2185160 1223200] on VIA12 is 121.465
[2180290 1222400 2185290 1223200] on METAL1 is 121.465
[2175290 1232880 2185290 1242960] on METAL2 is 118.971
[2175420 1232480 2185160 1233280] on VIA12 is 119.219
[2180290 1232480 2185290 1233280] on METAL1 is 119.219
[2175290 1242960 2185290 1253040] on METAL2 is 116.623
[2175420 1242560 2185160 1243360] on VIA12 is 116.877
[2180290 1242560 2185290 1243360] on METAL1 is 116.877
[2175290 1253040 2185290 1263120] on METAL2 is 114.177
[2175420 1252640 2185160 1253440] on VIA12 is 114.437
[2180290 1252640 2185290 1253440] on METAL1 is 114.437
[2175290 1263120 2185290 1273200] on METAL2 is 111.63
[2175420 1262720 2185160 1263520] on VIA12 is 111.897
[2180290 1262720 2185290 1263520] on METAL1 is 111.897
[2175290 1273200 2185290 1283280] on METAL2 is 108.981
[2175420 1272800 2185160 1273600] on VIA12 is 109.254
[2180290 1272800 2185290 1273600] on METAL1 is 109.254
[2175290 1283280 2185290 1293360] on METAL2 is 106.226
[2175420 1282880 2185160 1283680] on VIA12 is 106.506
[2180290 1282880 2185290 1283680] on METAL1 is 106.506
[2175290 1293360 2185290 1303440] on METAL2 is 103.362
[2175420 1292960 2185160 1293760] on VIA12 is 103.65
[2180290 1292960 2185290 1293760] on METAL1 is 103.65
[2175290 1303440 2185290 1313520] on METAL2 is 100.387
[2175420 1303040 2185160 1303840] on VIA12 is 100.683
[2180290 1303040 2185290 1303840] on METAL1 is 100.683
[2175290 1313520 2185290 1323600] on METAL2 is 97.298
[2175420 1313120 2185160 1313920] on VIA12 is 97.602
[2180290 1313120 2185290 1313920] on METAL1 is 97.602
[2175290 1323600 2185290 1333680] on METAL2 is 94.091
[2175420 1323200 2185160 1324000] on VIA12 is 94.404
[2180290 1323200 2185290 1324000] on METAL1 is 94.404
[2175290 1333680 2185290 1343760] on METAL2 is 90.763
[2175420 1333280 2185160 1334080] on VIA12 is 91.085
[2180290 1333280 2185290 1334080] on METAL1 is 91.085
[2175290 1343760 2185290 1353840] on METAL2 is 87.312
[2175420 1343360 2185160 1344160] on VIA12 is 87.643
[2180290 1343360 2185290 1344160] on METAL1 is 87.643
[2175290 1353840 2185290 1363920] on METAL2 is 83.731
[2175420 1353440 2185160 1354240] on VIA12 is 84.073
[2180290 1353440 2185290 1354240] on METAL1 is 84.073
[2175290 1363920 2185290 1374000] on METAL2 is 80.019
[2175420 1363520 2185160 1364320] on VIA12 is 80.372
[2180290 1363520 2185290 1364320] on METAL1 is 80.372
[2175290 1374000 2185290 1384080] on METAL2 is 76.171
[2175420 1373600 2185160 1374400] on VIA12 is 76.535
[2180290 1373600 2185290 1374400] on METAL1 is 76.535
[2175290 1384080 2185290 1394160] on METAL2 is 72.181
[2175420 1383680 2185160 1384480] on VIA12 is 72.558
[2180290 1383680 2185290 1384480] on METAL1 is 72.558
[2175290 1394160 2185290 1404240] on METAL2 is 68.046
[2175420 1393760 2185160 1394560] on VIA12 is 68.436
[2180290 1393760 2185290 1394560] on METAL1 is 68.436
[2175290 1404240 2185290 1414320] on METAL2 is 63.76
[2175420 1403840 2185160 1404640] on VIA12 is 64.164
[2180290 1403840 2185290 1404640] on METAL1 is 64.164
[2175290 1414320 2185290 1424400] on METAL2 is 59.318
[2175420 1413920 2185160 1414720] on VIA12 is 59.737
[2180290 1413920 2185290 1414720] on METAL1 is 59.737
[2175290 1424400 2185290 1434480] on METAL2 is 54.714
[2175420 1424000 2185160 1424800] on VIA12 is 55.149
[2180290 1424000 2185290 1424800] on METAL1 is 55.149
[2175290 1434480 2185290 1436930] on METAL2 is 49.941
[2175420 1434080 2185160 1434880] on VIA12 is 50.394
[2180290 1434080 2185290 1434880] on METAL1 is 50.394
[2175290 1436930 2185290 1444560] on METAL2 is 48.738
[2175420 1436010 2185160 1437850] on VIA23 is 49.707
[2175420 1436010 2185160 1437850] on VIA34 is 50.675
[2175405 1435950 2185175 1437910] on VIA45 is 52.077
[2180290 1435930 2185290 1437930] on METAL5 is 52.077
[2175290 1444560 2185290 1454640] on METAL2 is 44.401
[2175420 1444160 2185160 1444960] on VIA12 is 44.881
[2180290 1444160 2185290 1444960] on METAL1 is 44.881
[2175290 1454640 2185290 1464720] on METAL2 is 38.486
[2175420 1454240 2185160 1455040] on VIA12 is 38.997
[2180290 1454240 2185290 1455040] on METAL1 is 38.997
[2175290 1464720 2185290 1474800] on METAL2 is 32.374
[2175420 1464320 2185160 1465120] on VIA12 is 32.917
[2180290 1464320 2185290 1465120] on METAL1 is 32.917
[2175290 1474800 2185290 1484880] on METAL2 is 26.052
[2175420 1474400 2185160 1475200] on VIA12 is 26.63
[2180290 1474400 2185290 1475200] on METAL1 is 26.63
[2175290 1484880 2185290 1494960] on METAL2 is 19.505
[2175290 1494960 2185290 1505040] on METAL2 is 12.959
[2175290 1505040 2185290 1514130] on METAL2 is 6.413
[2180290 1483050 2180520 1545210] on METAL2 is 509.667e-3
[2175420 1483050 2180290 1545210] on METAL2 is 509.667e-3
[2175290 1514130 2185290 1515120] on METAL2 is 905.676e-3
[2180520 1483050 2180540 1545210] on METAL2 is 509.435e-3
[2175390 1483050 2185650 1545210] on VIA23 is 509.435e-3
[2180520 1482830 2186405 1545430] on METAL3 is 342.542e-3
[2180290 1482830 2180520 1545430] on METAL3 is 342.542e-3
[2175560 1482830 2180290 1545430] on METAL3 is 342.54e-3
[2175290 1482830 2175560 1545430] on METAL3 is 342.502e-3
[2175370 1483050 2175750 1545210] on VIA34 is 342.502e-3
[2175560 1482830 2175800 1545430] on METAL4 is 10.981e-3
[2175320 1482830 2175560 1545430] on METAL4 is 10.981e-3
[2175290 1482975 2175830 1545285] on VIA45 is 10.981e-3
[2175560 1482830 2180290 1545430] on METAL5 is 938.444e-6
[2175290 1482830 2175560 1545430] on METAL5 is 938.444e-6
[2180290 1482830 2185125 1545430] on METAL5 is 562.851e-6
[2185125 1482830 2186405 1545430] on METAL5 is 178.92e-6
[2184855 1482975 2185395 1545285] on VIA45 is 7.814e-3
[2185125 1482830 2186405 1545430] on METAL4 is 7.814e-3
[2184870 1482830 2185125 1545430] on METAL4 is 9.406e-3
[2180290 1509130 2184870 1519130] on METAL4 is 9.444e-3
[2175800 1509130 2180290 1519130] on METAL4 is 9.483e-3
[2186405 1482830 2186830 1545430] on METAL4 is 0
[2186405 1482830 2186830 1545430] on METAL5 is 0
[2186405 1482830 2186830 1545430] on METAL3 is 0
[2180540 1483050 2185795 1545210] on METAL2 is 509.381e-3
[2175410 1483050 2185670 1545210] on VIA12 is 509.381e-3
[2180540 1482830 2186405 1545430] on METAL1 is 464.771e-3
[2180290 1482830 2180540 1545430] on METAL1 is 464.895e-3
[2180540 1544960 2186405 1545760] on METAL1 is 465.018e-3
[2180290 1544960 2180540 1545760] on METAL1 is 1.266
[2175420 1545480 2185160 1545760] on VIA12 is 13.106
[2175290 1545360 2185290 1545620] on METAL2 is 13.106
[2175290 1545620 2185290 1555440] on METAL2 is 19.265
[2175290 1555440 2185290 1565520] on METAL2 is 25.343
[2175420 1555040 2185160 1555840] on VIA12 is 19.898
[2180290 1555040 2185290 1555840] on METAL1 is 19.898
[2175290 1565520 2185290 1575600] on METAL2 is 31.187
[2175420 1565120 2185160 1565920] on VIA12 is 25.944
[2180290 1565120 2185290 1565920] on METAL1 is 25.944
[2175290 1575600 2185290 1585680] on METAL2 is 36.81
[2175420 1575200 2185160 1576000] on VIA12 is 31.76
[2180290 1575200 2185290 1576000] on METAL1 is 31.76
[2175290 1585680 2185290 1595760] on METAL2 is 42.221
[2175420 1585280 2185160 1586080] on VIA12 is 37.357
[2180290 1585280 2185290 1586080] on METAL1 is 37.357
[2175290 1595760 2185290 1605840] on METAL2 is 47.429
[2175420 1595360 2185160 1596160] on VIA12 is 42.745
[2180290 1595360 2185290 1596160] on METAL1 is 42.745
[2175290 1605840 2185290 1615920] on METAL2 is 52.443
[2175420 1605440 2185160 1606240] on VIA12 is 47.932
[2180290 1605440 2185290 1606240] on METAL1 is 47.932
[2175290 1615920 2185290 1626000] on METAL2 is 57.303
[2175420 1615520 2185160 1616320] on VIA23 is 52.759
[2180290 1615520 2185290 1616320] on METAL3 is 52.759
[2163840 1615520 2180290 1616320] on METAL3 is 55.257
[2163650 1615520 2163840 1616320] on METAL3 is 55.257
[2163650 1615520 2164030 1616320] on VIA23 is 61.271
[2163840 1615520 2164030 1616320] on METAL2 is 61.271
[2163650 1615520 2163840 1616320] on METAL2 is 61.271
[2163650 1615520 2164030 1616320] on VIA12 is 67.286
[2163840 1615520 2164030 1616320] on METAL1 is 67.286
[2175290 1626000 2185290 1636080] on METAL2 is 62.014
[2175420 1625600 2185160 1626400] on VIA23 is 57.604
[2180290 1625600 2185290 1626400] on METAL3 is 57.604
[2163840 1625600 2180290 1626400] on METAL3 is 59.985
[2163650 1625600 2163840 1626400] on METAL3 is 59.985
[2163650 1625600 2164030 1626400] on VIA23 is 65.717
[2163840 1625600 2164030 1626400] on METAL2 is 65.717
[2163650 1625600 2163840 1626400] on METAL2 is 65.717
[2163650 1625600 2164030 1626400] on VIA12 is 71.45
[2163840 1625600 2164030 1626400] on METAL1 is 71.45
[2175290 1636080 2185290 1646160] on METAL2 is 66.584
[2175420 1635680 2185160 1636480] on VIA23 is 62.301
[2180290 1635680 2185290 1636480] on METAL3 is 62.301
[2163840 1635680 2180290 1636480] on METAL3 is 64.568
[2163650 1635680 2163840 1636480] on METAL3 is 64.568
[2163650 1635680 2164030 1636480] on VIA23 is 70.025
[2163840 1635680 2164030 1636480] on METAL2 is 70.025
[2163650 1635680 2163840 1636480] on METAL2 is 70.025
[2163650 1635680 2164030 1636480] on VIA12 is 75.482
[2163840 1635680 2164030 1636480] on METAL1 is 75.482
[2175290 1646160 2185290 1656240] on METAL2 is 71.016
[2175420 1645760 2185160 1646560] on VIA23 is 66.856
[2180290 1645760 2185290 1646560] on METAL3 is 66.856
[2163840 1645760 2180290 1646560] on METAL3 is 69.011
[2163650 1645760 2163840 1646560] on METAL3 is 69.011
[2163650 1645760 2164030 1646560] on VIA23 is 74.198
[2163840 1645760 2164030 1646560] on METAL2 is 74.198
[2163650 1645760 2163840 1646560] on METAL2 is 74.198
[2163650 1645760 2164030 1646560] on VIA12 is 79.384
[2163840 1645760 2164030 1646560] on METAL1 is 79.384
[2175290 1656240 2185290 1666320] on METAL2 is 75.316
[2175420 1655840 2185160 1656640] on VIA23 is 71.275
[2180290 1655840 2185290 1656640] on METAL3 is 71.275
[2163840 1655840 2180290 1656640] on METAL3 is 73.318
[2163650 1655840 2163840 1656640] on METAL3 is 73.318
[2163650 1655840 2164030 1656640] on VIA23 is 78.238
[2163840 1655840 2164030 1656640] on METAL2 is 78.238
[2163650 1655840 2163840 1656640] on METAL2 is 78.238
[2163650 1655840 2164030 1656640] on VIA12 is 83.158
[2163840 1655840 2164030 1656640] on METAL1 is 83.158
[2175290 1666320 2185290 1676400] on METAL2 is 79.491
[2175420 1665920 2185160 1666720] on VIA23 is 75.561
[2180290 1665920 2185290 1666720] on METAL3 is 75.561
[2163840 1665920 2180290 1666720] on METAL3 is 77.495
[2163650 1665920 2163840 1666720] on METAL3 is 77.495
[2163650 1665920 2164030 1666720] on VIA23 is 82.15
[2163840 1665920 2164030 1666720] on METAL2 is 82.15
[2163650 1665920 2163840 1666720] on METAL2 is 82.15
[2163650 1665920 2164030 1666720] on VIA12 is 86.805
[2163840 1665920 2164030 1666720] on METAL1 is 86.805
[2175290 1676400 2185290 1677280] on METAL2 is 79.491
[2175420 1676000 2185160 1676800] on VIA12 is 79.865
[2180290 1676000 2185290 1676800] on METAL1 is 79.865
[2175290 1677280 2185290 1686480] on METAL2 is 82.61
[2175420 1676360 2185160 1678200] on VIA23 is 80.242
[2175420 1676360 2185160 1678200] on VIA34 is 80.993
[2175405 1676300 2185175 1678260] on VIA45 is 82.08
[2180290 1676280 2185290 1678280] on METAL5 is 82.08
[2175290 1686480 2185290 1696560] on METAL2 is 85.886
[2175420 1686080 2185160 1686880] on VIA12 is 82.975
[2180290 1686080 2185290 1686880] on METAL1 is 82.975
[2175290 1696560 2185290 1706640] on METAL2 is 89.024
[2175420 1696160 2185160 1696960] on VIA12 is 86.241
[2180290 1696160 2185290 1696960] on METAL1 is 86.241
[2175290 1706640 2185290 1716720] on METAL2 is 92.029
[2175420 1706240 2185160 1707040] on VIA12 is 89.37
[2180290 1706240 2185290 1707040] on METAL1 is 89.37
[2175290 1716720 2185290 1726800] on METAL2 is 94.904
[2175420 1716320 2185160 1717120] on VIA12 is 92.366
[2180290 1716320 2185290 1717120] on METAL1 is 92.366
[2175290 1726800 2185290 1736880] on METAL2 is 97.651
[2175420 1726400 2185160 1727200] on VIA12 is 95.232
[2180290 1726400 2185290 1727200] on METAL1 is 95.232
[2175290 1736880 2185290 1746960] on METAL2 is 100.275
[2175420 1736480 2185160 1737280] on VIA12 is 97.972
[2180290 1736480 2185290 1737280] on METAL1 is 97.972
[2175290 1746960 2185290 1757040] on METAL2 is 102.777
[2175420 1746560 2185160 1747360] on VIA12 is 100.588
[2180290 1746560 2185290 1747360] on METAL1 is 100.588
[2175290 1757040 2185290 1767120] on METAL2 is 105.161
[2175420 1756640 2185160 1757440] on VIA12 is 103.083
[2180290 1756640 2185290 1757440] on METAL1 is 103.083
[2175290 1767120 2185290 1777200] on METAL2 is 107.429
[2175420 1766720 2185160 1767520] on VIA12 is 105.46
[2180290 1766720 2185290 1767520] on METAL1 is 105.46
[2175290 1777200 2185290 1787280] on METAL2 is 109.584
[2175420 1776800 2185160 1777600] on VIA12 is 107.721
[2180290 1776800 2185290 1777600] on METAL1 is 107.721
[2175290 1787280 2185290 1797360] on METAL2 is 111.628
[2175420 1786880 2185160 1787680] on VIA12 is 109.87
[2180290 1786880 2185290 1787680] on METAL1 is 109.87
[2175290 1797360 2185290 1807440] on METAL2 is 113.565
[2175420 1796960 2185160 1797760] on VIA12 is 111.908
[2180290 1796960 2185290 1797760] on METAL1 is 111.908
[2175290 1807440 2185290 1817520] on METAL2 is 115.396
[2175420 1807040 2185160 1807840] on VIA12 is 113.838
[2180290 1807040 2185290 1807840] on METAL1 is 113.838
[2175290 1817520 2185290 1827600] on METAL2 is 117.124
[2175420 1817120 2185160 1817920] on VIA12 is 115.663
[2180290 1817120 2185290 1817920] on METAL1 is 115.663
[2175290 1827600 2185290 1837680] on METAL2 is 118.751
[2175420 1827200 2185160 1828000] on VIA12 is 117.384
[2180290 1827200 2185290 1828000] on METAL1 is 117.384
[2175290 1837680 2185290 1847760] on METAL2 is 120.279
[2175420 1837280 2185160 1838080] on VIA12 is 119.005
[2180290 1837280 2185290 1838080] on METAL1 is 119.005
[2175290 1847760 2185290 1857840] on METAL2 is 121.712
[2175420 1847360 2185160 1848160] on VIA12 is 120.528
[2180290 1847360 2185290 1848160] on METAL1 is 120.528
[2175290 1857840 2185290 1867920] on METAL2 is 123.051
[2175420 1857440 2185160 1858240] on VIA12 is 121.954
[2180290 1857440 2185290 1858240] on METAL1 is 121.954
[2175290 1867920 2185290 1878000] on METAL2 is 124.298
[2175420 1867520 2185160 1868320] on VIA12 is 123.287
[2180290 1867520 2185290 1868320] on METAL1 is 123.287
[2175290 1878000 2185290 1888080] on METAL2 is 125.456
[2175420 1877600 2185160 1878400] on VIA12 is 124.528
[2180290 1877600 2185290 1878400] on METAL1 is 124.528
[2175290 1888080 2185290 1898160] on METAL2 is 126.528
[2175420 1887680 2185160 1888480] on VIA12 is 125.68
[2180290 1887680 2185290 1888480] on METAL1 is 125.68
[2175290 1898160 2185290 1908240] on METAL2 is 127.517
[2175420 1897760 2185160 1898560] on VIA12 is 126.745
[2180290 1897760 2185290 1898560] on METAL1 is 126.745
[2175290 1908240 2185290 1917630] on METAL2 is 128.361
[2175420 1907840 2185160 1908640] on VIA12 is 127.727
[2180290 1907840 2185290 1908640] on METAL1 is 127.727
[2175290 1917630 2185290 1918320] on METAL2 is 128.361
[2175420 1916710 2185160 1918550] on VIA23 is 128.664
[2175420 1916710 2185160 1918550] on VIA34 is 128.967
[2175405 1916650 2185175 1918610] on VIA45 is 129.405
[2180290 1916630 2185290 1918630] on METAL5 is 129.405
[2175290 1918320 2185290 1928400] on METAL2 is 128.923
[2175420 1917920 2185160 1918720] on VIA12 is 128.565
[2180290 1917920 2185290 1918720] on METAL1 is 128.565
[2175290 1928400 2185290 1938480] on METAL2 is 129.409
[2175420 1928000 2185160 1928800] on VIA12 is 129.122
[2180290 1928000 2185290 1928800] on METAL1 is 129.122
[2175290 1938480 2185290 1948560] on METAL2 is 129.819
[2175420 1938080 2185160 1938880] on VIA12 is 129.602
[2180290 1938080 2185290 1938880] on METAL1 is 129.602
[2175290 1948560 2185290 1958640] on METAL2 is 130.157
[2175420 1948160 2185160 1948960] on VIA12 is 130.007
[2180290 1948160 2185290 1948960] on METAL1 is 130.007
[2175290 1958640 2185290 1968720] on METAL2 is 130.425
[2175420 1958240 2185160 1959040] on VIA12 is 130.339
[2180290 1958240 2185290 1959040] on METAL1 is 130.339
[2175290 1968720 2185290 1978800] on METAL2 is 130.626
[2175420 1968320 2185160 1969120] on VIA12 is 130.6
[2180290 1968320 2185290 1969120] on METAL1 is 130.6
[2175290 1978800 2185290 1988880] on METAL2 is 130.761
[2175420 1978400 2185160 1979200] on VIA12 is 130.794
[2180290 1978400 2185290 1979200] on METAL1 is 130.794
[2175290 1988880 2185290 1998960] on METAL2 is 130.833
[2175420 1988480 2185160 1989280] on VIA12 is 130.922
[2180290 1988480 2185290 1989280] on METAL1 is 130.922
[2175290 1998960 2185290 2009040] on METAL2 is 130.846
[2175420 1998560 2185160 1999360] on VIA12 is 130.988
[2180290 1998560 2185290 1999360] on METAL1 is 130.988
[2175290 2009040 2185290 2019120] on METAL2 is 130.846
[2175420 2008640 2185160 2009440] on VIA12 is 130.993
[2180290 2008640 2185290 2009440] on METAL1 is 130.993
[2175290 2019120 2185290 2029200] on METAL2 is 130.801
[2175420 2018720 2185160 2019520] on VIA12 is 130.941
[2180290 2018720 2185290 2019520] on METAL1 is 130.941
[2175290 2029200 2185290 2039280] on METAL2 is 130.702
[2175420 2028800 2185160 2029600] on VIA12 is 130.834
[2180290 2028800 2185290 2029600] on METAL1 is 130.834
[2175290 2039280 2185290 2049360] on METAL2 is 130.553
[2175420 2038880 2185160 2039680] on VIA12 is 130.676
[2180290 2038880 2185290 2039680] on METAL1 is 130.676
[2175290 2049360 2185290 2059440] on METAL2 is 130.356
[2175420 2048960 2185160 2049760] on VIA12 is 130.471
[2180290 2048960 2185290 2049760] on METAL1 is 130.471
[2175290 2059440 2185290 2069520] on METAL2 is 130.114
[2175420 2059040 2185160 2059840] on VIA12 is 130.22
[2180290 2059040 2185290 2059840] on METAL1 is 130.22
[2175290 2069520 2185290 2079600] on METAL2 is 129.831
[2175420 2069120 2185160 2069920] on VIA12 is 129.928
[2180290 2069120 2185290 2069920] on METAL1 is 129.928
[2175290 2079600 2185290 2089680] on METAL2 is 129.511
[2175420 2079200 2185160 2080000] on VIA12 is 129.598
[2180290 2079200 2185290 2080000] on METAL1 is 129.598
[2175420 2089280 2185160 2090080] on VIA12 is 129.234
[2180290 2089280 2185290 2090080] on METAL1 is 129.234
[2175290 1535280 2185290 1545360] on METAL2 is 13.002
[2175290 1525200 2185290 1535280] on METAL2 is 8.97
[2175290 1515120 2185290 1525200] on METAL2 is 4.938
[2186405 1544960 2186830 1545760] on METAL1 is 3.14e-6
[2186005 1514130 2186805 1545360] on METAL1 is 3.14e-6
[2186005 1514130 2186805 1545360] on METAL1 is 3.14e-6
[2186405 1482830 2186830 1545430] on METAL1 is 0
[2186005 1514130 2186805 1535280] on METAL1 is 3.139e-6
[2186005 1514130 2186805 1515120] on METAL1 is 3.139e-6
[2186005 1514130 2186805 1525200] on METAL1 is 3.139e-6
[2186005 1494960 2186805 1514130] on METAL1 is 3.139e-6
[2186005 1505040 2186805 1514130] on METAL1 is 3.139e-6
[2186005 1484880 2186805 1514130] on METAL1 is 3.139e-6
[2186005 1514130 2186805 1535280] on METAL1 is 3.139e-6
[2186005 1514130 2186805 1515120] on METAL1 is 3.139e-6
[2186005 1514130 2186805 1525200] on METAL1 is 3.139e-6
[2186005 1494960 2186805 1514130] on METAL1 is 3.139e-6
[2186005 1505040 2186805 1514130] on METAL1 is 3.139e-6
[2186005 1484880 2186805 1514130] on METAL1 is 3.139e-6
[2186405 1484480 2186830 1485280] on METAL1 is 3.139e-6
[2180540 1484480 2186405 1485280] on METAL1 is 464.793e-3
[2180290 1484480 2180540 1485280] on METAL1 is 555.602e-3
[2186405 1504640 2186830 1505440] on METAL1 is 3.139e-6
[2180540 1504640 2186405 1505440] on METAL1 is 464.793e-3
[2180290 1504640 2180540 1505440] on METAL1 is 554.458e-3
[2186405 1494560 2186830 1495360] on METAL1 is 3.139e-6
[2180540 1494560 2186405 1495360] on METAL1 is 464.793e-3
[2180290 1494560 2180540 1495360] on METAL1 is 554.857e-3
[2186405 1524800 2186830 1525600] on METAL1 is 3.139e-6
[2180540 1524800 2186405 1525600] on METAL1 is 464.793e-3
[2180290 1524800 2180540 1525600] on METAL1 is 554.656e-3
[2186405 1514720 2186830 1515520] on METAL1 is 3.139e-6
[2180540 1514720 2186405 1515520] on METAL1 is 464.793e-3
[2180290 1514720 2180540 1515520] on METAL1 is 554.393e-3
[2186405 1534880 2186830 1535680] on METAL1 is 3.139e-6
[2180540 1534880 2186405 1535680] on METAL1 is 464.793e-3
[2180290 1534880 2180540 1535680] on METAL1 is 555.251e-3
[2175290 1482830 2180290 1545430] on METAL1 is 464.895e-3
[2185795 1483050 2186405 1545210] on METAL2 is 52.979e-3
[2186405 1483050 2186830 1545210] on METAL2 is 0
[2175370 1483050 2175420 1545210] on METAL2 is 509.667e-3
[2175290 1182480 2185290 1192560] on METAL2 is 128.879
[2175420 1192160 2185160 1192960] on VIA12 is 127.529
[2180290 1192160 2185290 1192960] on METAL1 is 127.529
[2175290 1172400 2185290 1182480] on METAL2 is 130.37
[2175420 1182080 2185160 1182880] on VIA12 is 129.105
[2180290 1182080 2185290 1182880] on METAL1 is 129.105
[2175290 1162320 2185290 1172400] on METAL2 is 131.774
[2175420 1172000 2185160 1172800] on VIA12 is 130.593
[2180290 1172000 2185290 1172800] on METAL1 is 130.593
[2175290 1152240 2185290 1162320] on METAL2 is 133.092
[2175420 1161920 2185160 1162720] on VIA12 is 131.996
[2180290 1161920 2185290 1162720] on METAL1 is 131.996
[1918070 1161920 2180290 1162720] on METAL1 is 149.742
[1917100 1161920 1919040 1162720] on VIA12 is 149.742
[1917100 1161920 1919040 1162720] on VIA23 is 149.565
[1917100 1161920 1919040 1162720] on VIA34 is 149.387
[1917070 1152240 1919070 1162320] on METAL4 is 150.363
[1917070 1142160 1919070 1152240] on METAL4 is 151.446
[1917100 1151840 1919040 1152640] on VIA34 is 150.541
[1917100 1151840 1919040 1152640] on VIA23 is 150.718
[1917100 1151840 1919040 1152640] on VIA12 is 150.895
[1918070 1151840 2180290 1152640] on METAL1 is 150.895
[1677830 1151840 1918070 1152640] on METAL1 is 161.946
[1676860 1151840 1678800 1152640] on VIA12 is 161.946
[1676860 1151840 1678800 1152640] on VIA23 is 161.818
[1676860 1151840 1678800 1152640] on VIA34 is 161.689
[1676830 1142160 1678830 1152240] on METAL4 is 162.492
[1676830 1132080 1678830 1142160] on METAL4 is 163.37
[1676860 1141760 1678800 1142560] on VIA34 is 162.622
[1676860 1141760 1678800 1142560] on VIA23 is 162.753
[1676860 1141760 1678800 1142560] on VIA12 is 162.883
[1677830 1141760 1918070 1142560] on METAL1 is 162.883
[1918070 1141760 2180290 1142560] on METAL1 is 151.976
[1917100 1141760 1919040 1142560] on VIA12 is 151.976
[1917100 1141760 1919040 1142560] on VIA23 is 151.8
[1917100 1141760 1919040 1142560] on VIA34 is 151.623
[1917070 1132080 1919070 1142160] on METAL4 is 152.456
[1917070 1122000 1919070 1132080] on METAL4 is 153.394
[1917100 1131680 1919040 1132480] on VIA34 is 152.633
[1917100 1131680 1919040 1132480] on VIA23 is 152.81
[1917100 1131680 1919040 1132480] on VIA12 is 152.986
[1918070 1131680 2180290 1132480] on METAL1 is 152.986
[1677830 1131680 1918070 1132480] on METAL1 is 163.768
[1676860 1131680 1678800 1132480] on VIA12 is 163.768
[1676860 1131680 1678800 1132480] on VIA23 is 163.635
[1676860 1131680 1678800 1132480] on VIA34 is 163.503
[1676830 1122000 1678830 1132080] on METAL4 is 164.194
[1676830 1111920 1678830 1122000] on METAL4 is 164.964
[1676860 1121600 1678800 1122400] on VIA34 is 164.329
[1676860 1121600 1678800 1122400] on VIA23 is 164.464
[1676860 1121600 1678800 1122400] on VIA12 is 164.599
[1677830 1121600 1918070 1122400] on METAL1 is 164.599
[1918070 1121600 2180290 1122400] on METAL1 is 153.925
[1917100 1121600 1919040 1122400] on VIA12 is 153.925
[1917100 1121600 1919040 1122400] on VIA23 is 153.748
[1917100 1121600 1919040 1122400] on VIA34 is 153.571
[1917070 1111920 1919070 1122000] on METAL4 is 154.26
[1917070 1101840 1919070 1111920] on METAL4 is 155.054
[1917100 1111520 1919040 1112320] on VIA34 is 154.438
[1917100 1111520 1919040 1112320] on VIA23 is 154.615
[1917100 1111520 1919040 1112320] on VIA12 is 154.793
[1918070 1111520 2180290 1112320] on METAL1 is 154.793
[1677830 1111520 1918070 1112320] on METAL1 is 165.375
[1676860 1111520 1678800 1112320] on VIA12 is 165.375
[1676860 1111520 1678800 1112320] on VIA23 is 165.238
[1676860 1111520 1678800 1112320] on VIA34 is 165.101
[1676830 1101840 1678830 1111920] on METAL4 is 165.678
[1676830 1091760 1678830 1101840] on METAL4 is 166.335
[1676860 1101440 1678800 1102240] on VIA34 is 165.817
[1676860 1101440 1678800 1102240] on VIA23 is 165.957
[1676860 1101440 1678800 1102240] on VIA12 is 166.096
[1677830 1101440 1918070 1102240] on METAL1 is 166.096
[1918070 1101440 2180290 1102240] on METAL1 is 155.588
[1917100 1101440 1919040 1102240] on VIA12 is 155.588
[1917100 1101440 1919040 1102240] on VIA23 is 155.41
[1917100 1101440 1919040 1102240] on VIA34 is 155.232
[1917070 1091760 1919070 1101840] on METAL4 is 155.776
[1917070 1081680 1919070 1091760] on METAL4 is 156.424
[1917100 1091360 1919040 1092160] on VIA34 is 155.955
[1917100 1091360 1919040 1092160] on VIA23 is 156.133
[1917100 1091360 1919040 1092160] on VIA12 is 156.312
[1918070 1091360 2180290 1092160] on METAL1 is 156.312
[1677830 1091360 1918070 1092160] on METAL1 is 166.761
[1676860 1091360 1678800 1092160] on VIA12 is 166.761
[1676860 1091360 1678800 1092160] on VIA23 is 166.619
[1676860 1091360 1678800 1092160] on VIA34 is 166.477
[1676830 1081680 1678830 1091760] on METAL4 is 166.934
[1676830 1071600 1678830 1081680] on METAL4 is 167.474
[1676860 1081280 1678800 1082080] on VIA34 is 167.079
[1676860 1081280 1678800 1082080] on VIA23 is 167.223
[1676860 1081280 1678800 1082080] on VIA12 is 167.368
[1677830 1081280 1918070 1082080] on METAL1 is 167.368
[1918070 1081280 2180290 1082080] on METAL1 is 156.964
[1917100 1081280 1919040 1082080] on VIA12 is 156.964
[1917100 1081280 1919040 1082080] on VIA23 is 156.784
[1917100 1081280 1919040 1082080] on VIA34 is 156.604
[1917070 1071600 1919070 1081680] on METAL4 is 156.999
[1917070 1061520 1919070 1071600] on METAL4 is 157.501
[1917100 1071200 1919040 1072000] on VIA34 is 157.181
[1917100 1071200 1919040 1072000] on VIA23 is 157.362
[1917100 1071200 1919040 1072000] on VIA12 is 157.543
[1918070 1071200 2180290 1072000] on METAL1 is 157.543
[1677830 1071200 1918070 1072000] on METAL1 is 167.917
[1676860 1071200 1678800 1072000] on VIA12 is 167.917
[1676860 1071200 1678800 1072000] on VIA23 is 167.769
[1676860 1071200 1678800 1072000] on VIA34 is 167.622
[1676830 1061520 1678830 1071600] on METAL4 is 167.954
[1676830 1051440 1678830 1061520] on METAL4 is 168.373
[1676860 1061120 1678800 1061920] on VIA34 is 168.105
[1676860 1061120 1678800 1061920] on VIA23 is 168.255
[1676860 1061120 1678800 1061920] on VIA12 is 168.406
[1677830 1061120 1918070 1061920] on METAL1 is 168.406
[1918070 1061120 2180290 1061920] on METAL1 is 158.049
[1917100 1061120 1919040 1061920] on VIA12 is 158.049
[1917100 1061120 1919040 1061920] on VIA23 is 157.866
[1917100 1061120 1919040 1061920] on VIA34 is 157.683
[1917070 1051440 1919070 1061520] on METAL4 is 157.928
[1917070 1041360 1919070 1051440] on METAL4 is 158.28
[1917100 1051040 1919040 1051840] on VIA34 is 158.112
[1917100 1051040 1919040 1051840] on VIA23 is 158.296
[1917100 1051040 1919040 1051840] on VIA12 is 158.481
[1918070 1051040 2180290 1051840] on METAL1 is 158.481
[1677830 1051040 1918070 1051840] on METAL1 is 168.834
[1676860 1051040 1678800 1051840] on VIA12 is 168.834
[1676860 1051040 1678800 1051840] on VIA23 is 168.68
[1676860 1051040 1678800 1051840] on VIA34 is 168.527
[1676830 1041360 1678830 1051440] on METAL4 is 168.73
[1676830 1031280 1678830 1041360] on METAL4 is 169.022
[1676860 1040960 1678800 1041760] on VIA34 is 168.886
[1676860 1040960 1678800 1041760] on VIA23 is 169.043
[1676860 1040960 1678800 1041760] on VIA12 is 169.2
[1677830 1040960 1918070 1041760] on METAL1 is 169.2
[1918070 1040960 2180290 1041760] on METAL1 is 158.838
[1917100 1040960 1919040 1041760] on VIA12 is 158.838
[1917100 1040960 1919040 1041760] on VIA23 is 158.652
[1917100 1040960 1919040 1041760] on VIA34 is 158.466
[1917070 1031280 1919070 1041360] on METAL4 is 158.557
[1917070 1021200 1919070 1031280] on METAL4 is 158.756
[1917100 1030880 1919040 1031680] on VIA34 is 158.745
[1917100 1030880 1919040 1031680] on VIA23 is 158.933
[1917100 1030880 1919040 1031680] on VIA12 is 159.121
[1918070 1030880 2180290 1031680] on METAL1 is 159.121
[1677830 1030880 1918070 1031680] on METAL1 is 169.502
[1676860 1030880 1678800 1031680] on VIA12 is 169.502
[1676860 1030880 1678800 1031680] on VIA23 is 169.342
[1676860 1030880 1678800 1031680] on VIA34 is 169.182
[1676830 1021200 1678830 1031280] on METAL4 is 169.249
[1676830 1011120 1678830 1021200] on METAL4 is 169.41
[1676860 1020800 1678800 1021600] on VIA34 is 169.413
[1676860 1020800 1678800 1021600] on VIA23 is 169.576
[1676860 1020800 1678800 1021600] on VIA12 is 169.74
[1677830 1020800 1918070 1021600] on METAL1 is 169.74
[1918070 1020800 2180290 1021600] on METAL1 is 159.327
[1917100 1020800 1919040 1021600] on VIA12 is 159.327
[1917100 1020800 1919040 1021600] on VIA23 is 159.137
[1917100 1020800 1919040 1021600] on VIA34 is 158.947
[1917070 1011120 1919070 1021200] on METAL4 is 158.879
[1917070 1001040 1919070 1011120] on METAL4 is 158.923
[1917100 1010720 1919040 1011520] on VIA34 is 159.072
[1917100 1010720 1919040 1011520] on VIA23 is 159.264
[1917100 1010720 1919040 1011520] on VIA12 is 159.457
[1918070 1010720 2180290 1011520] on METAL1 is 159.457
[1677830 1010720 1918070 1011520] on METAL1 is 169.911
[1676860 1010720 1678800 1011520] on VIA12 is 169.911
[1676860 1010720 1678800 1011520] on VIA23 is 169.744
[1676860 1010720 1678800 1011520] on VIA34 is 169.577
[1676830 1001040 1678830 1011120] on METAL4 is 169.502
[1676830 990960 1678830 1001040] on METAL4 is 169.525
[1676860 1000640 1678800 1001440] on VIA34 is 169.673
[1676860 1000640 1678800 1001440] on VIA23 is 169.844
[1676860 1000640 1678800 1001440] on VIA12 is 170.015
[1677830 1000640 1918070 1001440] on METAL1 is 170.015
[1918070 1000640 2180290 1001440] on METAL1 is 159.509
[1917100 1000640 1919040 1001440] on VIA12 is 159.509
[1917100 1000640 1919040 1001440] on VIA23 is 159.314
[1917100 1000640 1919040 1001440] on VIA34 is 159.118
[1917070 990960 1919070 1001040] on METAL4 is 158.923
[1917070 980880 1919070 990960] on METAL4 is 158.887
[1917100 990560 1919040 991360] on VIA34 is 159.086
[1917100 990560 1919040 991360] on VIA23 is 159.284
[1917100 990560 1919040 991360] on VIA12 is 159.482
[1918070 990560 2180290 991360] on METAL1 is 159.482
[1677830 990560 1918070 991360] on METAL1 is 170.049
[1676860 990560 1678800 991360] on VIA12 is 170.049
[1676860 990560 1678800 991360] on VIA23 is 169.874
[1676860 990560 1678800 991360] on VIA34 is 169.7
[1676830 980880 1678830 990960] on METAL4 is 169.525
[1676830 970800 1678830 980880] on METAL4 is 169.477
[1676860 980480 1678800 981280] on VIA34 is 169.656
[1676860 980480 1678800 981280] on VIA23 is 169.834
[1676860 980480 1678800 981280] on VIA12 is 170.012
[1677830 980480 1918070 981280] on METAL1 is 170.012
[1918070 980480 2180290 981280] on METAL1 is 159.376
[1917100 980480 1919040 981280] on VIA12 is 159.376
[1917100 980480 1919040 981280] on VIA23 is 159.174
[1917100 980480 1919040 981280] on VIA34 is 158.972
[1917070 970800 1919070 980880] on METAL4 is 158.771
[1917070 960720 1919070 970800] on METAL4 is 158.572
[1917100 970400 1919040 971200] on VIA34 is 158.778
[1917100 970400 1919040 971200] on VIA23 is 158.983
[1917100 970400 1919040 971200] on VIA12 is 159.188
[1918070 970400 2180290 971200] on METAL1 is 159.188
[1677830 970400 1918070 971200] on METAL1 is 169.904
[1676860 970400 1678800 971200] on VIA12 is 169.904
[1676860 970400 1678800 971200] on VIA23 is 169.721
[1676860 970400 1678800 971200] on VIA34 is 169.539
[1676830 960720 1678830 970800] on METAL4 is 169.357
[1676830 956230 1678830 960720] on METAL4 is 169.162
[1676860 960320 1678800 961120] on VIA34 is 169.348
[1676860 960320 1678800 961120] on VIA23 is 169.535
[1676860 960320 1678800 961120] on VIA12 is 169.721
[1677830 960320 1918070 961120] on METAL1 is 169.721
[1918070 960320 2180290 961120] on METAL1 is 158.918
[1917100 960320 1919040 961120] on VIA12 is 158.918
[1917100 960320 1919040 961120] on VIA23 is 158.709
[1917100 960320 1919040 961120] on VIA34 is 158.5
[1917070 956230 1919070 960720] on METAL4 is 158.29
[1917070 950640 1919070 956230] on METAL4 is 158.127
[1917090 955250 1919050 957210] on VIA45 is 158.127
[1918070 955230 2180290 957230] on METAL5 is 157.687
[1677830 955230 1918070 957230] on METAL5 is 168.285
[1676850 955250 1678810 957210] on VIA45 is 169.041
[1676830 950640 1678830 956230] on METAL4 is 169.044
[1676830 940560 1678830 950640] on METAL4 is 169.044
[1676860 950240 1678800 951040] on VIA34 is 169.233
[1676860 950240 1678800 951040] on VIA23 is 169.421
[1676860 950240 1678800 951040] on VIA12 is 169.609
[1677830 950240 1918070 951040] on METAL1 is 169.609
[1918070 950240 2180290 951040] on METAL1 is 158.607
[1917100 950240 1919040 951040] on VIA12 is 158.607
[1917100 950240 1919040 951040] on VIA23 is 158.396
[1917100 950240 1919040 951040] on VIA34 is 158.186
[1917070 940560 1919070 950640] on METAL4 is 157.976
[1917070 930480 1919070 940560] on METAL4 is 157.618
[1917100 940160 1919040 940960] on VIA34 is 157.827
[1917100 940160 1919040 940960] on VIA23 is 158.037
[1917100 940160 1919040 940960] on VIA12 is 158.246
[1918070 940160 2180290 940960] on METAL1 is 158.246
[1677830 940160 1918070 940960] on METAL1 is 169.538
[1676860 940160 1678800 940960] on VIA12 is 169.538
[1676860 940160 1678800 940960] on VIA23 is 169.35
[1676860 940160 1678800 940960] on VIA34 is 169.161
[1676830 930480 1678830 940560] on METAL4 is 168.973
[1676830 920400 1678830 930480] on METAL4 is 168.825
[1676860 930080 1678800 930880] on VIA34 is 169.013
[1676860 930080 1678800 930880] on VIA23 is 169.202
[1676860 930080 1678800 930880] on VIA12 is 169.391
[1677830 930080 1918070 930880] on METAL1 is 169.391
[1918070 930080 2180290 930880] on METAL1 is 157.801
[1917100 930080 1919040 930880] on VIA12 is 157.801
[1917100 930080 1919040 930880] on VIA23 is 157.592
[1917100 930080 1919040 930880] on VIA34 is 157.384
[1917070 920400 1919070 930480] on METAL4 is 157.175
[1917070 910320 1919070 920400] on METAL4 is 156.647
[1917100 920000 1919040 920800] on VIA34 is 156.855
[1917100 920000 1919040 920800] on VIA23 is 157.063
[1917100 920000 1919040 920800] on VIA12 is 157.271
[1918070 920000 2180290 920800] on METAL1 is 157.271
[1677830 920000 1918070 920800] on METAL1 is 169.167
[1676860 920000 1678800 920800] on VIA12 is 169.167
[1676860 920000 1678800 920800] on VIA23 is 168.978
[1676860 920000 1678800 920800] on VIA34 is 168.789
[1676830 910320 1678830 920400] on METAL4 is 168.6
[1676830 900240 1678830 910320] on METAL4 is 168.298
[1676860 909920 1678800 910720] on VIA34 is 168.487
[1676860 909920 1678800 910720] on VIA23 is 168.677
[1676860 909920 1678800 910720] on VIA12 is 168.866
[1677830 909920 1918070 910720] on METAL1 is 168.866
[1918070 909920 2180290 910720] on METAL1 is 156.658
[1917100 909920 1919040 910720] on VIA12 is 156.658
[1917100 909920 1919040 910720] on VIA23 is 156.45
[1917100 909920 1919040 910720] on VIA34 is 156.242
[1917070 900240 1919070 910320] on METAL4 is 156.034
[1917070 890160 1919070 900240] on METAL4 is 155.337
[1917100 899840 1919040 900640] on VIA34 is 155.545
[1917100 899840 1919040 900640] on VIA23 is 155.753
[1917100 899840 1919040 900640] on VIA12 is 155.961
[1918070 899840 2180290 900640] on METAL1 is 155.961
[1677830 899840 1918070 900640] on METAL1 is 168.488
[1676860 899840 1678800 900640] on VIA12 is 168.488
[1676860 899840 1678800 900640] on VIA23 is 168.298
[1676860 899840 1678800 900640] on VIA34 is 168.109
[1676830 890160 1678830 900240] on METAL4 is 167.919
[1676830 880080 1678830 890160] on METAL4 is 167.462
[1676860 889760 1678800 890560] on VIA34 is 167.653
[1676860 889760 1678800 890560] on VIA23 is 167.843
[1676860 889760 1678800 890560] on VIA12 is 168.033
[1677830 889760 1918070 890560] on METAL1 is 168.033
[1918070 889760 2180290 890560] on METAL1 is 155.179
[1917100 889760 1919040 890560] on VIA12 is 155.179
[1917100 889760 1919040 890560] on VIA23 is 154.971
[1917100 889760 1919040 890560] on VIA34 is 154.763
[1917070 880080 1919070 890160] on METAL4 is 154.555
[1917070 870000 1919070 880080] on METAL4 is 153.688
[1917100 879680 1919040 880480] on VIA34 is 153.896
[1917100 879680 1919040 880480] on VIA23 is 154.105
[1917100 879680 1919040 880480] on VIA12 is 154.313
[1918070 879680 2180290 880480] on METAL1 is 154.313
[1677830 879680 1918070 880480] on METAL1 is 167.501
[1676860 879680 1678800 880480] on VIA12 is 167.501
[1676860 879680 1678800 880480] on VIA23 is 167.31
[1676860 879680 1678800 880480] on VIA34 is 167.119
[1676830 870000 1678830 880080] on METAL4 is 166.928
[1676830 859920 1678830 870000] on METAL4 is 166.316
[1676860 869600 1678800 870400] on VIA34 is 166.508
[1676860 869600 1678800 870400] on VIA23 is 166.699
[1676860 869600 1678800 870400] on VIA12 is 166.891
[1677830 869600 1918070 870400] on METAL1 is 166.891
[1918070 869600 2180290 870400] on METAL1 is 153.363
[1917100 869600 1919040 870400] on VIA12 is 153.363
[1917100 869600 1919040 870400] on VIA23 is 153.154
[1917100 869600 1919040 870400] on VIA34 is 152.945
[1917070 859920 1919070 870000] on METAL4 is 152.736
[1917070 849840 1919070 859920] on METAL4 is 151.699
[1917100 859520 1919040 860320] on VIA34 is 151.909
[1917100 859520 1919040 860320] on VIA23 is 152.118
[1917100 859520 1919040 860320] on VIA12 is 152.327
[1918070 859520 2180290 860320] on METAL1 is 152.327
[1677830 859520 1918070 860320] on METAL1 is 166.202
[1676860 859520 1678800 860320] on VIA12 is 166.202
[1676860 859520 1678800 860320] on VIA23 is 166.01
[1676860 859520 1678800 860320] on VIA34 is 165.818
[1676830 849840 1678830 859920] on METAL4 is 165.627
[1676830 839760 1678830 849840] on METAL4 is 164.859
[1676860 849440 1678800 850240] on VIA34 is 165.051
[1676860 849440 1678800 850240] on VIA23 is 165.243
[1676860 849440 1678800 850240] on VIA12 is 165.436
[1677830 849440 1918070 850240] on METAL1 is 165.436
[1918070 849440 2180290 850240] on METAL1 is 151.206
[1917100 849440 1919040 850240] on VIA12 is 151.206
[1917100 849440 1919040 850240] on VIA23 is 150.997
[1917100 849440 1919040 850240] on VIA34 is 150.787
[1917070 839760 1919070 849840] on METAL4 is 150.577
[1917070 829680 1919070 839760] on METAL4 is 149.37
[1917100 839360 1919040 840160] on VIA34 is 149.58
[1917100 839360 1919040 840160] on VIA23 is 149.79
[1917100 839360 1919040 840160] on VIA12 is 150
[1918070 839360 2180290 840160] on METAL1 is 150
[1677830 839360 1918070 840160] on METAL1 is 164.591
[1676860 839360 1678800 840160] on VIA12 is 164.591
[1676860 839360 1678800 840160] on VIA23 is 164.398
[1676860 839360 1678800 840160] on VIA34 is 164.205
[1676830 829680 1678830 839760] on METAL4 is 164.013
[1676830 819600 1678830 829680] on METAL4 is 163.088
[1676860 829280 1678800 830080] on VIA34 is 163.281
[1676860 829280 1678800 830080] on VIA23 is 163.474
[1676860 829280 1678800 830080] on VIA12 is 163.667
[1677830 829280 1918070 830080] on METAL1 is 163.667
[1918070 829280 2180290 830080] on METAL1 is 148.708
[1917100 829280 1919040 830080] on VIA12 is 148.708
[1917100 829280 1919040 830080] on VIA23 is 148.498
[1917100 829280 1919040 830080] on VIA34 is 148.287
[1917070 819600 1919070 829680] on METAL4 is 148.077
[1917070 809520 1919070 819600] on METAL4 is 146.698
[1917100 819200 1919040 820000] on VIA34 is 146.909
[1917100 819200 1919040 820000] on VIA23 is 147.12
[1917100 819200 1919040 820000] on VIA12 is 147.331
[1918070 819200 2180290 820000] on METAL1 is 147.331
[1677830 819200 1918070 820000] on METAL1 is 162.665
[1676860 819200 1678800 820000] on VIA12 is 162.665
[1676860 819200 1678800 820000] on VIA23 is 162.471
[1676860 819200 1678800 820000] on VIA34 is 162.278
[1676830 809520 1678830 819600] on METAL4 is 162.084
[1676830 799440 1678830 809520] on METAL4 is 161.002
[1676860 809120 1678800 809920] on VIA34 is 161.196
[1676860 809120 1678800 809920] on VIA23 is 161.39
[1676860 809120 1678800 809920] on VIA12 is 161.584
[1677830 809120 1918070 809920] on METAL1 is 161.584
[1918070 809120 2180290 809920] on METAL1 is 145.867
[1917100 809120 1919040 809920] on VIA12 is 145.867
[1917100 809120 1919040 809920] on VIA23 is 145.656
[1917100 809120 1919040 809920] on VIA34 is 145.445
[1917070 799440 1919070 809520] on METAL4 is 145.234
[1917070 789360 1919070 799440] on METAL4 is 143.683
[1917100 799040 1919040 799840] on VIA34 is 143.894
[1917100 799040 1919040 799840] on VIA23 is 144.105
[1917100 799040 1919040 799840] on VIA12 is 144.316
[1918070 799040 2180290 799840] on METAL1 is 144.316
[1677830 799040 1918070 799840] on METAL1 is 160.423
[1676860 799040 1678800 799840] on VIA12 is 160.423
[1676860 799040 1678800 799840] on VIA23 is 160.229
[1676860 799040 1678800 799840] on VIA34 is 160.035
[1676830 789360 1678830 799440] on METAL4 is 159.841
[1676830 779280 1678830 789360] on METAL4 is 158.601
[1676860 788960 1678800 789760] on VIA34 is 158.795
[1676860 788960 1678800 789760] on VIA23 is 158.989
[1676860 788960 1678800 789760] on VIA12 is 159.183
[1677830 788960 1918070 789760] on METAL1 is 159.183
[1918070 788960 2180290 789760] on METAL1 is 142.679
[1917100 788960 1919040 789760] on VIA12 is 142.679
[1917100 788960 1919040 789760] on VIA23 is 142.469
[1917100 788960 1919040 789760] on VIA34 is 142.258
[1917070 779280 1919070 789360] on METAL4 is 142.047
[1917070 769200 1919070 779280] on METAL4 is 140.325
[1917100 778880 1919040 779680] on VIA34 is 140.535
[1917100 778880 1919040 779680] on VIA23 is 140.746
[1917100 778880 1919040 779680] on VIA12 is 140.956
[1918070 778880 2180290 779680] on METAL1 is 140.956
[1677830 778880 1918070 779680] on METAL1 is 157.864
[1676860 778880 1678800 779680] on VIA12 is 157.864
[1676860 778880 1678800 779680] on VIA23 is 157.67
[1676860 778880 1678800 779680] on VIA34 is 157.476
[1676830 769200 1678830 779280] on METAL4 is 157.282
[1676830 759120 1678830 769200] on METAL4 is 155.884
[1676860 768800 1678800 769600] on VIA34 is 156.078
[1676860 768800 1678800 769600] on VIA23 is 156.272
[1676860 768800 1678800 769600] on VIA12 is 156.466
[1677830 768800 1918070 769600] on METAL1 is 156.466
[1918070 768800 2180290 769600] on METAL1 is 139.146
[1917100 768800 1919040 769600] on VIA12 is 139.146
[1917100 768800 1919040 769600] on VIA23 is 138.936
[1917100 768800 1919040 769600] on VIA34 is 138.727
[1917070 759120 1919070 769200] on METAL4 is 138.517
[1917070 749040 1919070 759120] on METAL4 is 136.624
[1917100 758720 1919040 759520] on VIA34 is 136.832
[1917100 758720 1919040 759520] on VIA23 is 137.041
[1917100 758720 1919040 759520] on VIA12 is 137.25
[1918070 758720 2180290 759520] on METAL1 is 137.25
[1677830 758720 1918070 759520] on METAL1 is 154.989
[1676860 758720 1678800 759520] on VIA12 is 154.989
[1676860 758720 1678800 759520] on VIA23 is 154.795
[1676860 758720 1678800 759520] on VIA34 is 154.601
[1676830 749040 1678830 759120] on METAL4 is 154.407
[1676830 738960 1678830 749040] on METAL4 is 152.852
[1676860 748640 1678800 749440] on VIA34 is 153.045
[1676860 748640 1678800 749440] on VIA23 is 153.239
[1676860 748640 1678800 749440] on VIA12 is 153.432
[1677830 748640 1918070 749440] on METAL1 is 153.432
[1918070 748640 2180290 749440] on METAL1 is 135.267
[1917100 748640 1919040 749440] on VIA12 is 135.267
[1917100 748640 1919040 749440] on VIA23 is 135.06
[1917100 748640 1919040 749440] on VIA34 is 134.853
[1917070 738960 1919070 749040] on METAL4 is 134.646
[1917070 728880 1919070 738960] on METAL4 is 132.583
[1917100 738560 1919040 739360] on VIA34 is 132.788
[1917100 738560 1919040 739360] on VIA23 is 132.993
[1917100 738560 1919040 739360] on VIA12 is 133.199
[1918070 738560 2180290 739360] on METAL1 is 133.199
[1677830 738560 1918070 739360] on METAL1 is 151.796
[1676860 738560 1678800 739360] on VIA12 is 151.796
[1676860 738560 1678800 739360] on VIA23 is 151.603
[1676860 738560 1678800 739360] on VIA34 is 151.41
[1676830 728880 1678830 738960] on METAL4 is 151.217
[1676830 718800 1678830 728880] on METAL4 is 149.504
[1676860 728480 1678800 729280] on VIA34 is 149.696
[1676860 728480 1678800 729280] on VIA23 is 149.889
[1676860 728480 1678800 729280] on VIA12 is 150.082
[1677830 728480 1918070 729280] on METAL1 is 150.082
[1918070 728480 2180290 729280] on METAL1 is 131.045
[1917100 728480 1919040 729280] on VIA12 is 131.045
[1917100 728480 1919040 729280] on VIA23 is 130.842
[1917100 728480 1919040 729280] on VIA34 is 130.639
[1917070 718800 1919070 728880] on METAL4 is 130.437
[1917070 714930 1919070 718800] on METAL4 is 128.208
[1917100 718400 1919040 719200] on VIA34 is 128.408
[1917100 718400 1919040 719200] on VIA23 is 128.607
[1917100 718400 1919040 719200] on VIA12 is 128.806
[1918070 718400 2180290 719200] on METAL1 is 128.806
[1677830 718400 1918070 719200] on METAL1 is 148.288
[1676860 718400 1678800 719200] on VIA12 is 148.288
[1676860 718400 1678800 719200] on VIA23 is 148.096
[1676860 718400 1678800 719200] on VIA34 is 147.904
[1676830 714930 1678830 718800] on METAL4 is 147.712
[1676830 708720 1678830 714930] on METAL4 is 146.994
[1676850 713950 1678810 715910] on VIA45 is 146.994
[1677830 713930 1918070 715930] on METAL5 is 146.263
[1918070 713930 2180290 715930] on METAL5 is 126.907
[1917090 713950 1919050 715910] on VIA45 is 127.321
[1917070 708720 1919070 714930] on METAL4 is 127.321
[1917070 698640 1919070 708720] on METAL4 is 125.948
[1917100 708320 1919040 709120] on VIA34 is 126.137
[1917100 708320 1919040 709120] on VIA23 is 126.325
[1917100 708320 1919040 709120] on VIA12 is 126.514
[1918070 708320 2180290 709120] on METAL1 is 126.514
[1677830 708320 1918070 709120] on METAL1 is 146.567
[1676860 708320 1678800 709120] on VIA12 is 146.567
[1676860 708320 1678800 709120] on VIA23 is 146.379
[1676860 708320 1678800 709120] on VIA34 is 146.191
[1676830 698640 1678830 708720] on METAL4 is 146.003
[1676830 688560 1678830 698640] on METAL4 is 144.318
[1676860 698240 1678800 699040] on VIA34 is 144.5
[1676860 698240 1678800 699040] on VIA23 is 144.682
[1676860 698240 1678800 699040] on VIA12 is 144.864
[1677830 698240 1918070 699040] on METAL1 is 144.864
[1918070 698240 2180290 699040] on METAL1 is 124.161
[1917100 698240 1919040 699040] on VIA12 is 124.161
[1917100 698240 1919040 699040] on VIA23 is 123.988
[1917100 698240 1919040 699040] on VIA34 is 123.815
[1917070 688560 1919070 698640] on METAL4 is 123.641
[1917070 678480 1919070 688560] on METAL4 is 121.265
[1917100 688160 1919040 688960] on VIA34 is 121.42
[1917100 688160 1919040 688960] on VIA23 is 121.576
[1917100 688160 1919040 688960] on VIA12 is 121.732
[1918070 688160 2180290 688960] on METAL1 is 121.732
[1677830 688160 1918070 688960] on METAL1 is 143.086
[1676860 688160 1678800 688960] on VIA12 is 143.086
[1676860 688160 1678800 688960] on VIA23 is 142.91
[1676860 688160 1678800 688960] on VIA34 is 142.734
[1676830 678480 1678830 688560] on METAL4 is 142.559
[1676830 668400 1678830 678480] on METAL4 is 140.728
[1676860 678080 1678800 678880] on VIA34 is 140.897
[1676860 678080 1678800 678880] on VIA23 is 141.067
[1676860 678080 1678800 678880] on VIA12 is 141.237
[1677830 678080 1918070 678880] on METAL1 is 141.237
[1918070 678080 2180290 678880] on METAL1 is 119.234
[1917100 678080 1919040 678880] on VIA12 is 119.234
[1917100 678080 1919040 678880] on VIA23 is 119.097
[1917100 678080 1919040 678880] on VIA34 is 118.961
[1917070 668400 1919070 678480] on METAL4 is 118.824
[1917070 658320 1919070 668400] on METAL4 is 116.328
[1917100 668000 1919040 668800] on VIA34 is 116.443
[1917100 668000 1919040 668800] on VIA23 is 116.558
[1917100 668000 1919040 668800] on VIA12 is 116.673
[1918070 668000 2180290 668800] on METAL1 is 116.673
[1677830 668000 1918070 668800] on METAL1 is 139.319
[1676860 668000 1678800 668800] on VIA12 is 139.319
[1676860 668000 1678800 668800] on VIA23 is 139.155
[1676860 668000 1678800 668800] on VIA34 is 138.992
[1676830 658320 1678830 668400] on METAL4 is 138.828
[1676830 648240 1678830 658320] on METAL4 is 136.861
[1676860 657920 1678800 658720] on VIA34 is 137.043
[1676860 657920 1678800 658720] on VIA23 is 137.226
[1676860 657920 1678800 658720] on VIA12 is 137.408
[1677830 657920 1918070 658720] on METAL1 is 137.408
[1918070 657920 2163840 658720] on METAL1 is 114.774
[1917100 657920 1919040 658720] on VIA12 is 114.774
[1917100 657920 1919040 658720] on VIA23 is 114.445
[1917100 657920 1919040 658720] on VIA34 is 114.115
[1917070 648240 1919070 658320] on METAL4 is 113.786
[1917070 638160 1919070 648240] on METAL4 is 111.109
[1917100 647840 1919040 648640] on VIA34 is 111.425
[1917100 647840 1919040 648640] on VIA23 is 111.742
[1917100 647840 1919040 648640] on VIA12 is 112.059
[1918070 647840 2163840 648640] on METAL1 is 112.059
[1677830 647840 1918070 648640] on METAL1 is 135.348
[1676860 647840 1678800 648640] on VIA12 is 135.348
[1676860 647840 1678800 648640] on VIA23 is 135.172
[1676860 647840 1678800 648640] on VIA34 is 134.996
[1676830 638160 1678830 648240] on METAL4 is 134.82
[1676830 628080 1678830 638160] on METAL4 is 132.708
[1676860 637760 1678800 638560] on VIA34 is 132.876
[1676860 637760 1678800 638560] on VIA23 is 133.044
[1676860 637760 1678800 638560] on VIA12 is 133.213
[1677830 637760 1918070 638560] on METAL1 is 133.213
[1918070 637760 2163840 638560] on METAL1 is 109.221
[1917100 637760 1919040 638560] on VIA12 is 109.221
[1917100 637760 1919040 638560] on VIA23 is 108.915
[1917100 637760 1919040 638560] on VIA34 is 108.609
[1917070 628080 1919070 638160] on METAL4 is 108.303
[1917070 618000 1919070 628080] on METAL4 is 105.372
[1917100 627680 1919040 628480] on VIA34 is 105.67
[1917100 627680 1919040 628480] on VIA23 is 105.967
[1917100 627680 1919040 628480] on VIA12 is 106.265
[1918070 627680 2163840 628480] on METAL1 is 106.265
[1677830 627680 1918070 628480] on METAL1 is 131.004
[1676860 627680 1678800 628480] on VIA12 is 131.004
[1676860 627680 1678800 628480] on VIA23 is 130.845
[1676860 627680 1678800 628480] on VIA34 is 130.686
[1676830 618000 1678830 628080] on METAL4 is 130.527
[1676830 607920 1678830 618000] on METAL4 is 128.281
[1676860 617600 1678800 618400] on VIA34 is 128.429
[1676860 617600 1678800 618400] on VIA23 is 128.577
[1676860 617600 1678800 618400] on VIA12 is 128.725
[1677830 617600 1918070 618400] on METAL1 is 128.725
[1918070 617600 2163840 618400] on METAL1 is 103.192
[1917100 617600 1919040 618400] on VIA12 is 103.192
[1917100 617600 1919040 618400] on VIA23 is 102.902
[1917100 617600 1919040 618400] on VIA34 is 102.611
[1917070 607920 1919070 618000] on METAL4 is 102.32
[1917070 597840 1919070 607920] on METAL4 is 99.15
[1917100 607520 1919040 608320] on VIA34 is 99.436
[1917100 607520 1919040 608320] on VIA23 is 99.721
[1917100 607520 1919040 608320] on VIA12 is 100.006
[1918070 607520 2163840 608320] on METAL1 is 100.006
[1677830 607520 1918070 608320] on METAL1 is 126.38
[1676860 607520 1678800 608320] on VIA12 is 126.38
[1676860 607520 1678800 608320] on VIA23 is 126.245
[1676860 607520 1678800 608320] on VIA34 is 126.111
[1676830 597840 1678830 607920] on METAL4 is 125.976
[1676830 587760 1678830 597840] on METAL4 is 123.615
[1676860 597440 1678800 598240] on VIA34 is 123.735
[1676860 597440 1678800 598240] on VIA23 is 123.855
[1676860 597440 1678800 598240] on VIA12 is 123.975
[1677830 597440 1918070 598240] on METAL1 is 123.975
[1918070 597440 2163840 598240] on METAL1 is 96.709
[1917100 597440 1919040 598240] on VIA12 is 96.709
[1917100 597440 1919040 598240] on VIA23 is 96.427
[1917100 597440 1919040 598240] on VIA34 is 96.146
[1917070 587760 1919070 597840] on METAL4 is 95.864
[1917070 577680 1919070 587760] on METAL4 is 92.463
[1917100 587360 1919040 588160] on VIA34 is 92.463
[1917100 587360 1919040 588160] on VIA23 is 92.434
[1917100 587360 1919040 588160] on VIA12 is 92.406
[1918070 587360 2180290 588160] on METAL1 is 92.377
[1677830 587360 1918070 588160] on METAL1 is 121.421
[1676860 587360 1678800 588160] on VIA12 is 121.421
[1676860 587360 1678800 588160] on VIA23 is 121.349
[1676860 587360 1678800 588160] on VIA34 is 121.277
[1676830 577680 1678830 587760] on METAL4 is 121.205
[1676830 567600 1678830 577680] on METAL4 is 118.766
[1676860 577280 1678800 578080] on VIA34 is 118.82
[1676860 577280 1678800 578080] on VIA23 is 118.874
[1676860 577280 1678800 578080] on VIA12 is 118.927
[1677830 577280 1918070 578080] on METAL1 is 118.927
[1918070 577280 2180290 578080] on METAL1 is 88.931
[1917100 577280 1919040 578080] on VIA12 is 88.979
[1917100 577280 1919040 578080] on VIA23 is 89.026
[1917100 577280 1919040 578080] on VIA34 is 89.074
[1917070 567600 1919070 577680] on METAL4 is 89.074
[1917070 557520 1919070 567600] on METAL4 is 85.704
[1917100 567200 1919040 568000] on VIA34 is 85.704
[1917100 567200 1919040 568000] on VIA23 is 85.631
[1917100 567200 1919040 568000] on VIA12 is 85.557
[1918070 567200 2180290 568000] on METAL1 is 85.484
[1677830 567200 1918070 568000] on METAL1 is 116.411
[1676860 567200 1678800 568000] on VIA12 is 116.411
[1676860 567200 1678800 568000] on VIA23 is 116.376
[1676860 567200 1678800 568000] on VIA34 is 116.341
[1676830 557520 1678830 567600] on METAL4 is 116.306
[1676830 547440 1678830 557520] on METAL4 is 113.831
[1676860 557120 1678800 557920] on VIA34 is 113.847
[1676860 557120 1678800 557920] on VIA23 is 113.863
[1676860 557120 1678800 557920] on VIA12 is 113.879
[1677830 557120 1918070 557920] on METAL1 is 113.879
[1918070 557120 2180290 557920] on METAL1 is 82.043
[1917100 557120 1919040 557920] on VIA12 is 82.15
[1917100 557120 1919040 557920] on VIA23 is 82.257
[1917100 557120 1919040 557920] on VIA34 is 82.365
[1917070 547440 1919070 557520] on METAL4 is 82.365
[1917070 537360 1919070 547440] on METAL4 is 79.068
[1917100 547040 1919040 547840] on VIA34 is 79.068
[1917100 547040 1919040 547840] on VIA23 is 78.919
[1917100 547040 1919040 547840] on VIA12 is 78.77
[1918070 547040 2180290 547840] on METAL1 is 78.621
[1677830 547040 1918070 547840] on METAL1 is 111.339
[1676860 547040 1678800 547840] on VIA12 is 111.343
[1676860 547040 1678800 547840] on VIA23 is 111.346
[1676860 547040 1678800 547840] on VIA34 is 111.35
[1676830 537360 1678830 547440] on METAL4 is 111.35
[1676830 527280 1678830 537360] on METAL4 is 108.87
[1676860 536960 1678800 537760] on VIA34 is 108.87
[1676860 536960 1678800 537760] on VIA23 is 108.846
[1676860 536960 1678800 537760] on VIA12 is 108.823
[1677830 536960 1918070 537760] on METAL1 is 108.8
[1436930 536960 1677830 537760] on METAL1 is 132.512
[1435960 536960 1437900 537760] on VIA12 is 132.512
[1435960 536960 1437900 537760] on VIA23 is 132.405
[1435960 536960 1437900 537760] on VIA34 is 132.298
[1435930 527280 1437930 537360] on METAL4 is 132.191
[1435930 517200 1437930 527280] on METAL4 is 129.988
[1435960 526880 1437900 527680] on VIA34 is 130.087
[1435960 526880 1437900 527680] on VIA23 is 130.186
[1435960 526880 1437900 527680] on VIA12 is 130.285
[1436930 526880 1677830 527680] on METAL1 is 130.285
[1196690 526880 1436930 527680] on METAL1 is 147.435
[955790 526880 1196690 527680] on METAL1 is 159.662
[1195720 526880 1197660 527680] on VIA12 is 147.435
[1195720 526880 1197660 527680] on VIA23 is 147.253
[1195720 526880 1197660 527680] on VIA34 is 147.072
[1195690 517200 1197690 527280] on METAL4 is 146.89
[1195720 516800 1197660 517600] on VIA34 is 145.032
[1195720 516800 1197660 517600] on VIA23 is 145.219
[1195720 516800 1197660 517600] on VIA12 is 145.406
[1196690 516800 1436930 517600] on METAL1 is 145.406
[1436930 516800 1677830 517600] on METAL1 is 128.046
[1435960 516800 1437900 517600] on VIA12 is 128.046
[1435960 516800 1437900 517600] on VIA23 is 127.945
[1435960 516800 1437900 517600] on VIA34 is 127.845
[1435930 507120 1437930 517200] on METAL4 is 127.745
[1435960 506720 1437900 507520] on VIA34 is 125.564
[1435960 506720 1437900 507520] on VIA23 is 125.667
[1435960 506720 1437900 507520] on VIA12 is 125.771
[1436930 506720 1677830 507520] on METAL1 is 125.771
[1677830 506720 1918070 507520] on METAL1 is 101.319
[1676860 506720 1678800 507520] on VIA12 is 101.403
[1676860 506720 1678800 507520] on VIA23 is 101.487
[1676860 506720 1678800 507520] on VIA34 is 101.571
[1676830 497040 1678830 507120] on METAL4 is 101.571
[1676830 507120 1678830 517200] on METAL4 is 103.967
[1676830 517200 1678830 527280] on METAL4 is 106.399
[1676860 516800 1678800 517600] on VIA34 is 103.967
[1676860 516800 1678800 517600] on VIA23 is 103.876
[1676860 516800 1678800 517600] on VIA12 is 103.785
[1677830 516800 1918070 517600] on METAL1 is 103.695
[1918070 516800 2180290 517600] on METAL1 is 67.854
[1917100 516800 1919040 517600] on VIA12 is 68.515
[1917100 516800 1919040 517600] on VIA23 is 69.175
[1917100 516800 1919040 517600] on VIA34 is 69.836
[1917070 507120 1919070 517200] on METAL4 is 69.836
[1917070 517200 1919070 527280] on METAL4 is 72.679
[1917070 527280 1919070 537360] on METAL4 is 75.833
[1917100 526880 1919040 527680] on VIA34 is 72.679
[1917100 526880 1919040 527680] on VIA23 is 71.918
[1917100 526880 1919040 527680] on VIA12 is 71.157
[1677830 526880 1918070 527680] on METAL1 is 106.119
[1676860 526880 1678800 527680] on VIA12 is 106.212
[1676860 526880 1678800 527680] on VIA23 is 106.306
[1676860 526880 1678800 527680] on VIA34 is 106.399
[1917100 536960 1919040 537760] on VIA34 is 75.833
[1917100 536960 1919040 537760] on VIA23 is 75.633
[1917100 536960 1919040 537760] on VIA12 is 75.432
[1918070 536960 2180290 537760] on METAL1 is 75.231
[2180290 536960 2185290 537760] on METAL1 is 23.067
[2175420 536960 2185160 537760] on VIA12 is 23.067
[2175290 527280 2185290 537360] on METAL2 is 22.571
[2175290 537360 2185290 547440] on METAL2 is 28.27
[2175290 547440 2185290 557520] on METAL2 is 33.784
[2175420 547040 2185160 547840] on VIA12 is 28.747
[2180290 547040 2185290 547840] on METAL1 is 28.747
[2175290 557520 2185290 567600] on METAL2 is 39.12
[2175420 557120 2185160 557920] on VIA12 is 34.245
[2180290 557120 2185290 557920] on METAL1 is 34.245
[2175290 567600 2185290 577680] on METAL2 is 44.283
[2175420 567200 2185160 568000] on VIA12 is 39.566
[2180290 567200 2185290 568000] on METAL1 is 39.566
[2175290 577680 2185290 587760] on METAL2 is 49.279
[2175420 577280 2185160 578080] on VIA12 is 44.715
[2180290 577280 2185290 578080] on METAL1 is 44.715
[2175290 587760 2185290 597840] on METAL2 is 54.112
[2175420 587360 2185160 588160] on VIA12 is 49.699
[2180290 587360 2185290 588160] on METAL1 is 49.699
[2175290 597840 2185290 607920] on METAL2 is 58.813
[2175420 597440 2185160 598240] on VIA23 is 54.37
[2180290 597440 2185290 598240] on METAL3 is 54.37
[2163840 597440 2180290 598240] on METAL3 is 56.41
[2163650 597440 2163840 598240] on METAL3 is 56.41
[2163650 597440 2164030 598240] on VIA23 is 61.321
[2163840 597440 2164030 598240] on METAL2 is 61.321
[2163650 597440 2163840 598240] on METAL2 is 61.321
[2163650 597440 2164030 598240] on VIA12 is 66.232
[2163840 597440 2164030 598240] on METAL1 is 66.232
[2175290 607920 2185290 618000] on METAL2 is 63.387
[2175420 607520 2185160 608320] on VIA23 is 59.063
[2180290 607520 2185290 608320] on METAL3 is 59.063
[2163840 607520 2180290 608320] on METAL3 is 61.036
[2163650 607520 2163840 608320] on METAL3 is 61.036
[2163650 607520 2164030 608320] on VIA23 is 65.785
[2163840 607520 2164030 608320] on METAL2 is 65.785
[2163650 607520 2163840 608320] on METAL2 is 65.785
[2163650 607520 2164030 608320] on VIA12 is 70.534
[2163840 607520 2164030 608320] on METAL1 is 70.534
[2175290 618000 2185290 628080] on METAL2 is 67.836
[2175420 617600 2185160 618400] on VIA23 is 63.629
[2180290 617600 2185290 618400] on METAL3 is 63.629
[2163840 617600 2180290 618400] on METAL3 is 65.535
[2163650 617600 2163840 618400] on METAL3 is 65.535
[2163650 617600 2164030 618400] on VIA23 is 70.124
[2163840 617600 2164030 618400] on METAL2 is 70.124
[2163650 617600 2163840 618400] on METAL2 is 70.124
[2163650 617600 2164030 618400] on VIA12 is 74.713
[2163840 617600 2164030 618400] on METAL1 is 74.713
[2175290 628080 2185290 638160] on METAL2 is 72.163
[2175420 627680 2185160 628480] on VIA23 is 68.069
[2180290 627680 2185290 628480] on METAL3 is 68.069
[2163840 627680 2180290 628480] on METAL3 is 69.909
[2163650 627680 2163840 628480] on METAL3 is 69.909
[2163650 627680 2164030 628480] on VIA23 is 74.34
[2163840 627680 2164030 628480] on METAL2 is 74.34
[2163650 627680 2163840 628480] on METAL2 is 74.34
[2163650 627680 2164030 628480] on VIA12 is 78.77
[2163840 627680 2164030 628480] on METAL1 is 78.77
[2175290 638160 2185290 648240] on METAL2 is 76.371
[2175420 637760 2185160 638560] on VIA23 is 72.388
[2180290 637760 2185290 638560] on METAL3 is 72.388
[2163840 637760 2180290 638560] on METAL3 is 74.162
[2163650 637760 2163840 638560] on METAL3 is 74.162
[2163650 637760 2164030 638560] on VIA23 is 78.435
[2163840 637760 2164030 638560] on METAL2 is 78.435
[2163650 637760 2163840 638560] on METAL2 is 78.435
[2163650 637760 2164030 638560] on VIA12 is 82.707
[2163840 637760 2164030 638560] on METAL1 is 82.707
[2175290 648240 2185290 658320] on METAL2 is 80.465
[2175420 647840 2185160 648640] on VIA23 is 76.588
[2180290 647840 2185290 648640] on METAL3 is 76.588
[2163840 647840 2180290 648640] on METAL3 is 78.297
[2163650 647840 2163840 648640] on METAL3 is 78.297
[2163650 647840 2164030 648640] on VIA23 is 82.411
[2163840 647840 2164030 648640] on METAL2 is 82.411
[2163650 647840 2163840 648640] on METAL2 is 82.411
[2163650 647840 2164030 648640] on VIA12 is 86.526
[2163840 647840 2164030 648640] on METAL1 is 86.526
[2175290 658320 2185290 668400] on METAL2 is 84.447
[2175420 657920 2185160 658720] on VIA23 is 80.673
[2180290 657920 2185290 658720] on METAL3 is 80.673
[2163840 657920 2180290 658720] on METAL3 is 82.316
[2163650 657920 2163840 658720] on METAL3 is 82.316
[2163650 657920 2164030 658720] on VIA23 is 86.272
[2163840 657920 2164030 658720] on METAL2 is 86.272
[2163650 657920 2163840 658720] on METAL2 is 86.272
[2163650 657920 2164030 658720] on VIA12 is 90.227
[2163840 657920 2164030 658720] on METAL1 is 90.227
[2175290 668400 2185290 678480] on METAL2 is 88.299
[2175420 668000 2185160 668800] on VIA12 is 84.781
[2180290 668000 2185290 668800] on METAL1 is 84.781
[2175290 678480 2185290 688560] on METAL2 is 92.025
[2175420 678080 2185160 678880] on VIA12 is 88.623
[2180290 678080 2185290 678880] on METAL1 is 88.623
[2175290 688560 2185290 698640] on METAL2 is 95.63
[2175420 688160 2185160 688960] on VIA12 is 92.34
[2180290 688160 2185290 688960] on METAL1 is 92.34
[2175290 698640 2185290 708720] on METAL2 is 99.117
[2175420 698240 2185160 699040] on VIA12 is 95.936
[2180290 698240 2185290 699040] on METAL1 is 95.936
[2175290 708720 2185290 714930] on METAL2 is 101.194
[2175420 708320 2185160 709120] on VIA12 is 99.413
[2180290 708320 2185290 709120] on METAL1 is 99.413
[2175290 714930 2185290 718800] on METAL2 is 102.318
[2175420 714010 2185160 715850] on VIA23 is 101.726
[2175420 714010 2185160 715850] on VIA34 is 102.259
[2175405 713950 2185175 715910] on VIA45 is 103.03
[2180290 713930 2185290 715930] on METAL5 is 103.03
[2175290 718800 2185290 728880] on METAL2 is 105.135
[2175420 718400 2185160 719200] on VIA12 is 102.608
[2180290 718400 2185290 719200] on METAL1 is 102.608
[2175290 728880 2185290 738960] on METAL2 is 107.841
[2175420 728480 2185160 729280] on VIA12 is 105.42
[2180290 728480 2185290 729280] on METAL1 is 105.42
[2175290 738960 2185290 749040] on METAL2 is 110.439
[2175420 738560 2185160 739360] on VIA12 is 108.121
[2180290 738560 2185290 739360] on METAL1 is 108.121
[2175290 749040 2185290 759120] on METAL2 is 112.929
[2175420 748640 2185160 749440] on VIA12 is 110.715
[2180290 748640 2185290 749440] on METAL1 is 110.715
[2175290 759120 2185290 769200] on METAL2 is 115.315
[2175420 758720 2185160 759520] on VIA12 is 113.202
[2180290 758720 2185290 759520] on METAL1 is 113.202
[2175290 769200 2185290 779280] on METAL2 is 117.596
[2175420 768800 2185160 769600] on VIA12 is 115.583
[2180290 768800 2185290 769600] on METAL1 is 115.583
[2175290 779280 2185290 789360] on METAL2 is 119.775
[2175420 778880 2185160 779680] on VIA12 is 117.861
[2180290 778880 2185290 779680] on METAL1 is 117.861
[2175290 789360 2185290 799440] on METAL2 is 121.854
[2175420 788960 2185160 789760] on VIA12 is 120.037
[2180290 788960 2185290 789760] on METAL1 is 120.037
[2175290 799440 2185290 809520] on METAL2 is 123.832
[2175420 799040 2185160 799840] on VIA12 is 122.111
[2180290 799040 2185290 799840] on METAL1 is 122.111
[2175290 809520 2185290 819600] on METAL2 is 125.712
[2175420 809120 2185160 809920] on VIA12 is 124.086
[2180290 809120 2185290 809920] on METAL1 is 124.086
[2175290 819600 2185290 829680] on METAL2 is 127.495
[2175420 819200 2185160 820000] on VIA12 is 125.963
[2180290 819200 2185290 820000] on METAL1 is 125.963
[2175290 829680 2185290 839760] on METAL2 is 129.182
[2175420 829280 2185160 830080] on VIA12 is 127.743
[2180290 829280 2185290 830080] on METAL1 is 127.743
[2175290 839760 2185290 849840] on METAL2 is 130.774
[2175420 839360 2185160 840160] on VIA12 is 129.427
[2180290 839360 2185290 840160] on METAL1 is 129.427
[2175290 849840 2185290 859920] on METAL2 is 132.273
[2175420 849440 2185160 850240] on VIA12 is 131.016
[2180290 849440 2185290 850240] on METAL1 is 131.016
[2175290 859920 2185290 870000] on METAL2 is 133.68
[2175420 859520 2185160 860320] on VIA12 is 132.512
[2180290 859520 2185290 860320] on METAL1 is 132.512
[2175290 870000 2185290 880080] on METAL2 is 134.995
[2175420 869600 2185160 870400] on VIA12 is 133.915
[2180290 869600 2185290 870400] on METAL1 is 133.915
[2175290 880080 2185290 890160] on METAL2 is 136.22
[2175420 879680 2185160 880480] on VIA12 is 135.228
[2180290 879680 2185290 880480] on METAL1 is 135.228
[2175290 890160 2185290 900240] on METAL2 is 137.356
[2175420 889760 2185160 890560] on VIA12 is 136.45
[2180290 889760 2185290 890560] on METAL1 is 136.45
[2175290 900240 2185290 910320] on METAL2 is 138.404
[2175420 899840 2185160 900640] on VIA12 is 137.583
[2180290 899840 2185290 900640] on METAL1 is 137.583
[2175290 910320 2185290 920400] on METAL2 is 139.366
[2175420 909920 2185160 910720] on VIA12 is 138.629
[2180290 909920 2185290 910720] on METAL1 is 138.629
[2175290 920400 2185290 930480] on METAL2 is 140.242
[2175420 920000 2185160 920800] on VIA12 is 139.588
[2180290 920000 2185290 920800] on METAL1 is 139.588
[2175290 930480 2185290 940560] on METAL2 is 141.032
[2175420 930080 2185160 930880] on VIA12 is 140.461
[2180290 930080 2185290 930880] on METAL1 is 140.461
[2175290 940560 2185290 950640] on METAL2 is 141.74
[2175420 940160 2185160 940960] on VIA12 is 141.249
[2180290 940160 2185290 940960] on METAL1 is 141.249
[2175290 950640 2185290 956230] on METAL2 is 142.086
[2175420 950240 2185160 951040] on VIA12 is 141.953
[2180290 950240 2185290 951040] on METAL1 is 141.953
[2175290 956230 2185290 960720] on METAL2 is 142.239
[2175420 955310 2185160 957150] on VIA23 is 142.409
[2175420 955310 2185160 957150] on VIA34 is 142.732
[2175405 955250 2185175 957210] on VIA45 is 143.2
[2180290 955230 2185290 957230] on METAL5 is 143.2
[2175290 960720 2185290 970800] on METAL2 is 142.5
[2175420 960320 2185160 961120] on VIA12 is 142.451
[2180290 960320 2185290 961120] on METAL1 is 142.451
[2175290 970800 2185290 980880] on METAL2 is 142.679
[2175420 970400 2185160 971200] on VIA12 is 142.712
[2180290 970400 2185290 971200] on METAL1 is 142.712
[2175290 980880 2185290 990960] on METAL2 is 142.776
[2175420 980480 2185160 981280] on VIA12 is 142.891
[2180290 980480 2185290 981280] on METAL1 is 142.891
[2175290 990960 2185290 1001040] on METAL2 is 142.791
[2175420 990560 2185160 991360] on VIA12 is 142.988
[2180290 990560 2185290 991360] on METAL1 is 142.988
[2175290 1001040 2185290 1011120] on METAL2 is 142.791
[2175420 1000640 2185160 1001440] on VIA12 is 143.003
[2180290 1000640 2185290 1001440] on METAL1 is 143.003
[2175290 1011120 2185290 1021200] on METAL2 is 142.724
[2175420 1010720 2185160 1011520] on VIA12 is 142.936
[2180290 1010720 2185290 1011520] on METAL1 is 142.936
[2175290 1021200 2185290 1031280] on METAL2 is 142.574
[2175420 1020800 2185160 1021600] on VIA12 is 142.787
[2180290 1020800 2185290 1021600] on METAL1 is 142.787
[2175290 1031280 2185290 1041360] on METAL2 is 142.343
[2175420 1030880 2185160 1031680] on VIA12 is 142.555
[2180290 1030880 2185290 1031680] on METAL1 is 142.555
[2175290 1041360 2185290 1051440] on METAL2 is 142.028
[2175420 1040960 2185160 1041760] on VIA12 is 142.241
[2180290 1040960 2185290 1041760] on METAL1 is 142.241
[2175290 1051440 2185290 1061520] on METAL2 is 141.632
[2175420 1051040 2185160 1051840] on VIA12 is 141.845
[2180290 1051040 2185290 1051840] on METAL1 is 141.845
[2175290 1061520 2185290 1071600] on METAL2 is 141.153
[2175420 1061120 2185160 1061920] on VIA12 is 141.366
[2180290 1061120 2185290 1061920] on METAL1 is 141.366
[2175290 1071600 2185290 1081680] on METAL2 is 140.591
[2175420 1071200 2185160 1072000] on VIA12 is 140.805
[2180290 1071200 2185290 1072000] on METAL1 is 140.805
[2175290 1081680 2185290 1091760] on METAL2 is 139.946
[2175420 1081280 2185160 1082080] on VIA12 is 140.161
[2180290 1081280 2185290 1082080] on METAL1 is 140.161
[2175290 1091760 2185290 1101840] on METAL2 is 139.218
[2175420 1091360 2185160 1092160] on VIA12 is 139.434
[2180290 1091360 2185290 1092160] on METAL1 is 139.434
[2175290 1101840 2185290 1111920] on METAL2 is 138.407
[2175420 1101440 2185160 1102240] on VIA12 is 138.623
[2180290 1101440 2185290 1102240] on METAL1 is 138.623
[2175290 1111920 2185290 1122000] on METAL2 is 137.513
[2175420 1111520 2185160 1112320] on VIA12 is 137.729
[2180290 1111520 2185290 1112320] on METAL1 is 137.729
[2175290 1122000 2185290 1132080] on METAL2 is 136.534
[2175420 1121600 2185160 1122400] on VIA12 is 136.752
[2180290 1121600 2185290 1122400] on METAL1 is 136.752
[2175290 1132080 2185290 1142160] on METAL2 is 135.471
[2175420 1131680 2185160 1132480] on VIA12 is 135.69
[2180290 1131680 2185290 1132480] on METAL1 is 135.69
[2175290 1142160 2185290 1152240] on METAL2 is 134.324
[2175420 1141760 2185160 1142560] on VIA12 is 134.544
[2180290 1141760 2185290 1142560] on METAL1 is 134.544
[2175420 1151840 2185160 1152640] on VIA12 is 133.312
[2180290 1151840 2185290 1152640] on METAL1 is 133.312
[2175290 517200 2185290 527280] on METAL2 is 16.68
[2175290 507120 2185290 517200] on METAL2 is 10.79
[1917070 497040 1919070 507120] on METAL4 is 67.261
[1917100 506720 1919040 507520] on VIA34 is 67.261
[1917100 506720 1919040 507520] on VIA23 is 66.686
[1917100 506720 1919040 507520] on VIA12 is 66.11
[1918070 506720 2180290 507520] on METAL1 is 65.535
[2180290 506720 2186405 507520] on METAL1 is 1.024
[2186405 506720 2186830 507520] on METAL1 is 6.631e-6
[1917070 486960 1919070 497040] on METAL4 is 64.921
[1917100 496640 1919040 497440] on VIA34 is 64.921
[1917100 496640 1919040 497440] on VIA23 is 64.417
[1917100 496640 1919040 497440] on VIA12 is 63.914
[1918070 496640 2180290 497440] on METAL1 is 63.41
[1677830 496640 1918070 497440] on METAL1 is 98.986
[1676860 496640 1678800 497440] on VIA12 is 99.061
[1676860 496640 1678800 497440] on VIA23 is 99.135
[1676860 496640 1678800 497440] on VIA34 is 99.21
[2180290 496640 2186405 497440] on METAL1 is 1.024
[2186405 496640 2186830 497440] on METAL1 is 6.631e-6
[1917100 486560 1919040 487360] on VIA34 is 62.786
[1917100 486560 1919040 487360] on VIA23 is 62.342
[1917100 486560 1919040 487360] on VIA12 is 61.898
[1918070 486560 2180290 487360] on METAL1 is 61.454
[2180290 486560 2186405 487360] on METAL1 is 1.024
[2186405 486560 2186830 487360] on METAL1 is 6.631e-6
[2180290 516800 2186405 517600] on METAL1 is 1.024
[2186405 516800 2186830 517600] on METAL1 is 6.631e-6
[954820 526880 956760 527680] on VIA12 is 159.662
[954820 526880 956760 527680] on VIA23 is 159.467
[954820 526880 956760 527680] on VIA34 is 159.272
[209150 1202240 209575 1203040] on METAL1 is 9.368e-6
[209575 1222400 215690 1223200] on METAL1 is 1.446
[209150 1222400 209575 1223200] on METAL1 is 9.368e-6
[210690 517200 220690 527280] on METAL2 is 166.519
[210820 526880 220560 527680] on VIA12 is 166.626
[210690 526880 215690 527680] on METAL1 is 166.626
[210690 507120 220690 517200] on METAL2 is 166.242
[210820 516800 220560 517600] on VIA12 is 166.345
[215690 516800 474650 517600] on METAL1 is 169.064
[210690 516800 215690 517600] on METAL1 is 166.345
[473680 516800 475620 517600] on VIA12 is 169.064
[473680 516800 475620 517600] on VIA23 is 168.91
[473680 516800 475620 517600] on VIA34 is 168.755
[473650 507120 475650 517200] on METAL4 is 168.6
[473650 497040 475650 507120] on METAL4 is 167.741
[473680 506720 475620 507520] on VIA34 is 167.897
[473680 506720 475620 507520] on VIA23 is 168.052
[473680 506720 475620 507520] on VIA12 is 168.208
[474650 506720 715550 507520] on METAL1 is 168.208
[215690 506720 474650 507520] on METAL1 is 168.208
[210690 506720 215690 507520] on METAL1 is 166.024
[210820 506720 220560 507520] on VIA12 is 166.024
[210690 497040 220690 507120] on METAL2 is 165.925
[210690 486960 220690 497040] on METAL2 is 165.57
[210820 496640 220560 497440] on VIA12 is 165.664
[215690 496640 474650 497440] on METAL1 is 167.289
[210690 496640 215690 497440] on METAL1 is 165.664
[474650 496640 715550 497440] on METAL1 is 167.289
[473680 496640 475620 497440] on VIA12 is 167.289
[473680 496640 475620 497440] on VIA23 is 167.132
[473680 496640 475620 497440] on VIA34 is 166.976
[473650 486960 475650 497040] on METAL4 is 166.819
[473650 476880 475650 486960] on METAL4 is 165.833
[473680 486560 475620 487360] on VIA34 is 165.992
[473680 486560 475620 487360] on VIA23 is 166.15
[473680 486560 475620 487360] on VIA12 is 166.308
[474650 486560 715550 487360] on METAL1 is 166.308
[215690 486560 474650 487360] on METAL1 is 166.308
[210690 486560 215690 487360] on METAL1 is 165.268
[210820 486560 220560 487360] on VIA12 is 165.268
[210690 476880 220690 486960] on METAL2 is 165.178
[210690 474580 220690 476880] on METAL2 is 164.752
[210820 476480 220560 477280] on VIA12 is 164.837
[215690 476480 474650 477280] on METAL1 is 165.264
[210690 476480 215690 477280] on METAL1 is 164.837
[474650 476480 715550 477280] on METAL1 is 165.264
[473680 476480 475620 477280] on VIA12 is 165.264
[473680 476480 475620 477280] on VIA23 is 165.104
[473680 476480 475620 477280] on VIA34 is 164.943
[473650 474580 475650 476880] on METAL4 is 164.783
[473650 466800 475650 474580] on METAL4 is 164.528
[473670 473600 475630 475560] on VIA45 is 164.528
[474650 473580 715550 475580] on METAL5 is 163.781
[215690 473580 474650 475580] on METAL5 is 164.585
[210690 473580 215690 475580] on METAL5 is 164.585
[210805 473600 220575 475560] on VIA45 is 164.611
[210820 473660 220560 475500] on VIA34 is 164.629
[210820 473660 220560 475500] on VIA23 is 164.647
[210690 466800 220690 474580] on METAL2 is 164.647
[210690 456720 220690 466800] on METAL2 is 164.28
[210820 466400 220560 467200] on VIA12 is 164.361
[215690 466400 474650 467200] on METAL1 is 164.361
[210690 466400 215690 467200] on METAL1 is 164.361
[474650 466400 715550 467200] on METAL1 is 164.345
[473680 466400 475620 467200] on VIA12 is 164.345
[473680 466400 475620 467200] on VIA23 is 164.189
[473680 466400 475620 467200] on VIA34 is 164.033
[473650 456720 475650 466800] on METAL4 is 163.877
[473650 446640 475650 456720] on METAL4 is 162.969
[473680 456320 475620 457120] on VIA34 is 163.119
[473680 456320 475620 457120] on VIA23 is 163.269
[473680 456320 475620 457120] on VIA12 is 163.42
[474650 456320 715550 457120] on METAL1 is 163.42
[215690 456320 474650 457120] on METAL1 is 163.85
[210690 456320 215690 457120] on METAL1 is 163.85
[210820 456320 220560 457120] on VIA12 is 163.85
[210690 446640 220690 456720] on METAL2 is 163.772
[210690 436560 220690 446640] on METAL2 is 163.234
[210820 446240 220560 447040] on VIA12 is 163.308
[215690 446240 474650 447040] on METAL1 is 163.308
[210690 446240 215690 447040] on METAL1 is 163.308
[474650 446240 715550 447040] on METAL1 is 162.434
[473680 446240 475620 447040] on VIA12 is 162.434
[473680 446240 475620 447040] on VIA23 is 162.289
[473680 446240 475620 447040] on VIA34 is 162.144
[473650 436560 475650 446640] on METAL4 is 161.999
[473650 426480 475650 436560] on METAL4 is 160.971
[473680 436160 475620 436960] on VIA34 is 161.111
[473680 436160 475620 436960] on VIA23 is 161.251
[473680 436160 475620 436960] on VIA12 is 161.391
[474650 436160 715550 436960] on METAL1 is 161.391
[215690 436160 474650 436960] on METAL1 is 162.738
[210690 436160 215690 436960] on METAL1 is 162.738
[210820 436160 220560 436960] on VIA12 is 162.738
[210690 426480 220690 436560] on METAL2 is 162.668
[210690 416400 220690 426480] on METAL2 is 162.074
[210820 426080 220560 426880] on VIA12 is 162.14
[215690 426080 474650 426880] on METAL1 is 162.14
[210690 426080 215690 426880] on METAL1 is 162.14
[474650 426080 715550 426880] on METAL1 is 160.291
[473680 426080 475620 426880] on VIA12 is 160.291
[473680 426080 475620 426880] on VIA23 is 160.156
[473680 426080 475620 426880] on VIA34 is 160.021
[473650 416400 475650 426480] on METAL4 is 159.886
[473650 406320 475650 416400] on METAL4 is 158.746
[473680 416000 475620 416800] on VIA34 is 158.876
[473680 416000 475620 416800] on VIA23 is 159.006
[473680 416000 475620 416800] on VIA12 is 159.136
[474650 416000 715550 416800] on METAL1 is 159.136
[215690 416000 474650 416800] on METAL1 is 161.517
[210690 416000 215690 416800] on METAL1 is 161.517
[210820 416000 220560 416800] on VIA12 is 161.517
[210690 406320 220690 416400] on METAL2 is 161.455
[210690 396240 220690 406320] on METAL2 is 160.811
[210820 405920 220560 406720] on VIA12 is 160.869
[215690 405920 474650 406720] on METAL1 is 160.869
[210690 405920 215690 406720] on METAL1 is 160.869
[474650 405920 715550 406720] on METAL1 is 157.929
[473680 405920 475620 406720] on VIA12 is 157.929
[473680 405920 475620 406720] on VIA23 is 157.803
[473680 405920 475620 406720] on VIA34 is 157.678
[473650 396240 475650 406320] on METAL4 is 157.552
[473650 386160 475650 396240] on METAL4 is 156.308
[473680 395840 475620 396640] on VIA34 is 156.429
[473680 395840 475620 396640] on VIA23 is 156.549
[473680 395840 475620 396640] on VIA12 is 156.67
[474650 395840 715550 396640] on METAL1 is 156.67
[215690 395840 474650 396640] on METAL1 is 160.198
[210690 395840 215690 396640] on METAL1 is 160.198
[210820 395840 220560 396640] on VIA12 is 160.198
[210690 386160 220690 396240] on METAL2 is 160.146
[210690 376080 220690 386160] on METAL2 is 159.46
[210820 385760 220560 386560] on VIA12 is 159.507
[215690 385760 474650 386560] on METAL1 is 159.507
[210690 385760 215690 386560] on METAL1 is 159.507
[474650 385760 715550 386560] on METAL1 is 155.362
[473680 385760 475620 386560] on VIA12 is 155.362
[473680 385760 475620 386560] on VIA23 is 155.246
[473680 385760 475620 386560] on VIA34 is 155.13
[473650 376080 475650 386160] on METAL4 is 155.014
[473650 366000 475650 376080] on METAL4 is 153.674
[473680 375680 475620 376480] on VIA34 is 153.784
[473680 375680 475620 376480] on VIA23 is 153.895
[473680 375680 475620 376480] on VIA12 is 154.006
[474650 375680 715550 376480] on METAL1 is 154.006
[215690 375680 474650 376480] on METAL1 is 158.798
[210690 375680 215690 376480] on METAL1 is 158.798
[210820 375680 220560 376480] on VIA12 is 158.798
[210690 366000 220690 376080] on METAL2 is 158.755
[210690 355920 220690 366000] on METAL2 is 158.034
[210820 365600 220560 366400] on VIA12 is 158.071
[215690 365600 474650 366400] on METAL1 is 158.071
[210690 365600 215690 366400] on METAL1 is 158.071
[474650 365600 715550 366400] on METAL1 is 152.604
[473680 365600 475620 366400] on VIA12 is 152.604
[473680 365600 475620 366400] on VIA23 is 152.499
[473680 365600 475620 366400] on VIA34 is 152.393
[473650 355920 475650 366000] on METAL4 is 152.288
[473650 345840 475650 355920] on METAL4 is 150.859
[473680 355520 475620 356320] on VIA34 is 150.959
[473680 355520 475620 356320] on VIA23 is 151.059
[473680 355520 475620 356320] on VIA12 is 151.158
[474650 355520 715550 356320] on METAL1 is 151.158
[215690 355520 474650 356320] on METAL1 is 157.33
[210690 355520 215690 356320] on METAL1 is 157.33
[210820 355520 220560 356320] on VIA12 is 157.33
[210690 345840 220690 355920] on METAL2 is 157.299
[210690 335760 220690 345840] on METAL2 is 156.551
[210820 345440 220560 346240] on VIA12 is 156.577
[215690 345440 474650 346240] on METAL1 is 156.577
[210690 345440 215690 346240] on METAL1 is 156.577
[474650 345440 715550 346240] on METAL1 is 149.671
[473680 345440 475620 346240] on VIA12 is 149.671
[473680 345440 475620 346240] on VIA23 is 149.577
[473680 345440 475620 346240] on VIA34 is 149.484
[473650 335760 475650 345840] on METAL4 is 149.39
[473650 325680 475650 335760] on METAL4 is 147.882
[473680 335360 475620 336160] on VIA34 is 147.97
[473680 335360 475620 336160] on VIA23 is 148.057
[473680 335360 475620 336160] on VIA12 is 148.145
[474650 335360 715550 336160] on METAL1 is 148.145
[215690 335360 474650 336160] on METAL1 is 155.813
[210690 335360 215690 336160] on METAL1 is 155.813
[210820 335360 220560 336160] on VIA12 is 155.813
[210690 325680 220690 335760] on METAL2 is 155.794
[210690 315600 220690 325680] on METAL2 is 155.029
[210820 325280 220560 326080] on VIA12 is 155.042
[215690 325280 474650 326080] on METAL1 is 155.042
[210690 325280 215690 326080] on METAL1 is 155.042
[474650 325280 715550 326080] on METAL1 is 146.581
[473680 325280 475620 326080] on VIA12 is 146.581
[473680 325280 475620 326080] on VIA23 is 146.501
[473680 325280 475620 326080] on VIA34 is 146.42
[473650 315600 475650 325680] on METAL4 is 146.339
[473650 305520 475650 315600] on METAL4 is 144.763
[473680 315200 475620 316000] on VIA34 is 144.837
[473680 315200 475620 316000] on VIA23 is 144.91
[473680 315200 475620 316000] on VIA12 is 144.984
[474650 315200 715550 316000] on METAL1 is 144.984
[215690 315200 474650 316000] on METAL1 is 154.265
[210690 315200 215690 316000] on METAL1 is 154.265
[210820 315200 220560 316000] on VIA12 is 154.265
[210690 305520 220690 315600] on METAL2 is 154.259
[210690 295440 220690 305520] on METAL2 is 153.486
[210820 305120 220560 305920] on VIA12 is 153.486
[215690 305120 474650 305920] on METAL1 is 153.486
[210690 305120 215690 305920] on METAL1 is 153.486
[474650 305120 715550 305920] on METAL1 is 143.355
[473680 305120 475620 305920] on VIA12 is 143.355
[473680 305120 475620 305920] on VIA23 is 143.289
[473680 305120 475620 305920] on VIA34 is 143.223
[473650 295440 475650 305520] on METAL4 is 143.157
[473650 285360 475650 295440] on METAL4 is 141.524
[473680 295040 475620 295840] on VIA34 is 141.582
[473680 295040 475620 295840] on VIA23 is 141.64
[473680 295040 475620 295840] on VIA12 is 141.699
[474650 295040 715550 295840] on METAL1 is 141.699
[215690 295040 474650 295840] on METAL1 is 152.706
[210690 295040 215690 295840] on METAL1 is 152.706
[210820 295040 220560 295840] on VIA12 is 152.714
[210690 285360 220690 295440] on METAL2 is 152.714
[210690 275280 220690 285360] on METAL2 is 151.944
[210820 284960 220560 285760] on VIA12 is 151.944
[215690 284960 474650 285760] on METAL1 is 151.93
[210690 284960 215690 285760] on METAL1 is 151.93
[474650 284960 715550 285760] on METAL1 is 140.018
[473680 284960 475620 285760] on VIA12 is 140.018
[473680 284960 475620 285760] on VIA23 is 139.967
[473680 284960 475620 285760] on VIA34 is 139.917
[473650 275280 475650 285360] on METAL4 is 139.867
[473650 265200 475650 275280] on METAL4 is 138.19
[473680 274880 475620 275680] on VIA34 is 138.232
[473680 274880 475620 275680] on VIA23 is 138.273
[473680 274880 475620 275680] on VIA12 is 138.315
[474650 274880 715550 275680] on METAL1 is 138.315
[215690 274880 474650 275680] on METAL1 is 151.158
[210690 274880 215690 275680] on METAL1 is 151.158
[210820 274880 220560 275680] on VIA12 is 151.181
[210690 265200 220690 275280] on METAL2 is 151.181
[210690 255120 220690 265200] on METAL2 is 150.425
[210820 264800 220560 265600] on VIA12 is 150.425
[215690 264800 474650 265600] on METAL1 is 150.395
[210690 264800 215690 265600] on METAL1 is 150.395
[474650 264800 715550 265600] on METAL1 is 136.596
[473680 264800 475620 265600] on VIA12 is 136.596
[473680 264800 475620 265600] on VIA23 is 136.562
[473680 264800 475620 265600] on VIA34 is 136.529
[473650 255120 475650 265200] on METAL4 is 136.495
[473650 245040 475650 255120] on METAL4 is 134.787
[473680 254720 475620 255520] on VIA34 is 134.813
[473680 254720 475620 255520] on VIA23 is 134.838
[473680 254720 475620 255520] on VIA12 is 134.863
[474650 254720 715550 255520] on METAL1 is 134.863
[215690 254720 474650 255520] on METAL1 is 149.644
[210690 254720 215690 255520] on METAL1 is 149.644
[210820 254720 220560 255520] on VIA12 is 149.682
[210690 245040 220690 255120] on METAL2 is 149.682
[210690 215690 220690 245040] on METAL2 is 148.953
[210820 244640 220560 245440] on VIA12 is 148.953
[215690 244640 474650 245440] on METAL1 is 148.907
[210690 244640 215690 245440] on METAL1 is 148.907
[474650 244640 715550 245440] on METAL1 is 133.122
[473680 244640 475620 245440] on VIA12 is 133.122
[473680 244640 475620 245440] on VIA23 is 133.104
[473680 244640 475620 245440] on VIA34 is 133.087
[473650 215690 475650 245040] on METAL4 is 133.069
[473650 210690 475650 215690] on METAL4 is 128.045
[473680 210870 475620 220510] on VIA34 is 128.045
[474650 210690 715550 220690] on METAL3 is 127.599
[215690 210690 474650 220690] on METAL3 is 146.679
[210690 210690 215690 220690] on METAL3 is 146.679
[210820 210870 220560 220510] on VIA23 is 146.881
[210690 210690 220690 215690] on METAL2 is 146.881
[715550 210690 955790 220690] on METAL3 is 100.851
[714580 210870 716520 220510] on VIA34 is 101.56
[714550 210690 716550 215690] on METAL4 is 101.56
[714550 215690 716550 245040] on METAL4 is 109.553
[714550 245040 716550 255120] on METAL4 is 112.308
[714580 244640 716520 245440] on VIA34 is 109.553
[714580 244640 716520 245440] on VIA23 is 109.531
[714580 244640 716520 245440] on VIA12 is 109.508
[715550 244640 955790 245440] on METAL1 is 109.485
[955790 244640 1196690 245440] on METAL1 is 76
[954820 244640 956760 245440] on VIA12 is 76
[954820 244640 956760 245440] on VIA23 is 75.815
[954820 244640 956760 245440] on VIA34 is 75.631
[954790 215690 956790 245040] on METAL4 is 75.446
[954790 245040 956790 255120] on METAL4 is 80.135
[954790 255120 956790 265200] on METAL4 is 84.723
[954820 254720 956760 255520] on VIA34 is 80.383
[954820 254720 956760 255520] on VIA23 is 80.631
[954820 254720 956760 255520] on VIA12 is 80.879
[955790 254720 1196690 255520] on METAL1 is 80.879
[715550 254720 955790 255520] on METAL1 is 112.35
[714580 254720 716520 255520] on VIA12 is 112.35
[714580 254720 716520 255520] on VIA23 is 112.336
[714580 254720 716520 255520] on VIA34 is 112.322
[714550 255120 716550 265200] on METAL4 is 115.057
[714550 265200 716550 275280] on METAL4 is 117.787
[714580 264800 716520 265600] on VIA34 is 115.103
[714580 264800 716520 265600] on VIA23 is 115.148
[714580 264800 716520 265600] on VIA12 is 115.194
[715550 264800 955790 265600] on METAL1 is 115.194
[955790 264800 1196690 265600] on METAL1 is 85.605
[954820 264800 956760 265600] on VIA12 is 85.605
[954820 264800 956760 265600] on VIA23 is 85.311
[954820 264800 956760 265600] on VIA34 is 85.017
[954790 265200 956790 275280] on METAL4 is 89.191
[954790 275280 956790 285360] on METAL4 is 93.526
[954820 274880 956760 275680] on VIA34 is 89.518
[954820 274880 956760 275680] on VIA23 is 89.845
[954820 274880 956760 275680] on VIA12 is 90.171
[955790 274880 1196690 275680] on METAL1 is 90.171
[715550 274880 955790 275680] on METAL1 is 118.006
[714580 274880 716520 275680] on VIA12 is 118.006
[714580 274880 716520 275680] on VIA23 is 117.933
[714580 274880 716520 275680] on VIA34 is 117.86
[714550 275280 716550 285360] on METAL4 is 120.487
[714550 285360 716550 295440] on METAL4 is 123.148
[714580 284960 716520 285760] on VIA34 is 120.584
[714580 284960 716520 285760] on VIA23 is 120.68
[714580 284960 716520 285760] on VIA12 is 120.777
[715550 284960 955790 285760] on METAL1 is 120.777
[955790 284960 1196690 285760] on METAL1 is 94.572
[954820 284960 956760 285760] on VIA12 is 94.572
[954820 284960 956760 285760] on VIA23 is 94.223
[954820 284960 956760 285760] on VIA34 is 93.875
[954790 285360 956790 295440] on METAL4 is 97.72
[954790 295440 956790 305520] on METAL4 is 101.766
[954820 295040 956760 295840] on VIA34 is 98.082
[954820 295040 956760 295840] on VIA23 is 98.443
[954820 295040 956760 295840] on VIA12 is 98.805
[955790 295040 1196690 295840] on METAL1 is 98.805
[715550 295040 955790 295840] on METAL1 is 123.497
[714580 295040 716520 295840] on VIA12 is 123.497
[714580 295040 716520 295840] on VIA23 is 123.381
[714580 295040 716520 295840] on VIA34 is 123.265
[714550 295440 716550 305520] on METAL4 is 125.762
[714550 305520 716550 315600] on METAL4 is 128.322
[714580 305120 716520 305920] on VIA34 is 125.895
[714580 305120 716520 305920] on VIA23 is 126.027
[714580 305120 716520 305920] on VIA12 is 126.16
[715550 305120 955790 305920] on METAL1 is 126.16
[955790 305120 1196690 305920] on METAL1 is 102.871
[954820 305120 956760 305920] on VIA12 is 102.871
[954820 305120 956760 305920] on VIA23 is 102.503
[954820 305120 956760 305920] on VIA34 is 102.134
[954790 305520 956790 315600] on METAL4 is 105.662
[954790 315600 956790 325680] on METAL4 is 109.407
[954820 315200 956760 316000] on VIA34 is 106.032
[954820 315200 956760 316000] on VIA23 is 106.402
[954820 315200 956760 316000] on VIA12 is 106.772
[955790 315200 1196690 316000] on METAL1 is 106.772
[715550 315200 955790 316000] on METAL1 is 128.761
[714580 315200 716520 316000] on VIA12 is 128.761
[714580 315200 716520 316000] on VIA23 is 128.614
[714580 315200 716520 316000] on VIA34 is 128.468
[714550 315600 716550 325680] on METAL4 is 130.823
[714550 325680 716550 335760] on METAL4 is 133.259
[714580 325280 716520 326080] on VIA34 is 130.98
[714580 325280 716520 326080] on VIA23 is 131.137
[714580 325280 716520 326080] on VIA12 is 131.294
[715550 325280 955790 326080] on METAL1 is 131.294
[955790 325280 1196690 326080] on METAL1 is 110.51
[954820 325280 956760 326080] on VIA12 is 110.51
[954820 325280 956760 326080] on VIA23 is 110.143
[954820 325280 956760 326080] on VIA34 is 109.775
[954790 325680 956790 335760] on METAL4 is 113.003
[954790 335760 956790 345840] on METAL4 is 116.451
[954820 335360 956760 336160] on VIA34 is 113.365
[954820 335360 956760 336160] on VIA23 is 113.728
[954820 335360 956760 336160] on VIA12 is 114.09
[955790 335360 1196690 336160] on METAL1 is 114.09
[715550 335360 955790 336160] on METAL1 is 133.758
[714580 335360 716520 336160] on VIA12 is 133.758
[714580 335360 716520 336160] on VIA23 is 133.591
[714580 335360 716520 336160] on VIA34 is 133.425
[714550 335760 716550 345840] on METAL4 is 135.627
[714550 345840 716550 355920] on METAL4 is 137.925
[714580 345440 716520 346240] on VIA34 is 135.801
[714580 345440 716520 346240] on VIA23 is 135.974
[714580 345440 716520 346240] on VIA12 is 136.148
[715550 345440 955790 346240] on METAL1 is 136.148
[955790 345440 1196690 346240] on METAL1 is 117.516
[954820 345440 956760 346240] on VIA12 is 117.516
[954820 345440 956760 346240] on VIA23 is 117.161
[954820 345440 956760 346240] on VIA34 is 116.806
[954790 345840 956790 355920] on METAL4 is 119.754
[954790 355920 956790 366000] on METAL4 is 122.917
[954820 355520 956760 356320] on VIA34 is 120.1
[954820 355520 956760 356320] on VIA23 is 120.446
[954820 355520 956760 356320] on VIA12 is 120.792
[955790 355520 1196690 356320] on METAL1 is 120.792
[715550 355520 955790 356320] on METAL1 is 138.463
[714580 355520 716520 356320] on VIA12 is 138.463
[714580 355520 716520 356320] on VIA23 is 138.284
[714580 355520 716520 356320] on VIA34 is 138.104
[714550 355920 716550 366000] on METAL4 is 140.15
[714550 366000 716550 376080] on METAL4 is 142.301
[714580 365600 716520 366400] on VIA34 is 140.334
[714580 365600 716520 366400] on VIA23 is 140.517
[714580 365600 716520 366400] on VIA12 is 140.701
[715550 365600 955790 366400] on METAL1 is 140.701
[955790 365600 1196690 366400] on METAL1 is 123.924
[954820 365600 956760 366400] on VIA12 is 123.924
[954820 365600 956760 366400] on VIA23 is 123.589
[954820 365600 956760 366400] on VIA34 is 123.253
[954790 366000 956790 376080] on METAL4 is 125.943
[954790 376080 956790 386160] on METAL4 is 128.837
[954820 375680 956760 376480] on VIA34 is 126.268
[954820 375680 956760 376480] on VIA23 is 126.593
[954820 375680 956760 376480] on VIA12 is 126.918
[955790 375680 1196690 376480] on METAL1 is 126.918
[715550 375680 955790 376480] on METAL1 is 142.86
[714580 375680 716520 376480] on VIA12 is 142.86
[714580 375680 716520 376480] on VIA23 is 142.674
[714580 375680 716520 376480] on VIA34 is 142.487
[714550 376080 716550 386160] on METAL4 is 144.375
[714550 386160 716550 396240] on METAL4 is 146.372
[714580 385760 716520 386560] on VIA34 is 144.564
[714580 385760 716520 386560] on VIA23 is 144.753
[714580 385760 716520 386560] on VIA12 is 144.942
[715550 385760 955790 386560] on METAL1 is 144.942
[955790 385760 1196690 386560] on METAL1 is 129.777
[954820 385760 956760 386560] on VIA12 is 129.777
[954820 385760 956760 386560] on VIA23 is 129.464
[954820 385760 956760 386560] on VIA34 is 129.15
[954790 386160 956790 396240] on METAL4 is 131.603
[954790 396240 956790 406320] on METAL4 is 134.246
[954820 395840 956760 396640] on VIA34 is 131.905
[954820 395840 956760 396640] on VIA23 is 132.207
[954820 395840 956760 396640] on VIA12 is 132.509
[955790 395840 1196690 396640] on METAL1 is 132.509
[715550 395840 955790 396640] on METAL1 is 146.944
[714580 395840 716520 396640] on VIA12 is 146.944
[714580 395840 716520 396640] on VIA23 is 146.753
[714580 395840 716520 396640] on VIA34 is 146.563
[714550 396240 716550 406320] on METAL4 is 148.292
[714550 406320 716550 416400] on METAL4 is 150.134
[714580 405920 716520 406720] on VIA34 is 148.484
[714580 405920 716520 406720] on VIA23 is 148.675
[714580 405920 716520 406720] on VIA12 is 148.866
[715550 405920 955790 406720] on METAL1 is 148.866
[955790 405920 1196690 406720] on METAL1 is 135.118
[954820 405920 956760 406720] on VIA12 is 135.118
[954820 405920 956760 406720] on VIA23 is 134.827
[954820 405920 956760 406720] on VIA34 is 134.536
[954790 406320 956790 416400] on METAL4 is 136.771
[954790 416400 956790 426480] on METAL4 is 139.182
[954820 416000 956760 416800] on VIA34 is 137.05
[954820 416000 956760 416800] on VIA23 is 137.329
[954820 416000 956760 416800] on VIA12 is 137.608
[955790 416000 1196690 416800] on METAL1 is 137.608
[715550 416000 955790 416800] on METAL1 is 150.71
[714580 416000 716520 416800] on VIA12 is 150.71
[714580 416000 716520 416800] on VIA23 is 150.518
[714580 416000 716520 416800] on VIA34 is 150.326
[714550 416400 716550 426480] on METAL4 is 151.898
[714550 426480 716550 436560] on METAL4 is 153.583
[714580 426080 716520 426880] on VIA34 is 152.09
[714580 426080 716520 426880] on VIA23 is 152.282
[714580 426080 716520 426880] on VIA12 is 152.474
[715550 426080 955790 426880] on METAL1 is 152.474
[955790 426080 1196690 426880] on METAL1 is 139.986
[954820 426080 956760 426880] on VIA12 is 139.986
[954820 426080 956760 426880] on VIA23 is 139.718
[954820 426080 956760 426880] on VIA34 is 139.45
[954790 426480 956790 436560] on METAL4 is 141.484
[954790 436560 956790 446640] on METAL4 is 143.681
[954820 436160 956760 436960] on VIA34 is 141.741
[954820 436160 956760 436960] on VIA23 is 141.998
[954820 436160 956760 436960] on VIA12 is 142.256
[955790 436160 1196690 436960] on METAL1 is 142.256
[715550 436160 955790 436960] on METAL1 is 154.16
[714580 436160 716520 436960] on VIA12 is 154.16
[714580 436160 716520 436960] on VIA23 is 153.967
[714580 436160 716520 436960] on VIA34 is 153.775
[714550 436560 716550 446640] on METAL4 is 155.19
[714550 446640 716550 456720] on METAL4 is 156.719
[714580 446240 716520 447040] on VIA34 is 155.382
[714580 446240 716520 447040] on VIA23 is 155.574
[714580 446240 716520 447040] on VIA12 is 155.766
[715550 446240 955790 447040] on METAL1 is 155.766
[955790 446240 1196690 447040] on METAL1 is 144.422
[954820 446240 956760 447040] on VIA12 is 144.422
[954820 446240 956760 447040] on VIA23 is 144.175
[954820 446240 956760 447040] on VIA34 is 143.928
[954790 446640 956790 456720] on METAL4 is 145.777
[954790 456720 956790 466800] on METAL4 is 147.777
[954820 456320 956760 457120] on VIA34 is 146.014
[954820 456320 956760 457120] on VIA23 is 146.252
[954820 456320 956760 457120] on VIA12 is 146.489
[955790 456320 1196690 457120] on METAL1 is 146.489
[715550 456320 955790 457120] on METAL1 is 157.295
[714580 456320 716520 457120] on VIA12 is 157.295
[714580 456320 716520 457120] on VIA23 is 157.103
[714580 456320 716520 457120] on VIA34 is 156.911
[714550 456720 716550 466800] on METAL4 is 158.17
[714550 466800 716550 474580] on METAL4 is 159.229
[714580 466400 716520 467200] on VIA34 is 158.362
[714580 466400 716520 467200] on VIA23 is 158.554
[714580 466400 716520 467200] on VIA12 is 158.745
[715550 466400 955790 467200] on METAL1 is 158.745
[955790 466400 1196690 467200] on METAL1 is 148.46
[954820 466400 956760 467200] on VIA12 is 148.46
[954820 466400 956760 467200] on VIA23 is 148.233
[954820 466400 956760 467200] on VIA34 is 148.005
[954790 466800 956790 474580] on METAL4 is 149.249
[954790 474580 956790 476880] on METAL4 is 149.734
[954810 473600 956770 475560] on VIA45 is 149.249
[955790 473580 1196690 475580] on METAL5 is 148.589
[715550 473580 955790 475580] on METAL5 is 158.474
[714570 473600 716530 475560] on VIA45 is 159.229
[714550 474580 716550 476880] on METAL4 is 159.605
[714550 476880 716550 486960] on METAL4 is 161.176
[714580 476480 716520 477280] on VIA34 is 159.797
[714580 476480 716520 477280] on VIA23 is 159.988
[714580 476480 716520 477280] on VIA12 is 160.179
[715550 476480 955790 477280] on METAL1 is 160.179
[955790 476480 1196690 477280] on METAL1 is 150.393
[954820 476480 956760 477280] on VIA12 is 150.393
[954820 476480 956760 477280] on VIA23 is 150.173
[954820 476480 956760 477280] on VIA34 is 149.954
[954790 476880 956790 486960] on METAL4 is 151.772
[954790 486960 956790 497040] on METAL4 is 153.724
[954820 486560 956760 487360] on VIA34 is 151.986
[954820 486560 956760 487360] on VIA23 is 152.2
[954820 486560 956760 487360] on VIA12 is 152.413
[955790 486560 1196690 487360] on METAL1 is 152.413
[715550 486560 955790 487360] on METAL1 is 161.742
[714580 486560 716520 487360] on VIA12 is 161.742
[714580 486560 716520 487360] on VIA23 is 161.553
[714580 486560 716520 487360] on VIA34 is 161.364
[714550 486960 716550 497040] on METAL4 is 162.669
[714550 497040 716550 507120] on METAL4 is 164.086
[714580 496640 716520 497440] on VIA34 is 162.855
[714580 496640 716520 497440] on VIA23 is 163.042
[714580 496640 716520 497440] on VIA12 is 163.228
[715550 496640 955790 497440] on METAL1 is 163.228
[954820 496640 956760 497440] on VIA12 is 154.348
[954820 496640 956760 497440] on VIA23 is 154.14
[954820 496640 956760 497440] on VIA34 is 153.932
[714580 506720 716520 507520] on VIA34 is 164.271
[714580 506720 716520 507520] on VIA23 is 164.455
[714580 506720 716520 507520] on VIA12 is 164.64
[1195720 486560 1197660 487360] on VIA12 is 138.874
[1195720 486560 1197660 487360] on VIA23 is 138.665
[1195720 486560 1197660 487360] on VIA34 is 138.455
[1195690 476880 1197690 486960] on METAL4 is 138.245
[1195690 474580 1197690 476880] on METAL4 is 135.879
[1195720 476480 1197660 477280] on VIA34 is 136.099
[1195720 476480 1197660 477280] on VIA23 is 136.319
[1195720 476480 1197660 477280] on VIA12 is 136.54
[1196690 476480 1436930 477280] on METAL1 is 136.54
[1435960 476480 1437900 477280] on VIA12 is 118.714
[1435960 476480 1437900 477280] on VIA23 is 118.592
[1435960 476480 1437900 477280] on VIA34 is 118.47
[1435930 474580 1437930 476880] on METAL4 is 118.348
[1435930 466800 1437930 474580] on METAL4 is 117.786
[1435950 473600 1437910 475560] on VIA45 is 117.786
[1436930 473580 1677830 475580] on METAL5 is 116.741
[1196690 473580 1436930 475580] on METAL5 is 134.657
[1195710 473600 1197670 475560] on VIA45 is 135.318
[1195690 466800 1197690 474580] on METAL4 is 135.318
[1195690 456720 1197690 466800] on METAL4 is 133.594
[1195720 466400 1197660 467200] on VIA34 is 133.832
[1195720 466400 1197660 467200] on VIA23 is 134.071
[1195720 466400 1197660 467200] on VIA12 is 134.309
[1196690 466400 1436930 467200] on METAL1 is 134.309
[1436930 466400 1677830 467200] on METAL1 is 116.629
[1435960 466400 1437900 467200] on VIA12 is 116.629
[1435960 466400 1437900 467200] on VIA23 is 116.494
[1435960 466400 1437900 467200] on VIA34 is 116.358
[1435930 456720 1437930 466800] on METAL4 is 116.223
[1435930 446640 1437930 456720] on METAL4 is 114.143
[1435960 456320 1437900 457120] on VIA34 is 114.294
[1435960 456320 1437900 457120] on VIA23 is 114.444
[1435960 456320 1437900 457120] on VIA12 is 114.595
[1436930 456320 1677830 457120] on METAL1 is 114.595
[1196690 456320 1436930 457120] on METAL1 is 132.043
[1195720 456320 1197660 457120] on VIA12 is 132.043
[1195720 456320 1197660 457120] on VIA23 is 131.783
[1195720 456320 1197660 457120] on VIA34 is 131.522
[1195690 446640 1197690 456720] on METAL4 is 131.262
[1195690 436560 1197690 446640] on METAL4 is 128.824
[1195720 446240 1197660 447040] on VIA34 is 129.108
[1195720 446240 1197660 447040] on VIA23 is 129.392
[1195720 446240 1197660 447040] on VIA12 is 129.676
[1196690 446240 1436930 447040] on METAL1 is 129.676
[1436930 446240 1677830 447040] on METAL1 is 112.503
[1435960 446240 1437900 447040] on VIA12 is 112.503
[1435960 446240 1437900 447040] on VIA23 is 112.335
[1435960 446240 1437900 447040] on VIA34 is 112.168
[1435930 436560 1437930 446640] on METAL4 is 112.001
[1435930 426480 1437930 436560] on METAL4 is 109.791
[1435960 436160 1437900 436960] on VIA34 is 109.975
[1435960 436160 1437900 436960] on VIA23 is 110.159
[1435960 436160 1437900 436960] on VIA12 is 110.343
[1436930 436160 1677830 436960] on METAL1 is 110.343
[1196690 436160 1436930 436960] on METAL1 is 127.2
[1195720 436160 1197660 436960] on VIA12 is 127.2
[1195720 436160 1197660 436960] on VIA23 is 126.891
[1195720 436160 1197660 436960] on VIA34 is 126.581
[1195690 426480 1197690 436560] on METAL4 is 126.271
[1195690 416400 1197690 426480] on METAL4 is 123.592
[1195720 426080 1197660 426880] on VIA34 is 123.93
[1195720 426080 1197660 426880] on VIA23 is 124.268
[1195720 426080 1197660 426880] on VIA12 is 124.606
[1196690 426080 1436930 426880] on METAL1 is 124.606
[1436930 426080 1677830 426880] on METAL1 is 108.11
[1435960 426080 1437900 426880] on VIA12 is 108.11
[1435960 426080 1437900 426880] on VIA23 is 107.909
[1435960 426080 1437900 426880] on VIA34 is 107.708
[1435930 416400 1437930 426480] on METAL4 is 107.506
[1435930 406320 1437930 416400] on METAL4 is 105.14
[1435960 416000 1437900 416800] on VIA34 is 105.359
[1435960 416000 1437900 416800] on VIA23 is 105.577
[1435960 416000 1437900 416800] on VIA12 is 105.796
[1436930 416000 1677830 416800] on METAL1 is 105.796
[1196690 416000 1436930 416800] on METAL1 is 121.882
[1195720 416000 1197660 416800] on VIA12 is 121.882
[1195720 416000 1197660 416800] on VIA23 is 121.513
[1195720 416000 1197660 416800] on VIA34 is 121.144
[1195690 406320 1197690 416400] on METAL4 is 120.775
[1195690 396240 1197690 406320] on METAL4 is 117.808
[1195720 405920 1197660 406720] on VIA34 is 118.211
[1195720 405920 1197660 406720] on VIA23 is 118.615
[1195720 405920 1197660 406720] on VIA12 is 119.018
[1196690 405920 1436930 406720] on METAL1 is 119.018
[1436930 405920 1677830 406720] on METAL1 is 103.394
[1435960 405920 1437900 406720] on VIA12 is 103.394
[1435960 405920 1437900 406720] on VIA23 is 103.157
[1435960 405920 1437900 406720] on VIA34 is 102.92
[1435930 396240 1437930 406320] on METAL4 is 102.684
[1435930 386160 1437930 396240] on METAL4 is 100.132
[1435960 395840 1437900 396640] on VIA34 is 100.386
[1435960 395840 1437900 396640] on VIA23 is 100.64
[1435960 395840 1437900 396640] on VIA12 is 100.894
[1436930 395840 1677830 396640] on METAL1 is 100.894
[1196690 395840 1436930 396640] on METAL1 is 116.001
[1195720 395840 1197660 396640] on VIA12 is 116.001
[1195720 395840 1197660 396640] on VIA23 is 115.559
[1195720 395840 1197660 396640] on VIA34 is 115.118
[1195690 386160 1197690 396240] on METAL4 is 114.677
[1195690 376080 1197690 386160] on METAL4 is 111.365
[1195720 385760 1197660 386560] on VIA34 is 111.849
[1195720 385760 1197660 386560] on VIA23 is 112.333
[1195720 385760 1197660 386560] on VIA12 is 112.817
[1196690 385760 1436930 386560] on METAL1 is 112.817
[1436930 385760 1677830 386560] on METAL1 is 98.29
[1435960 385760 1437900 386560] on VIA12 is 98.29
[1435960 385760 1437900 386560] on VIA23 is 98.019
[1435960 385760 1437900 386560] on VIA34 is 97.747
[1435930 376080 1437930 386160] on METAL4 is 97.476
[1435930 366000 1437930 376080] on METAL4 is 94.71
[1435960 375680 1437900 376480] on VIA34 is 94.998
[1435960 375680 1437900 376480] on VIA23 is 95.286
[1435960 375680 1437900 376480] on VIA12 is 95.575
[1436930 375680 1677830 376480] on METAL1 is 95.575
[1196690 375680 1436930 376480] on METAL1 is 109.452
[1195720 375680 1197660 376480] on VIA12 is 109.452
[1195720 375680 1197660 376480] on VIA23 is 108.92
[1195720 375680 1197660 376480] on VIA34 is 108.389
[1195690 366000 1197690 376080] on METAL4 is 107.857
[1195690 355920 1197690 366000] on METAL4 is 104.132
[1195720 365600 1197660 366400] on VIA34 is 104.717
[1195720 365600 1197660 366400] on VIA23 is 105.302
[1195720 365600 1197660 366400] on VIA12 is 105.887
[1196690 365600 1436930 366400] on METAL1 is 105.887
[1436930 365600 1677830 366400] on METAL1 is 92.739
[1435960 365600 1437900 366400] on VIA12 is 92.739
[1435960 365600 1437900 366400] on VIA23 is 92.435
[1435960 365600 1437900 366400] on VIA34 is 92.13
[1435930 355920 1437930 366000] on METAL4 is 91.826
[1435930 345840 1437930 355920] on METAL4 is 88.818
[1435960 355520 1437900 356320] on VIA34 is 89.138
[1435960 355520 1437900 356320] on VIA23 is 89.457
[1435960 355520 1437900 356320] on VIA12 is 89.776
[1436930 355520 1677830 356320] on METAL1 is 89.776
[1196690 355520 1436930 356320] on METAL1 is 102.106
[1195720 355520 1197660 356320] on VIA12 is 102.106
[1195720 355520 1197660 356320] on VIA23 is 101.46
[1195720 355520 1197660 356320] on VIA34 is 100.815
[1195690 345840 1197690 355920] on METAL4 is 100.169
[1195690 335760 1197690 345840] on METAL4 is 95.944
[1195720 345440 1197660 346240] on VIA34 is 96.658
[1195720 345440 1197660 346240] on VIA23 is 97.372
[1195720 345440 1197660 346240] on VIA12 is 98.086
[1196690 345440 1436930 346240] on METAL1 is 98.086
[1436930 345440 1677830 346240] on METAL1 is 86.679
[1435960 345440 1437900 346240] on VIA12 is 86.679
[1435960 345440 1437900 346240] on VIA23 is 86.346
[1435960 345440 1437900 346240] on VIA34 is 86.013
[1435930 335760 1437930 345840] on METAL4 is 85.681
[1435930 325680 1437930 335760] on METAL4 is 82.408
[1435960 335360 1437900 336160] on VIA34 is 82.752
[1435960 335360 1437900 336160] on VIA23 is 83.096
[1435960 335360 1437900 336160] on VIA12 is 83.44
[1436930 335360 1677830 336160] on METAL1 is 83.44
[1196690 335360 1436930 336160] on METAL1 is 93.804
[1195720 335360 1197660 336160] on VIA12 is 93.804
[1195720 335360 1197660 336160] on VIA23 is 93.011
[1195720 335360 1197660 336160] on VIA34 is 92.219
[1195690 325680 1197690 335760] on METAL4 is 91.427
[1195690 315600 1197690 325680] on METAL4 is 86.588
[1195720 325280 1197660 326080] on VIA34 is 87.469
[1195720 325280 1197660 326080] on VIA23 is 88.351
[1195720 325280 1197660 326080] on VIA12 is 89.233
[1196690 325280 1436930 326080] on METAL1 is 89.233
[1436930 325280 1677830 326080] on METAL1 is 80.053
[1435960 325280 1437900 326080] on VIA12 is 80.053
[1435960 325280 1437900 326080] on VIA23 is 79.7
[1435960 325280 1437900 326080] on VIA34 is 79.347
[1435930 315600 1437930 325680] on METAL4 is 78.994
[1435930 305520 1437930 315600] on METAL4 is 75.438
[1435960 315200 1437900 316000] on VIA34 is 75.796
[1435960 315200 1437900 316000] on VIA23 is 76.154
[1435960 315200 1437900 316000] on VIA12 is 76.512
[1436930 315200 1677830 316000] on METAL1 is 76.512
[1196690 315200 1436930 316000] on METAL1 is 84.343
[1195720 315200 1197660 316000] on VIA12 is 84.343
[1195720 315200 1197660 316000] on VIA23 is 83.359
[1195720 315200 1197660 316000] on VIA34 is 82.374
[1195690 305520 1197690 315600] on METAL4 is 81.39
[1195690 295440 1197690 305520] on METAL4 is 75.79
[1195720 305120 1197660 305920] on VIA34 is 76.894
[1195720 305120 1197660 305920] on VIA23 is 77.997
[1195720 305120 1197660 305920] on VIA12 is 79.1
[1196690 305120 1436930 305920] on METAL1 is 79.1
[1436930 305120 1677830 305920] on METAL1 is 72.812
[1435960 305120 1437900 305920] on VIA12 is 72.812
[1435960 305120 1437900 305920] on VIA23 is 72.453
[1435960 305120 1437900 305920] on VIA34 is 72.094
[1435930 295440 1437930 305520] on METAL4 is 71.735
[1435930 285360 1437930 295440] on METAL4 is 67.886
[1435960 295040 1437900 295840] on VIA34 is 68.24
[1435960 295040 1437900 295840] on VIA23 is 68.594
[1435960 295040 1437900 295840] on VIA12 is 68.948
[1436930 295040 1677830 295840] on METAL1 is 68.948
[1196690 295040 1436930 295840] on METAL1 is 73.465
[1195720 295040 1197660 295840] on VIA12 is 73.465
[1195720 295040 1197660 295840] on VIA23 is 72.224
[1195720 295040 1197660 295840] on VIA34 is 70.983
[1195690 285360 1197690 295440] on METAL4 is 69.742
[1195690 275280 1197690 285360] on METAL4 is 63.188
[1195720 284960 1197660 285760] on VIA34 is 64.589
[1195720 284960 1197660 285760] on VIA23 is 65.99
[1195720 284960 1197660 285760] on VIA12 is 67.39
[1196690 284960 1436930 285760] on METAL1 is 67.39
[1436930 284960 1677830 285760] on METAL1 is 64.919
[1435960 284960 1437900 285760] on VIA12 is 64.919
[1435960 284960 1437900 285760] on VIA23 is 64.577
[1435960 284960 1437900 285760] on VIA34 is 64.235
[1435930 275280 1437930 285360] on METAL4 is 63.893
[1435930 265200 1437930 275280] on METAL4 is 59.761
[1435960 274880 1437900 275680] on VIA34 is 60.082
[1435960 274880 1437900 275680] on VIA23 is 60.403
[1435960 274880 1437900 275680] on VIA12 is 60.724
[1436930 274880 1677830 275680] on METAL1 is 60.724
[1196690 274880 1436930 275680] on METAL1 is 60.826
[1195720 274880 1197660 275680] on VIA12 is 60.826
[1195720 274880 1197660 275680] on VIA23 is 59.238
[1195720 274880 1197660 275680] on VIA34 is 57.651
[1195690 265200 1197690 275280] on METAL4 is 56.063
[1195690 255120 1197690 265200] on METAL4 is 48.292
[1195720 264800 1197660 265600] on VIA34 is 50.098
[1195720 264800 1197660 265600] on VIA23 is 51.904
[1195720 264800 1197660 265600] on VIA12 is 53.71
[1196690 264800 1436930 265600] on METAL1 is 56.363
[1436930 264800 1677830 265600] on METAL1 is 56.66
[1435960 264800 1437900 265600] on VIA12 is 56.363
[1435960 264800 1437900 265600] on VIA23 is 56.075
[1435960 264800 1437900 265600] on VIA34 is 55.786
[1435930 255120 1437930 265200] on METAL4 is 55.498
[1435930 245040 1437930 255120] on METAL4 is 51.117
[1435960 254720 1437900 255520] on VIA34 is 51.359
[1435960 254720 1437900 255520] on VIA23 is 51.6
[1435960 254720 1437900 255520] on VIA12 is 51.841
[1436930 254720 1677830 255520] on METAL1 is 54.22
[1196690 254720 1436930 255520] on METAL1 is 51.841
[1195720 254720 1197660 255520] on VIA12 is 45.972
[1195720 254720 1197660 255520] on VIA23 is 43.91
[1195720 254720 1197660 255520] on VIA34 is 41.848
[1195690 245040 1197690 255120] on METAL4 is 39.786
[1195690 215690 1197690 245040] on METAL4 is 30.44
[1195720 244640 1197660 245440] on VIA34 is 32.804
[1195720 244640 1197660 245440] on VIA23 is 35.167
[1195720 244640 1197660 245440] on VIA12 is 37.531
[1196690 244640 1436930 245440] on METAL1 is 47.167
[1436930 244640 1677830 245440] on METAL1 is 51.741
[1435960 244640 1437900 245440] on VIA12 is 47.167
[1435960 244640 1437900 245440] on VIA23 is 46.991
[1435960 244640 1437900 245440] on VIA34 is 46.815
[1435930 215690 1437930 245040] on METAL4 is 46.638
[1435930 210690 1437930 215690] on METAL4 is 33.388
[1435960 210870 1437900 220510] on VIA34 is 33.388
[1436930 210690 1677830 220690] on METAL3 is 44.071
[1213590 210690 1436930 220690] on METAL3 is 32.211
[1197990 210690 1213590 220690] on METAL3 is 354.626e-3
[1198060 210825 1229120 220465] on VIA34 is 423.7e-3
[1166690 210600 1229290 210790] on METAL4 is 423.779e-3
[1166690 210790 1229290 210980] on METAL4 is 423.779e-3
[1166835 210520 1229145 211060] on VIA45 is 423.779e-3
[1166690 209575 1229290 210790] on METAL5 is 4.033e-3
[1166690 210790 1229290 211060] on METAL5 is 4.033e-3
[1192990 211060 1202990 215690] on METAL5 is 4.033e-3
[1166690 209150 1229290 209575] on METAL5 is 0
[1195690 210790 1197690 215690] on METAL4 is 423.976e-3
[1195720 210870 1197660 220510] on VIA34 is 423.976e-3
[1196690 210690 1197990 220690] on METAL3 is 354.336e-3
[1181090 210690 1196690 220690] on METAL3 is 354.726e-3
[1166690 215645 1229290 215665] on METAL3 is 354.557e-3
[1166690 215665 1229290 215690] on METAL3 is 354.335e-3
[1166860 210845 1229120 220485] on VIA23 is 354.332e-3
[1166690 210740 1229290 215665] on METAL2 is 105.49e-3
[1166690 215665 1229290 215690] on METAL2 is 105.503e-3
[1166690 209575 1229290 210740] on METAL2 is 104.921e-3
[1166860 210600 1229120 210880] on VIA12 is 104.921e-3
[1166690 209575 1229290 210740] on METAL1 is 2.881e-3
[1166690 210740 1229290 210880] on METAL1 is 2.951e-3
[1192990 210880 1202990 215690] on METAL1 is 2.954e-3
[1166690 209150 1229290 209575] on METAL1 is 0
[1166690 209150 1229290 209575] on METAL2 is 0
[1166690 215690 1229290 220690] on METAL2 is 105.503e-3
[1166860 210825 1195320 220465] on VIA34 is 423.707e-3
[1166690 210600 1229290 215645] on METAL3 is 354.557e-3
[955790 210690 1181090 220690] on METAL3 is 60.343
[954820 210870 956760 220510] on VIA34 is 61.574
[954790 210690 956790 215690] on METAL4 is 61.574
[1166690 215690 1229290 220690] on METAL3 is 354.335e-3
[1195690 210690 1197690 210790] on METAL4 is 423.779e-3
[1192990 210980 1202990 215690] on METAL4 is 423.779e-3
[1677830 210690 1918070 220690] on METAL3 is 44.071
[1676860 210870 1678800 220510] on VIA34 is 44.69
[1676830 210690 1678830 215690] on METAL4 is 44.69
[1676830 215690 1678830 245040] on METAL4 is 51.661
[1676830 245040 1678830 255120] on METAL4 is 54.044
[1676860 244640 1678800 245440] on VIA34 is 51.688
[1676860 244640 1678800 245440] on VIA23 is 51.714
[1676860 244640 1678800 245440] on VIA12 is 51.741
[1677830 244640 1918070 245440] on METAL1 is 51.741
[1918070 244640 2180290 245440] on METAL1 is 47.59
[1917100 244640 1919040 245440] on VIA12 is 47.59
[1917100 244640 1919040 245440] on VIA23 is 47.468
[1917100 244640 1919040 245440] on VIA34 is 47.347
[1917070 215690 1919070 245040] on METAL4 is 47.225
[1917070 245040 1919070 255120] on METAL4 is 48.275
[1917070 255120 1919070 265200] on METAL4 is 49.274
[1917100 254720 1919040 255520] on VIA34 is 48.402
[1917100 254720 1919040 255520] on VIA23 is 48.528
[1917100 254720 1919040 255520] on VIA12 is 48.655
[1918070 254720 2180290 255520] on METAL1 is 48.655
[1677830 254720 1918070 255520] on METAL1 is 54.22
[1676860 254720 1678800 255520] on VIA12 is 54.22
[1676860 254720 1678800 255520] on VIA23 is 54.161
[1676860 254720 1678800 255520] on VIA34 is 54.103
[1676830 255120 1678830 265200] on METAL4 is 56.404
[1676830 265200 1678830 275280] on METAL4 is 58.729
[1676860 264800 1678800 265600] on VIA34 is 56.489
[1676860 264800 1678800 265600] on VIA23 is 56.574
[1676860 264800 1678800 265600] on VIA12 is 56.66
[1677830 264800 1918070 265600] on METAL1 is 56.66
[1918070 264800 2180290 265600] on METAL1 is 49.667
[1917100 264800 1919040 265600] on VIA12 is 49.667
[1917100 264800 1919040 265600] on VIA23 is 49.536
[1917100 264800 1919040 265600] on VIA34 is 49.405
[1917070 265200 1919070 275280] on METAL4 is 50.219
[1917070 275280 1919070 285360] on METAL4 is 51.109
[1917100 274880 1919040 275680] on VIA34 is 50.354
[1917100 274880 1919040 275680] on VIA23 is 50.489
[1917100 274880 1919040 275680] on VIA12 is 50.625
[1918070 274880 2180290 275680] on METAL1 is 50.625
[1677830 274880 1918070 275680] on METAL1 is 59.05
[1676860 274880 1678800 275680] on VIA12 is 59.05
[1676860 274880 1678800 275680] on VIA23 is 58.943
[1676860 274880 1678800 275680] on VIA34 is 58.836
[1676830 275280 1678830 285360] on METAL4 is 61.01
[1676830 285360 1678830 295440] on METAL4 is 63.24
[1676860 284960 1678800 285760] on VIA34 is 61.134
[1676860 284960 1678800 285760] on VIA23 is 61.259
[1676860 284960 1678800 285760] on VIA12 is 61.383
[1677830 284960 1918070 285760] on METAL1 is 61.383
[1918070 284960 2180290 285760] on METAL1 is 51.525
[1917100 284960 1919040 285760] on VIA12 is 51.525
[1917100 284960 1919040 285760] on VIA23 is 51.386
[1917100 284960 1919040 285760] on VIA34 is 51.248
[1917070 285360 1919070 295440] on METAL4 is 51.943
[1917070 295440 1919070 305520] on METAL4 is 52.72
[1917100 295040 1919040 295840] on VIA34 is 52.084
[1917100 295040 1919040 295840] on VIA23 is 52.224
[1917100 295040 1919040 295840] on VIA12 is 52.365
[1918070 295040 2180290 295840] on METAL1 is 52.365
[1677830 295040 1918070 295840] on METAL1 is 63.654
[1676860 295040 1678800 295840] on VIA12 is 63.654
[1676860 295040 1678800 295840] on VIA23 is 63.516
[1676860 295040 1678800 295840] on VIA34 is 63.378
[1676830 295440 1678830 305520] on METAL4 is 65.414
[1676830 305520 1678830 315600] on METAL4 is 67.528
[1676860 305120 1678800 305920] on VIA34 is 65.562
[1676860 305120 1678800 305920] on VIA23 is 65.709
[1676860 305120 1678800 305920] on VIA12 is 65.857
[1677830 305120 1918070 305920] on METAL1 is 65.857
[1918070 305120 2180290 305920] on METAL1 is 53.144
[1917100 305120 1919040 305920] on VIA12 is 53.144
[1917100 305120 1919040 305920] on VIA23 is 53.003
[1917100 305120 1919040 305920] on VIA34 is 52.861
[1917070 305520 1919070 315600] on METAL4 is 53.438
[1917070 315600 1919070 325680] on METAL4 is 54.1
[1917100 315200 1919040 316000] on VIA34 is 53.579
[1917100 315200 1919040 316000] on VIA23 is 53.72
[1917100 315200 1919040 316000] on VIA12 is 53.861
[1918070 315200 2180290 316000] on METAL1 is 53.861
[1677830 315200 1918070 316000] on METAL1 is 67.989
[1676860 315200 1678800 316000] on VIA12 is 67.989
[1676860 315200 1678800 316000] on VIA23 is 67.836
[1676860 315200 1678800 316000] on VIA34 is 67.682
[1676830 315600 1678830 325680] on METAL4 is 69.58
[1676830 325680 1678830 335760] on METAL4 is 71.568
[1676860 325280 1678800 326080] on VIA34 is 69.737
[1676860 325280 1678800 326080] on VIA23 is 69.893
[1676860 325280 1678800 326080] on VIA12 is 70.05
[1677830 325280 1918070 326080] on METAL1 is 70.05
[1918070 325280 2180290 326080] on METAL1 is 54.515
[1917100 325280 1919040 326080] on VIA12 is 54.515
[1917100 325280 1919040 326080] on VIA23 is 54.377
[1917100 325280 1919040 326080] on VIA34 is 54.238
[1917070 325680 1919070 335760] on METAL4 is 54.705
[1917070 335760 1919070 345840] on METAL4 is 55.256
[1917100 335360 1919040 336160] on VIA34 is 54.839
[1917100 335360 1919040 336160] on VIA23 is 54.973
[1917100 335360 1919040 336160] on VIA12 is 55.107
[1918070 335360 2180290 336160] on METAL1 is 55.107
[1677830 335360 1918070 336160] on METAL1 is 72.037
[1676860 335360 1678800 336160] on VIA12 is 72.037
[1676860 335360 1678800 336160] on VIA23 is 71.881
[1676860 335360 1678800 336160] on VIA34 is 71.724
[1676830 335760 1678830 345840] on METAL4 is 73.492
[1676830 345840 1678830 355920] on METAL4 is 75.354
[1676860 345440 1678800 346240] on VIA34 is 73.646
[1676860 345440 1678800 346240] on VIA23 is 73.8
[1676860 345440 1678800 346240] on VIA12 is 73.953
[1677830 345440 1918070 346240] on METAL1 is 73.953
[1918070 345440 2180290 346240] on METAL1 is 55.638
[1917100 345440 1919040 346240] on VIA12 is 55.638
[1917100 345440 1919040 346240] on VIA23 is 55.511
[1917100 345440 1919040 346240] on VIA34 is 55.383
[1917070 345840 1919070 355920] on METAL4 is 55.755
[1917070 355920 1919070 366000] on METAL4 is 56.205
[1917100 355520 1919040 356320] on VIA34 is 55.873
[1917100 355520 1919040 356320] on VIA23 is 55.991
[1917100 355520 1919040 356320] on VIA12 is 56.11
[1918070 355520 2180290 356320] on METAL1 is 56.11
[1677830 355520 1918070 356320] on METAL1 is 75.799
[1676860 355520 1678800 356320] on VIA12 is 75.799
[1676860 355520 1678800 356320] on VIA23 is 75.651
[1676860 355520 1678800 356320] on VIA34 is 75.502
[1676830 355920 1678830 366000] on METAL4 is 77.155
[1676830 366000 1678830 376080] on METAL4 is 78.898
[1676860 365600 1678800 366400] on VIA34 is 77.296
[1676860 365600 1678800 366400] on VIA23 is 77.437
[1676860 365600 1678800 366400] on VIA12 is 77.578
[1677830 365600 1918070 366400] on METAL1 is 77.578
[1918070 365600 2180290 366400] on METAL1 is 56.525
[1917100 365600 1919040 366400] on VIA12 is 56.525
[1917100 365600 1919040 366400] on VIA23 is 56.418
[1917100 365600 1919040 366400] on VIA34 is 56.312
[1917070 366000 1919070 376080] on METAL4 is 56.613
[1917070 376080 1919070 386160] on METAL4 is 56.983
[1917100 375680 1919040 376480] on VIA34 is 56.704
[1917100 375680 1919040 376480] on VIA23 is 56.795
[1917100 375680 1919040 376480] on VIA12 is 56.887
[1918070 375680 2180290 376480] on METAL1 is 56.887
[1677830 375680 1918070 376480] on METAL1 is 79.292
[1676860 375680 1678800 376480] on VIA12 is 79.292
[1676860 375680 1678800 376480] on VIA23 is 79.161
[1676860 375680 1678800 376480] on VIA34 is 79.029
[1676830 376080 1678830 386160] on METAL4 is 80.588
[1676830 386160 1678830 396240] on METAL4 is 82.229
[1676860 385760 1678800 386560] on VIA34 is 80.708
[1676860 385760 1678800 386560] on VIA23 is 80.827
[1676860 385760 1678800 386560] on VIA12 is 80.947
[1677830 385760 1918070 386560] on METAL1 is 80.947
[1918070 385760 2180290 386560] on METAL1 is 57.201
[1917100 385760 1919040 386560] on VIA12 is 57.201
[1917100 385760 1919040 386560] on VIA23 is 57.128
[1917100 385760 1919040 386560] on VIA34 is 57.055
[1917070 386160 1919070 396240] on METAL4 is 57.323
[1917070 396240 1919070 406320] on METAL4 is 57.643
[1917100 395840 1919040 396640] on VIA34 is 57.373
[1917100 395840 1919040 396640] on VIA23 is 57.423
[1917100 395840 1919040 396640] on VIA12 is 57.473
[1918070 395840 2180290 396640] on METAL1 is 57.473
[1677830 395840 1918070 396640] on METAL1 is 82.548
[1676860 395840 1678800 396640] on VIA12 is 82.548
[1676860 395840 1678800 396640] on VIA23 is 82.442
[1676860 395840 1678800 396640] on VIA34 is 82.336
[1676830 396240 1678830 406320] on METAL4 is 83.827
[1676830 406320 1678830 416400] on METAL4 is 85.388
[1676860 405920 1678800 406720] on VIA34 is 83.918
[1676860 405920 1678800 406720] on VIA23 is 84.009
[1676860 405920 1678800 406720] on VIA12 is 84.1
[1677830 405920 1918070 406720] on METAL1 is 84.1
[1918070 405920 2180290 406720] on METAL1 is 57.711
[1917100 405920 1919040 406720] on VIA12 is 57.711
[1917100 405920 1919040 406720] on VIA23 is 57.689
[1917100 405920 1919040 406720] on VIA34 is 57.666
[1917070 406320 1919070 416400] on METAL4 is 57.954
[1917070 416400 1919070 426480] on METAL4 is 58.269
[1917100 416000 1919040 416800] on VIA34 is 57.954
[1917100 416000 1919040 416800] on VIA23 is 57.944
[1917100 416000 1919040 416800] on VIA12 is 57.934
[1918070 416000 2180290 416800] on METAL1 is 57.924
[1677830 416000 1918070 416800] on METAL1 is 85.611
[1676860 416000 1678800 416800] on VIA12 is 85.611
[1676860 416000 1678800 416800] on VIA23 is 85.537
[1676860 416000 1678800 416800] on VIA34 is 85.463
[1676830 416400 1678830 426480] on METAL4 is 86.919
[1676830 426480 1678830 436560] on METAL4 is 88.427
[1676860 426080 1678800 426880] on VIA34 is 86.975
[1676860 426080 1678800 426880] on VIA23 is 87.031
[1676860 426080 1678800 426880] on VIA12 is 87.087
[1677830 426080 1918070 426880] on METAL1 is 87.087
[1918070 426080 2180290 426880] on METAL1 is 58.123
[1917100 426080 1919040 426880] on VIA12 is 58.171
[1917100 426080 1919040 426880] on VIA23 is 58.22
[1917100 426080 1919040 426880] on VIA34 is 58.269
[1917070 426480 1919070 436560] on METAL4 is 58.603
[1917070 436560 1919070 446640] on METAL4 is 58.977
[1917100 436160 1919040 436960] on VIA34 is 58.603
[1917100 436160 1919040 436960] on VIA23 is 58.509
[1917100 436160 1919040 436960] on VIA12 is 58.414
[1918070 436160 2180290 436960] on METAL1 is 58.319
[1677830 436160 1918070 436960] on METAL1 is 88.537
[1676860 436160 1678800 436960] on VIA12 is 88.537
[1676860 436160 1678800 436960] on VIA23 is 88.5
[1676860 436160 1678800 436960] on VIA34 is 88.464
[1676830 436560 1678830 446640] on METAL4 is 89.92
[1676830 446640 1678830 456720] on METAL4 is 91.407
[1676860 446240 1678800 447040] on VIA34 is 89.936
[1676860 446240 1678800 447040] on VIA23 is 89.952
[1676860 446240 1678800 447040] on VIA12 is 89.968
[1677830 446240 1918070 447040] on METAL1 is 89.968
[1918070 446240 2180290 447040] on METAL1 is 58.53
[1917100 446240 1919040 447040] on VIA12 is 58.679
[1917100 446240 1919040 447040] on VIA23 is 58.828
[1917100 446240 1919040 447040] on VIA34 is 58.977
[1917070 446640 1919070 456720] on METAL4 is 59.41
[1917070 456720 1919070 466800] on METAL4 is 59.931
[1917100 456320 1919040 457120] on VIA34 is 59.41
[1917100 456320 1919040 457120] on VIA23 is 59.198
[1917100 456320 1919040 457120] on VIA12 is 58.985
[1918070 456320 2180290 457120] on METAL1 is 58.772
[1677830 456320 1918070 457120] on METAL1 is 91.392
[1676860 456320 1678800 457120] on VIA12 is 91.397
[1676860 456320 1678800 457120] on VIA23 is 91.402
[1676860 456320 1678800 457120] on VIA34 is 91.407
[1676830 456720 1678830 466800] on METAL4 is 92.895
[1676830 466800 1678830 474580] on METAL4 is 94.053
[1676860 466400 1678800 467200] on VIA34 is 92.895
[1676860 466400 1678800 467200] on VIA23 is 92.869
[1676860 466400 1678800 467200] on VIA12 is 92.842
[1677830 466400 1918070 467200] on METAL1 is 92.816
[1918070 466400 2180290 467200] on METAL1 is 59.068
[1917100 466400 1919040 467200] on VIA12 is 59.355
[1917100 466400 1919040 467200] on VIA23 is 59.643
[1917100 466400 1919040 467200] on VIA34 is 59.931
[2180290 466400 2185290 467200] on METAL1 is 4.4
[2175420 466400 2185160 467200] on VIA12 is 4.4
[2175290 456720 2185290 466800] on METAL2 is 6.834
[2175290 446640 2185290 456720] on METAL2 is 9.594
[2175420 456320 2185160 457120] on VIA12 is 7.324
[2180290 456320 2185290 457120] on METAL1 is 7.324
[2175290 436560 2185290 446640] on METAL2 is 12.174
[2175420 446240 2185160 447040] on VIA12 is 10.061
[2180290 446240 2185290 447040] on METAL1 is 10.061
[2175290 426480 2185290 436560] on METAL2 is 14.581
[2175420 436160 2185160 436960] on VIA12 is 12.618
[2180290 436160 2185290 436960] on METAL1 is 12.618
[2175290 416400 2185290 426480] on METAL2 is 16.825
[2175420 426080 2185160 426880] on VIA12 is 15.005
[2180290 426080 2185290 426880] on METAL1 is 15.005
[2175290 406320 2185290 416400] on METAL2 is 18.912
[2175420 416000 2185160 416800] on VIA12 is 17.23
[2180290 416000 2185290 416800] on METAL1 is 17.23
[2175290 396240 2185290 406320] on METAL2 is 20.849
[2175420 405920 2185160 406720] on VIA12 is 19.298
[2180290 405920 2185290 406720] on METAL1 is 19.298
[2175290 386160 2185290 396240] on METAL2 is 22.644
[2175420 395840 2185160 396640] on VIA12 is 21.219
[2180290 395840 2185290 396640] on METAL1 is 21.219
[2175290 376080 2185290 386160] on METAL2 is 24.302
[2175420 385760 2185160 386560] on VIA12 is 22.997
[2180290 385760 2185290 386560] on METAL1 is 22.997
[2175290 366000 2185290 376080] on METAL2 is 25.829
[2175420 375680 2185160 376480] on VIA12 is 24.639
[2180290 375680 2185290 376480] on METAL1 is 24.639
[2175290 355920 2185290 366000] on METAL2 is 27.232
[2175420 365600 2185160 366400] on VIA12 is 26.152
[2180290 365600 2185290 366400] on METAL1 is 26.152
[2175290 345840 2185290 355920] on METAL2 is 28.515
[2175420 355520 2185160 356320] on VIA12 is 27.54
[2180290 355520 2185290 356320] on METAL1 is 27.54
[2175290 335760 2185290 345840] on METAL2 is 29.685
[2175420 345440 2185160 346240] on VIA12 is 28.81
[2180290 345440 2185290 346240] on METAL1 is 28.81
[2175290 325680 2185290 335760] on METAL2 is 30.745
[2175420 335360 2185160 336160] on VIA12 is 29.966
[2180290 335360 2185290 336160] on METAL1 is 29.966
[2175290 315600 2185290 325680] on METAL2 is 31.702
[2175420 325280 2185160 326080] on VIA12 is 31.013
[2180290 325280 2185290 326080] on METAL1 is 31.013
[2175290 305520 2185290 315600] on METAL2 is 32.561
[2175420 315200 2185160 316000] on VIA12 is 31.958
[2180290 315200 2185290 316000] on METAL1 is 31.958
[2175290 295440 2185290 305520] on METAL2 is 33.325
[2175420 305120 2185160 305920] on VIA12 is 32.804
[2180290 305120 2185290 305920] on METAL1 is 32.804
[2175290 285360 2185290 295440] on METAL2 is 34
[2175420 295040 2185160 295840] on VIA12 is 33.556
[2180290 295040 2185290 295840] on METAL1 is 33.556
[2175290 275280 2185290 285360] on METAL2 is 34.59
[2175420 284960 2185160 285760] on VIA12 is 34.219
[2180290 284960 2185290 285760] on METAL1 is 34.219
[2175290 265200 2185290 275280] on METAL2 is 35.101
[2175420 274880 2185160 275680] on VIA12 is 34.798
[2180290 274880 2185290 275680] on METAL1 is 34.798
[2175290 255120 2185290 265200] on METAL2 is 35.536
[2175420 264800 2185160 265600] on VIA12 is 35.296
[2180290 264800 2185290 265600] on METAL1 is 35.296
[2175290 245040 2185290 255120] on METAL2 is 35.899
[2175420 254720 2185160 255520] on VIA12 is 35.72
[2180290 254720 2185290 255520] on METAL1 is 35.72
[2175290 215690 2185290 245040] on METAL2 is 36.763
[2175420 244640 2185160 245440] on VIA12 is 36.072
[2180290 244640 2185290 245440] on METAL1 is 36.072
[2175290 210690 2185290 215690] on METAL2 is 36.763
[2175420 210870 2185160 220510] on VIA23 is 36.835
[2180290 210690 2185290 220690] on METAL3 is 36.835
[1918070 210690 2180290 220690] on METAL3 is 43.738
[1917100 210870 1919040 220510] on VIA34 is 44.022
[1917070 210690 1919070 215690] on METAL4 is 44.022
[1676850 473600 1678810 475560] on VIA45 is 94.053
[2180290 476480 2186405 477280] on METAL1 is 1.024
[2186405 476480 2186830 477280] on METAL1 is 6.631e-6
[2175290 476880 2185290 486960] on METAL2 is 1.454
[2175290 486960 2185290 497040] on METAL2 is 1.454
