Information: Updating graph... (UID-83)
Warning: Design 'router_border_chip' contains 2 high-fanout nets. A fanout number of 1000 will be used for delay calculations involving these nets. (TIM-134)
Information: Updating design information... (UID-85)
Warning: Design 'router_border_chip' contains 2 high-fanout nets. A fanout number of 1000 will be used for delay calculations involving these nets. (TIM-134)
 
****************************************
Report : constraint
        -all_violators
Design : router_border_chip
Version: D-2010.03-SP5-3
Date   : Wed May 12 12:37:32 2021
****************************************


   max_delay/setup ('clk' group)

                             Required        Actual
   Endpoint                 Path Delay     Path Delay        Slack
   -----------------------------------------------------------------
   Y_FULL_OUT                   3.80           7.30 r        -3.50  (VIOLATED)
   LOCAL_FULL_OUT               3.80           7.30 r        -3.50  (VIOLATED)
   X_FULL_OUT                   3.80           7.30 r        -3.50  (VIOLATED)
   insc_router/input_unit_y/unit_fifo_local/raddr_reg[2]/D
                                8.51          11.76 f        -3.25  (VIOLATED)
   insc_router/transfer_unit_x/buffer_reg[0]/D
                                8.56          11.75 f        -3.19  (VIOLATED)
   insc_router/transfer_unit_x/buffer_reg[1]/D
                                8.56          11.75 f        -3.19  (VIOLATED)
   insc_router/transfer_unit_x/buffer_reg[2]/D
                                8.56          11.75 f        -3.19  (VIOLATED)
   insc_router/transfer_unit_x/buffer_reg[3]/D
                                8.56          11.75 f        -3.19  (VIOLATED)
   insc_router/transfer_unit_x/buffer_reg[4]/D
                                8.56          11.75 f        -3.19  (VIOLATED)
   insc_router/transfer_unit_x/buffer_reg[5]/D
                                8.56          11.75 f        -3.19  (VIOLATED)
   insc_router/transfer_unit_x/buffer_reg[6]/D
                                8.56          11.75 f        -3.19  (VIOLATED)
   insc_router/transfer_unit_x/buffer_reg[7]/D
                                8.56          11.75 f        -3.19  (VIOLATED)
   insc_router/transfer_unit_x/buffer_reg[8]/D
                                8.56          11.75 f        -3.19  (VIOLATED)
   insc_router/transfer_unit_x/buffer_reg[9]/D
                                8.56          11.75 f        -3.19  (VIOLATED)
   insc_router/transfer_unit_x/buffer_reg[10]/D
                                8.56          11.75 f        -3.19  (VIOLATED)
   insc_router/transfer_unit_x/buffer_reg[11]/D
                                8.56          11.75 f        -3.19  (VIOLATED)
   insc_router/transfer_unit_x/buffer_reg[12]/D
                                8.56          11.75 f        -3.19  (VIOLATED)
   insc_router/transfer_unit_x/buffer_reg[13]/D
                                8.56          11.75 f        -3.19  (VIOLATED)
   insc_router/transfer_unit_x/buffer_reg[14]/D
                                8.56          11.75 f        -3.19  (VIOLATED)
   insc_router/transfer_unit_x/buffer_reg[15]/D
                                8.56          11.75 f        -3.19  (VIOLATED)
   insc_router/transfer_unit_x/buffer_reg[16]/D
                                8.56          11.75 f        -3.19  (VIOLATED)
   insc_router/transfer_unit_x/buffer_reg[17]/D
                                8.56          11.75 f        -3.19  (VIOLATED)
   insc_router/transfer_unit_x/buffer_reg[18]/D
                                8.56          11.75 f        -3.19  (VIOLATED)
   insc_router/transfer_unit_x/buffer_reg[19]/D
                                8.56          11.75 f        -3.19  (VIOLATED)
   insc_router/transfer_unit_x/buffer_reg[20]/D
                                8.56          11.75 f        -3.19  (VIOLATED)
   insc_router/transfer_unit_x/buffer_reg[21]/D
                                8.56          11.75 f        -3.19  (VIOLATED)
   insc_router/transfer_unit_x/buffer_reg[22]/D
                                8.56          11.75 f        -3.19  (VIOLATED)
   insc_router/transfer_unit_x/buffer_reg[23]/D
                                8.56          11.75 f        -3.19  (VIOLATED)
   insc_router/transfer_unit_x/buffer_reg[24]/D
                                8.56          11.75 f        -3.19  (VIOLATED)
   insc_router/transfer_unit_x/buffer_reg[25]/D
                                8.56          11.75 f        -3.19  (VIOLATED)
   insc_router/transfer_unit_x/buffer_reg[26]/D
                                8.56          11.75 f        -3.19  (VIOLATED)
   insc_router/transfer_unit_x/buffer_reg[27]/D
                                8.56          11.75 f        -3.19  (VIOLATED)
   insc_router/transfer_unit_x/buffer_reg[28]/D
                                8.56          11.75 f        -3.19  (VIOLATED)
   insc_router/transfer_unit_x/data_out_reg[0]/D
                                8.56          11.75 f        -3.19  (VIOLATED)
   insc_router/transfer_unit_x/data_out_reg[1]/D
                                8.56          11.75 f        -3.19  (VIOLATED)
   insc_router/transfer_unit_x/data_out_reg[2]/D
                                8.56          11.75 f        -3.19  (VIOLATED)
   insc_router/transfer_unit_x/data_out_reg[3]/D
                                8.56          11.75 f        -3.19  (VIOLATED)
   insc_router/transfer_unit_x/data_out_reg[4]/D
                                8.56          11.75 f        -3.19  (VIOLATED)
   insc_router/transfer_unit_x/data_out_reg[5]/D
                                8.56          11.75 f        -3.19  (VIOLATED)
   insc_router/transfer_unit_x/data_out_reg[6]/D
                                8.56          11.75 f        -3.19  (VIOLATED)
   insc_router/transfer_unit_x/data_out_reg[7]/D
                                8.56          11.75 f        -3.19  (VIOLATED)
   insc_router/transfer_unit_x/data_out_reg[8]/D
                                8.56          11.75 f        -3.19  (VIOLATED)
   insc_router/transfer_unit_x/data_out_reg[9]/D
                                8.56          11.75 f        -3.19  (VIOLATED)
   insc_router/transfer_unit_x/data_out_reg[10]/D
                                8.56          11.75 f        -3.19  (VIOLATED)
   insc_router/transfer_unit_x/data_out_reg[11]/D
                                8.56          11.75 f        -3.19  (VIOLATED)
   insc_router/transfer_unit_x/data_out_reg[12]/D
                                8.56          11.75 f        -3.19  (VIOLATED)
   insc_router/transfer_unit_x/data_out_reg[13]/D
                                8.56          11.75 f        -3.19  (VIOLATED)
   insc_router/transfer_unit_x/data_out_reg[14]/D
                                8.56          11.75 f        -3.19  (VIOLATED)
   insc_router/transfer_unit_x/data_out_reg[15]/D
                                8.56          11.75 f        -3.19  (VIOLATED)
   insc_router/transfer_unit_x/data_out_reg[16]/D
                                8.56          11.75 f        -3.19  (VIOLATED)
   insc_router/transfer_unit_x/data_out_reg[17]/D
                                8.56          11.75 f        -3.19  (VIOLATED)
   insc_router/transfer_unit_x/data_out_reg[18]/D
                                8.56          11.75 f        -3.19  (VIOLATED)
   insc_router/transfer_unit_x/data_out_reg[19]/D
                                8.56          11.75 f        -3.19  (VIOLATED)
   insc_router/transfer_unit_x/data_out_reg[20]/D
                                8.56          11.75 f        -3.19  (VIOLATED)
   insc_router/transfer_unit_x/data_out_reg[21]/D
                                8.56          11.75 f        -3.19  (VIOLATED)
   insc_router/transfer_unit_x/data_out_reg[22]/D
                                8.56          11.75 f        -3.19  (VIOLATED)
   insc_router/transfer_unit_x/data_out_reg[23]/D
                                8.56          11.75 f        -3.19  (VIOLATED)
   insc_router/transfer_unit_x/data_out_reg[24]/D
                                8.56          11.75 f        -3.19  (VIOLATED)
   insc_router/transfer_unit_x/data_out_reg[25]/D
                                8.56          11.75 f        -3.19  (VIOLATED)
   insc_router/transfer_unit_x/data_out_reg[26]/D
                                8.56          11.75 f        -3.19  (VIOLATED)
   insc_router/transfer_unit_x/data_out_reg[27]/D
                                8.56          11.75 f        -3.19  (VIOLATED)
   insc_router/transfer_unit_x/data_out_reg[28]/D
                                8.56          11.75 f        -3.19  (VIOLATED)
   insc_router/transfer_unit_x/data_out_reg[29]/D
                                8.56          11.75 f        -3.19  (VIOLATED)
   insc_router/transfer_unit_x/data_out_reg[30]/D
                                8.56          11.75 f        -3.19  (VIOLATED)
   insc_router/transfer_unit_x/data_out_reg[31]/D
                                8.56          11.75 f        -3.19  (VIOLATED)
   insc_router/input_unit_x/unit_fifo_local/raddr_reg[3]/D
                                8.51          11.67 f        -3.16  (VIOLATED)
   insc_router/input_unit_y/unit_fifo_local/raddr_reg[3]/D
                                8.51          11.65 f        -3.14  (VIOLATED)
   insc_router/router_compute_x/port_reg[0]/D
                                8.57          11.71 f        -3.13  (VIOLATED)
   insc_router/input_unit_y/unit_fifo_local/raddr_reg[1]/D
                                8.50          11.63 f        -3.13  (VIOLATED)
   insc_router/input_unit_x/unit_fifo_local/raddr_reg[1]/D
                                8.51          11.63 f        -3.12  (VIOLATED)
   insc_router/input_unit_x/unit_fifo_local/raddr_reg[2]/D
                                8.51          11.63 f        -3.12  (VIOLATED)
   insc_router/input_unit_local/unit_fifo_local/raddr_reg[1]/D
                                8.51          11.63 f        -3.12  (VIOLATED)
   insc_router/input_unit_local/unit_fifo_local/raddr_reg[3]/D
                                8.51          11.62 f        -3.11  (VIOLATED)
   insc_router/unit_sa/port_y_valid_reg/D
                                8.57          11.66 f        -3.09  (VIOLATED)
   insc_router/input_unit_x/unit_fifo_local/raddr_reg[0]/D
                                8.51          11.60 f        -3.09  (VIOLATED)
   insc_router/unit_sa/port_x_valid_reg/D
                                8.57          11.65 f        -3.08  (VIOLATED)
   insc_router/input_unit_x/unit_fifo_local/fifo_ram/rd_data_reg[8]/D
                                8.57          11.64 f        -3.07  (VIOLATED)
   insc_router/input_unit_x/unit_fifo_local/fifo_ram/rd_data_reg[9]/D
                                8.57          11.64 f        -3.07  (VIOLATED)
   insc_router/input_unit_x/unit_fifo_local/fifo_ram/rd_data_reg[10]/D
                                8.57          11.64 f        -3.07  (VIOLATED)
   insc_router/input_unit_x/unit_fifo_local/fifo_ram/rd_data_reg[11]/D
                                8.57          11.64 f        -3.07  (VIOLATED)
   insc_router/input_unit_x/unit_fifo_local/fifo_ram/rd_data_reg[12]/D
                                8.57          11.64 f        -3.07  (VIOLATED)
   insc_router/input_unit_x/unit_fifo_local/fifo_ram/rd_data_reg[13]/D
                                8.57          11.64 f        -3.07  (VIOLATED)
   insc_router/input_unit_x/unit_fifo_local/fifo_ram/rd_data_reg[14]/D
                                8.57          11.64 f        -3.07  (VIOLATED)
   insc_router/input_unit_x/unit_fifo_local/fifo_ram/rd_data_reg[15]/D
                                8.57          11.64 f        -3.07  (VIOLATED)
   insc_router/input_unit_x/unit_fifo_local/fifo_ram/rd_data_reg[16]/D
                                8.57          11.64 f        -3.07  (VIOLATED)
   insc_router/input_unit_x/unit_fifo_local/fifo_ram/rd_data_reg[17]/D
                                8.57          11.64 f        -3.07  (VIOLATED)
   insc_router/input_unit_x/unit_fifo_local/fifo_ram/rd_data_reg[18]/D
                                8.57          11.64 f        -3.07  (VIOLATED)
   insc_router/input_unit_x/unit_fifo_local/fifo_ram/rd_data_reg[19]/D
                                8.57          11.64 f        -3.07  (VIOLATED)
   insc_router/input_unit_x/unit_fifo_local/fifo_ram/rd_data_reg[20]/D
                                8.57          11.64 f        -3.07  (VIOLATED)
   insc_router/input_unit_x/unit_fifo_local/fifo_ram/rd_data_reg[21]/D
                                8.57          11.64 f        -3.07  (VIOLATED)
   insc_router/input_unit_x/unit_fifo_local/fifo_ram/rd_data_reg[22]/D
                                8.57          11.64 f        -3.07  (VIOLATED)
   insc_router/input_unit_x/unit_fifo_local/fifo_ram/rd_data_reg[23]/D
                                8.57          11.64 f        -3.07  (VIOLATED)
   insc_router/input_unit_x/unit_fifo_local/fifo_ram/rd_data_reg[24]/D
                                8.57          11.64 f        -3.07  (VIOLATED)
   insc_router/input_unit_x/unit_fifo_local/fifo_ram/rd_data_reg[25]/D
                                8.57          11.64 f        -3.07  (VIOLATED)
   insc_router/input_unit_x/unit_fifo_local/fifo_ram/rd_data_reg[26]/D
                                8.57          11.64 f        -3.07  (VIOLATED)
   insc_router/input_unit_x/unit_fifo_local/fifo_ram/rd_data_reg[27]/D
                                8.57          11.64 f        -3.07  (VIOLATED)
   insc_router/input_unit_x/unit_fifo_local/fifo_ram/rd_data_reg[28]/D
                                8.57          11.64 f        -3.07  (VIOLATED)
   insc_router/input_unit_x/unit_fifo_local/fifo_ram/rd_data_reg[29]/D
                                8.57          11.64 f        -3.07  (VIOLATED)
   insc_router/input_unit_x/unit_fifo_local/fifo_ram/rd_data_reg[30]/D
                                8.57          11.64 f        -3.07  (VIOLATED)
   insc_router/input_unit_x/unit_fifo_local/fifo_ram/rd_data_reg[31]/D
                                8.57          11.64 f        -3.07  (VIOLATED)
   insc_router/input_unit_local/unit_fifo_local/raddr_reg[2]/D
                                8.51          11.58 f        -3.07  (VIOLATED)
   insc_router/input_unit_x/unit_fifo_local/fifo_ram/rd_data_reg[1]/D
                                8.57          11.64 f        -3.06  (VIOLATED)
   insc_router/input_unit_x/unit_fifo_local/fifo_ram/rd_data_reg[2]/D
                                8.57          11.64 f        -3.06  (VIOLATED)
   insc_router/input_unit_x/unit_fifo_local/fifo_ram/rd_data_reg[3]/D
                                8.57          11.64 f        -3.06  (VIOLATED)
   insc_router/input_unit_x/unit_fifo_local/fifo_ram/rd_data_reg[4]/D
                                8.57          11.64 f        -3.06  (VIOLATED)
   insc_router/input_unit_x/unit_fifo_local/fifo_ram/rd_data_reg[5]/D
                                8.57          11.64 f        -3.06  (VIOLATED)
   insc_router/input_unit_x/unit_fifo_local/fifo_ram/rd_data_reg[6]/D
                                8.57          11.64 f        -3.06  (VIOLATED)
   insc_router/input_unit_x/unit_fifo_local/fifo_ram/rd_data_reg[7]/D
                                8.57          11.64 f        -3.06  (VIOLATED)
   insc_router/router_compute_x/port_reg[2]/D
                                8.71          11.77 r        -3.06  (VIOLATED)
   insc_router/input_unit_x/unit_fifo_local/fifo_ram/rd_data_reg[0]/D
                                8.57          11.63 f        -3.06  (VIOLATED)
   insc_router/input_unit_local/unit_fifo_local/raddr_reg[0]/D
                                8.51          11.54 f        -3.04  (VIOLATED)
   insc_router/unit_sa/port_y_dst_buf_reg[0]/D
                                8.57          11.56 f        -3.00  (VIOLATED)
   insc_router/router_compute_y/port_reg[2]/D
                                8.57          11.56 f        -2.99  (VIOLATED)
   insc_router/router_compute_y/port_reg[0]/D
                                8.57          11.56 f        -2.99  (VIOLATED)
   insc_router/transfer_unit_local/buffer_reg[0]/D
                                8.56          11.55 f        -2.99  (VIOLATED)
   insc_router/transfer_unit_local/buffer_reg[1]/D
                                8.56          11.55 f        -2.99  (VIOLATED)
   insc_router/transfer_unit_local/buffer_reg[2]/D
                                8.56          11.55 f        -2.99  (VIOLATED)
   insc_router/transfer_unit_local/buffer_reg[3]/D
                                8.56          11.55 f        -2.99  (VIOLATED)
   insc_router/transfer_unit_local/buffer_reg[4]/D
                                8.56          11.55 f        -2.99  (VIOLATED)
   insc_router/transfer_unit_local/buffer_reg[5]/D
                                8.56          11.55 f        -2.99  (VIOLATED)
   insc_router/transfer_unit_local/buffer_reg[6]/D
                                8.56          11.55 f        -2.99  (VIOLATED)
   insc_router/transfer_unit_local/buffer_reg[7]/D
                                8.56          11.55 f        -2.99  (VIOLATED)
   insc_router/transfer_unit_local/buffer_reg[8]/D
                                8.56          11.55 f        -2.99  (VIOLATED)
   insc_router/transfer_unit_local/buffer_reg[9]/D
                                8.56          11.55 f        -2.99  (VIOLATED)
   insc_router/transfer_unit_local/buffer_reg[10]/D
                                8.56          11.55 f        -2.99  (VIOLATED)
   insc_router/transfer_unit_local/buffer_reg[11]/D
                                8.56          11.55 f        -2.99  (VIOLATED)
   insc_router/transfer_unit_local/buffer_reg[12]/D
                                8.56          11.55 f        -2.99  (VIOLATED)
   insc_router/transfer_unit_local/buffer_reg[13]/D
                                8.56          11.55 f        -2.99  (VIOLATED)
   insc_router/transfer_unit_local/buffer_reg[14]/D
                                8.56          11.55 f        -2.99  (VIOLATED)
   insc_router/transfer_unit_local/buffer_reg[15]/D
                                8.56          11.55 f        -2.99  (VIOLATED)
   insc_router/transfer_unit_local/buffer_reg[16]/D
                                8.56          11.55 f        -2.99  (VIOLATED)
   insc_router/transfer_unit_local/buffer_reg[17]/D
                                8.56          11.55 f        -2.99  (VIOLATED)
   insc_router/transfer_unit_local/buffer_reg[18]/D
                                8.56          11.55 f        -2.99  (VIOLATED)
   insc_router/transfer_unit_local/buffer_reg[19]/D
                                8.56          11.55 f        -2.99  (VIOLATED)
   insc_router/transfer_unit_local/buffer_reg[20]/D
                                8.56          11.55 f        -2.99  (VIOLATED)
   insc_router/transfer_unit_local/buffer_reg[21]/D
                                8.56          11.55 f        -2.99  (VIOLATED)
   insc_router/transfer_unit_local/buffer_reg[22]/D
                                8.56          11.55 f        -2.99  (VIOLATED)
   insc_router/transfer_unit_local/buffer_reg[23]/D
                                8.56          11.55 f        -2.99  (VIOLATED)
   insc_router/transfer_unit_local/buffer_reg[24]/D
                                8.56          11.55 f        -2.99  (VIOLATED)
   insc_router/transfer_unit_local/buffer_reg[25]/D
                                8.56          11.55 f        -2.99  (VIOLATED)
   insc_router/transfer_unit_local/buffer_reg[26]/D
                                8.56          11.55 f        -2.99  (VIOLATED)
   insc_router/transfer_unit_local/buffer_reg[27]/D
                                8.56          11.55 f        -2.99  (VIOLATED)
   insc_router/transfer_unit_local/buffer_reg[28]/D
                                8.56          11.55 f        -2.99  (VIOLATED)
   insc_router/transfer_unit_local/buffer_reg[29]/D
                                8.56          11.55 f        -2.99  (VIOLATED)
   insc_router/transfer_unit_local/buffer_reg[30]/D
                                8.56          11.55 f        -2.99  (VIOLATED)
   insc_router/transfer_unit_local/buffer_reg[31]/D
                                8.56          11.55 f        -2.99  (VIOLATED)
   insc_router/transfer_unit_local/data_out_reg[0]/D
                                8.56          11.55 f        -2.99  (VIOLATED)
   insc_router/transfer_unit_local/data_out_reg[1]/D
                                8.56          11.55 f        -2.99  (VIOLATED)
   insc_router/transfer_unit_local/data_out_reg[2]/D
                                8.56          11.55 f        -2.99  (VIOLATED)
   insc_router/transfer_unit_local/data_out_reg[3]/D
                                8.56          11.55 f        -2.99  (VIOLATED)
   insc_router/transfer_unit_local/data_out_reg[4]/D
                                8.56          11.55 f        -2.99  (VIOLATED)
   insc_router/transfer_unit_local/data_out_reg[5]/D
                                8.56          11.55 f        -2.99  (VIOLATED)
   insc_router/transfer_unit_local/data_out_reg[6]/D
                                8.56          11.55 f        -2.99  (VIOLATED)
   insc_router/transfer_unit_local/data_out_reg[7]/D
                                8.56          11.55 f        -2.99  (VIOLATED)
   insc_router/transfer_unit_local/data_out_reg[8]/D
                                8.56          11.55 f        -2.99  (VIOLATED)
   insc_router/transfer_unit_local/data_out_reg[9]/D
                                8.56          11.55 f        -2.99  (VIOLATED)
   insc_router/transfer_unit_local/data_out_reg[10]/D
                                8.56          11.55 f        -2.99  (VIOLATED)
   insc_router/transfer_unit_local/data_out_reg[11]/D
                                8.56          11.55 f        -2.99  (VIOLATED)
   insc_router/transfer_unit_local/data_out_reg[12]/D
                                8.56          11.55 f        -2.99  (VIOLATED)
   insc_router/transfer_unit_local/data_out_reg[13]/D
                                8.56          11.55 f        -2.99  (VIOLATED)
   insc_router/transfer_unit_local/data_out_reg[14]/D
                                8.56          11.55 f        -2.99  (VIOLATED)
   insc_router/transfer_unit_local/data_out_reg[15]/D
                                8.56          11.55 f        -2.99  (VIOLATED)
   insc_router/transfer_unit_local/data_out_reg[16]/D
                                8.56          11.55 f        -2.99  (VIOLATED)
   insc_router/transfer_unit_local/data_out_reg[17]/D
                                8.56          11.55 f        -2.99  (VIOLATED)
   insc_router/transfer_unit_local/data_out_reg[18]/D
                                8.56          11.55 f        -2.99  (VIOLATED)
   insc_router/transfer_unit_local/data_out_reg[19]/D
                                8.56          11.55 f        -2.99  (VIOLATED)
   insc_router/transfer_unit_local/data_out_reg[20]/D
                                8.56          11.55 f        -2.99  (VIOLATED)
   insc_router/transfer_unit_local/data_out_reg[21]/D
                                8.56          11.55 f        -2.99  (VIOLATED)
   insc_router/transfer_unit_local/data_out_reg[22]/D
                                8.56          11.55 f        -2.99  (VIOLATED)
   insc_router/transfer_unit_local/data_out_reg[23]/D
                                8.56          11.55 f        -2.99  (VIOLATED)
   insc_router/transfer_unit_local/data_out_reg[24]/D
                                8.56          11.55 f        -2.99  (VIOLATED)
   insc_router/transfer_unit_local/data_out_reg[25]/D
                                8.56          11.55 f        -2.99  (VIOLATED)
   insc_router/transfer_unit_local/data_out_reg[26]/D
                                8.56          11.55 f        -2.99  (VIOLATED)
   insc_router/transfer_unit_local/data_out_reg[27]/D
                                8.56          11.55 f        -2.99  (VIOLATED)
   insc_router/transfer_unit_local/data_out_reg[28]/D
                                8.56          11.55 f        -2.99  (VIOLATED)
   insc_router/transfer_unit_local/data_out_reg[29]/D
                                8.56          11.55 f        -2.99  (VIOLATED)
   insc_router/transfer_unit_local/data_out_reg[30]/D
                                8.56          11.55 f        -2.99  (VIOLATED)
   insc_router/transfer_unit_local/data_out_reg[31]/D
                                8.56          11.55 f        -2.99  (VIOLATED)
   insc_router/unit_sa/port_local_valid_reg/D
                                8.57          11.54 f        -2.97  (VIOLATED)
   insc_router/unit_sa/port_x_dst_buf_reg[2]/D
                                8.57          11.53 f        -2.96  (VIOLATED)
   insc_router/input_unit_local/data_out_reg[18]/D
                                8.56          11.51 f        -2.96  (VIOLATED)
   insc_router/input_unit_local/data_out_reg[19]/D
                                8.56          11.51 f        -2.96  (VIOLATED)
   insc_router/input_unit_local/data_out_reg[20]/D
                                8.56          11.51 f        -2.96  (VIOLATED)
   insc_router/input_unit_local/data_out_reg[21]/D
                                8.56          11.51 f        -2.96  (VIOLATED)
   insc_router/input_unit_local/data_out_reg[22]/D
                                8.56          11.51 f        -2.96  (VIOLATED)
   insc_router/input_unit_local/data_out_reg[23]/D
                                8.56          11.51 f        -2.96  (VIOLATED)
   insc_router/input_unit_local/data_out_reg[24]/D
                                8.56          11.51 f        -2.96  (VIOLATED)
   insc_router/input_unit_local/data_out_reg[26]/D
                                8.56          11.51 f        -2.96  (VIOLATED)
   insc_router/input_unit_local/data_out_reg[27]/D
                                8.56          11.51 f        -2.96  (VIOLATED)
   insc_router/input_unit_local/data_out_reg[28]/D
                                8.56          11.51 f        -2.96  (VIOLATED)
   insc_router/input_unit_local/data_out_reg[29]/D
                                8.56          11.51 f        -2.96  (VIOLATED)
   insc_router/input_unit_local/data_out_reg[30]/D
                                8.56          11.51 f        -2.96  (VIOLATED)
   insc_router/input_unit_local/data_out_reg[31]/D
                                8.56          11.51 f        -2.96  (VIOLATED)
   insc_router/input_unit_local/data_out_reg[5]/D
                                8.57          11.52 f        -2.95  (VIOLATED)
   insc_router/input_unit_local/data_out_reg[6]/D
                                8.57          11.52 f        -2.95  (VIOLATED)
   insc_router/input_unit_local/data_out_reg[7]/D
                                8.57          11.52 f        -2.95  (VIOLATED)
   insc_router/input_unit_local/data_out_reg[11]/D
                                8.57          11.52 f        -2.95  (VIOLATED)
   insc_router/input_unit_local/data_out_reg[12]/D
                                8.57          11.52 f        -2.95  (VIOLATED)
   insc_router/input_unit_local/data_out_reg[14]/D
                                8.57          11.52 f        -2.95  (VIOLATED)
   insc_router/input_unit_local/data_out_reg[15]/D
                                8.57          11.52 f        -2.95  (VIOLATED)
   insc_router/input_unit_local/data_out_reg[25]/D
                                8.57          11.52 f        -2.95  (VIOLATED)
   insc_router/input_unit_local/fifo_rd_data_valid_reg/D
                                8.57          11.52 f        -2.95  (VIOLATED)
   insc_router/unit_sa/port_x_dst_buf_reg[1]/D
                                8.57          11.52 f        -2.95  (VIOLATED)
   insc_router/router_compute_x/port_reg[1]/D
                                8.57          11.51 f        -2.95  (VIOLATED)
   insc_router/input_unit_y/unit_fifo_local/fifo_ram/rd_data_reg[9]/D
                                8.67          11.61 r        -2.94  (VIOLATED)
   insc_router/input_unit_y/unit_fifo_local/fifo_ram/rd_data_reg[10]/D
                                8.67          11.61 r        -2.94  (VIOLATED)
   insc_router/input_unit_y/unit_fifo_local/fifo_ram/rd_data_reg[11]/D
                                8.67          11.61 r        -2.94  (VIOLATED)
   insc_router/input_unit_y/unit_fifo_local/fifo_ram/rd_data_reg[12]/D
                                8.67          11.61 r        -2.94  (VIOLATED)
   insc_router/input_unit_y/unit_fifo_local/fifo_ram/rd_data_reg[13]/D
                                8.67          11.61 r        -2.94  (VIOLATED)
   insc_router/input_unit_y/unit_fifo_local/fifo_ram/rd_data_reg[14]/D
                                8.67          11.61 r        -2.94  (VIOLATED)
   insc_router/input_unit_y/unit_fifo_local/fifo_ram/rd_data_reg[15]/D
                                8.67          11.61 r        -2.94  (VIOLATED)
   insc_router/input_unit_y/unit_fifo_local/fifo_ram/rd_data_reg[16]/D
                                8.67          11.61 r        -2.94  (VIOLATED)
   insc_router/input_unit_y/unit_fifo_local/fifo_ram/rd_data_reg[17]/D
                                8.67          11.61 r        -2.94  (VIOLATED)
   insc_router/input_unit_y/unit_fifo_local/fifo_ram/rd_data_reg[18]/D
                                8.67          11.61 r        -2.94  (VIOLATED)
   insc_router/input_unit_y/unit_fifo_local/fifo_ram/rd_data_reg[19]/D
                                8.67          11.61 r        -2.94  (VIOLATED)
   insc_router/input_unit_y/unit_fifo_local/fifo_ram/rd_data_reg[20]/D
                                8.67          11.61 r        -2.94  (VIOLATED)
   insc_router/input_unit_y/unit_fifo_local/fifo_ram/rd_data_reg[29]/D
                                8.67          11.61 r        -2.94  (VIOLATED)
   insc_router/input_unit_y/unit_fifo_local/fifo_ram/rd_data_reg[30]/D
                                8.67          11.61 r        -2.94  (VIOLATED)
   insc_router/input_unit_y/unit_fifo_local/fifo_ram/rd_data_reg[31]/D
                                8.67          11.61 r        -2.94  (VIOLATED)
   insc_router/input_unit_y/unit_fifo_local/fifo_ram/rd_data_reg[1]/D
                                8.67          11.61 r        -2.94  (VIOLATED)
   insc_router/input_unit_y/unit_fifo_local/fifo_ram/rd_data_reg[2]/D
                                8.67          11.61 r        -2.94  (VIOLATED)
   insc_router/input_unit_y/unit_fifo_local/fifo_ram/rd_data_reg[3]/D
                                8.67          11.61 r        -2.94  (VIOLATED)
   insc_router/input_unit_y/unit_fifo_local/fifo_ram/rd_data_reg[4]/D
                                8.67          11.61 r        -2.94  (VIOLATED)
   insc_router/input_unit_y/unit_fifo_local/fifo_ram/rd_data_reg[5]/D
                                8.67          11.61 r        -2.94  (VIOLATED)
   insc_router/input_unit_y/unit_fifo_local/fifo_ram/rd_data_reg[6]/D
                                8.67          11.61 r        -2.94  (VIOLATED)
   insc_router/input_unit_y/unit_fifo_local/fifo_ram/rd_data_reg[7]/D
                                8.67          11.61 r        -2.94  (VIOLATED)
   insc_router/unit_sa/port_y_dst_buf_reg[1]/D
                                8.57          11.51 f        -2.94  (VIOLATED)
   insc_router/input_unit_y/unit_fifo_local/fifo_ram/rd_data_reg[21]/D
                                8.57          11.51 f        -2.94  (VIOLATED)
   insc_router/input_unit_y/unit_fifo_local/fifo_ram/rd_data_reg[22]/D
                                8.57          11.51 f        -2.94  (VIOLATED)
   insc_router/input_unit_y/unit_fifo_local/fifo_ram/rd_data_reg[23]/D
                                8.57          11.51 f        -2.94  (VIOLATED)
   insc_router/input_unit_y/unit_fifo_local/fifo_ram/rd_data_reg[24]/D
                                8.57          11.51 f        -2.94  (VIOLATED)
   insc_router/input_unit_y/unit_fifo_local/fifo_ram/rd_data_reg[25]/D
                                8.57          11.51 f        -2.94  (VIOLATED)
   insc_router/input_unit_y/unit_fifo_local/fifo_ram/rd_data_reg[26]/D
                                8.57          11.51 f        -2.94  (VIOLATED)
   insc_router/input_unit_y/unit_fifo_local/fifo_ram/rd_data_reg[27]/D
                                8.57          11.51 f        -2.94  (VIOLATED)
   insc_router/input_unit_y/unit_fifo_local/fifo_ram/rd_data_reg[28]/D
                                8.57          11.51 f        -2.94  (VIOLATED)
   insc_router/input_unit_local/unit_fifo_local/fifo_ram/rd_data_reg[8]/D
                                8.57          11.51 f        -2.94  (VIOLATED)
   insc_router/input_unit_local/unit_fifo_local/fifo_ram/rd_data_reg[9]/D
                                8.57          11.51 f        -2.94  (VIOLATED)
   insc_router/input_unit_local/unit_fifo_local/fifo_ram/rd_data_reg[10]/D
                                8.57          11.51 f        -2.94  (VIOLATED)
   insc_router/input_unit_local/unit_fifo_local/fifo_ram/rd_data_reg[11]/D
                                8.57          11.51 f        -2.94  (VIOLATED)
   insc_router/input_unit_local/unit_fifo_local/fifo_ram/rd_data_reg[12]/D
                                8.57          11.51 f        -2.94  (VIOLATED)
   insc_router/input_unit_local/unit_fifo_local/fifo_ram/rd_data_reg[13]/D
                                8.57          11.51 f        -2.94  (VIOLATED)
   insc_router/input_unit_local/unit_fifo_local/fifo_ram/rd_data_reg[14]/D
                                8.57          11.51 f        -2.94  (VIOLATED)
   insc_router/input_unit_local/unit_fifo_local/fifo_ram/rd_data_reg[15]/D
                                8.57          11.51 f        -2.94  (VIOLATED)
   insc_router/input_unit_local/unit_fifo_local/fifo_ram/rd_data_reg[16]/D
                                8.57          11.51 f        -2.94  (VIOLATED)
   insc_router/input_unit_local/unit_fifo_local/fifo_ram/rd_data_reg[17]/D
                                8.57          11.51 f        -2.94  (VIOLATED)
   insc_router/input_unit_local/unit_fifo_local/fifo_ram/rd_data_reg[18]/D
                                8.57          11.51 f        -2.94  (VIOLATED)
   insc_router/input_unit_local/unit_fifo_local/fifo_ram/rd_data_reg[19]/D
                                8.57          11.51 f        -2.94  (VIOLATED)
   insc_router/input_unit_local/unit_fifo_local/fifo_ram/rd_data_reg[20]/D
                                8.57          11.51 f        -2.94  (VIOLATED)
   insc_router/input_unit_local/unit_fifo_local/fifo_ram/rd_data_reg[21]/D
                                8.57          11.51 f        -2.94  (VIOLATED)
   insc_router/input_unit_local/unit_fifo_local/fifo_ram/rd_data_reg[22]/D
                                8.57          11.51 f        -2.94  (VIOLATED)
   insc_router/input_unit_local/unit_fifo_local/fifo_ram/rd_data_reg[23]/D
                                8.57          11.51 f        -2.94  (VIOLATED)
   insc_router/input_unit_local/unit_fifo_local/fifo_ram/rd_data_reg[24]/D
                                8.57          11.51 f        -2.94  (VIOLATED)
   insc_router/input_unit_local/unit_fifo_local/fifo_ram/rd_data_reg[25]/D
                                8.57          11.51 f        -2.94  (VIOLATED)
   insc_router/input_unit_local/unit_fifo_local/fifo_ram/rd_data_reg[26]/D
                                8.57          11.51 f        -2.94  (VIOLATED)
   insc_router/input_unit_local/unit_fifo_local/fifo_ram/rd_data_reg[27]/D
                                8.57          11.51 f        -2.94  (VIOLATED)
   insc_router/input_unit_local/unit_fifo_local/fifo_ram/rd_data_reg[28]/D
                                8.57          11.51 f        -2.94  (VIOLATED)
   insc_router/input_unit_local/unit_fifo_local/fifo_ram/rd_data_reg[29]/D
                                8.57          11.51 f        -2.94  (VIOLATED)
   insc_router/input_unit_local/unit_fifo_local/fifo_ram/rd_data_reg[31]/D
                                8.57          11.51 f        -2.94  (VIOLATED)
   insc_router/input_unit_local/unit_fifo_local/fifo_ram/rd_data_reg[1]/D
                                8.57          11.51 f        -2.94  (VIOLATED)
   insc_router/input_unit_local/unit_fifo_local/fifo_ram/rd_data_reg[2]/D
                                8.57          11.51 f        -2.94  (VIOLATED)
   insc_router/input_unit_local/unit_fifo_local/fifo_ram/rd_data_reg[3]/D
                                8.57          11.51 f        -2.94  (VIOLATED)
   insc_router/input_unit_local/unit_fifo_local/fifo_ram/rd_data_reg[4]/D
                                8.57          11.51 f        -2.94  (VIOLATED)
   insc_router/input_unit_local/unit_fifo_local/fifo_ram/rd_data_reg[5]/D
                                8.57          11.51 f        -2.94  (VIOLATED)
   insc_router/input_unit_local/unit_fifo_local/fifo_ram/rd_data_reg[6]/D
                                8.57          11.51 f        -2.94  (VIOLATED)
   insc_router/input_unit_local/unit_fifo_local/fifo_ram/rd_data_reg[7]/D
                                8.57          11.51 f        -2.94  (VIOLATED)
   insc_router/input_unit_y/unit_fifo_local/fifo_ram/rd_data_reg[8]/D
                                8.57          11.50 f        -2.93  (VIOLATED)
   insc_router/input_unit_y/unit_fifo_local/fifo_ram/rd_data_reg[0]/D
                                8.57          11.50 f        -2.93  (VIOLATED)
   insc_router/input_unit_local/unit_fifo_local/fifo_ram/rd_data_reg[30]/D
                                8.57          11.50 f        -2.93  (VIOLATED)
   insc_router/unit_sa/port_x_dst_buf_reg[0]/D
                                8.57          11.50 f        -2.93  (VIOLATED)
   insc_router/input_unit_local/unit_fifo_local/fifo_ram/rd_data_reg[0]/D
                                8.57          11.50 f        -2.93  (VIOLATED)
   insc_router/transfer_unit_y/buffer_reg[7]/D
                                8.56          11.48 f        -2.92  (VIOLATED)
   insc_router/transfer_unit_y/buffer_reg[8]/D
                                8.56          11.48 f        -2.92  (VIOLATED)
   insc_router/transfer_unit_y/buffer_reg[9]/D
                                8.56          11.48 f        -2.92  (VIOLATED)
   insc_router/transfer_unit_y/buffer_reg[10]/D
                                8.56          11.48 f        -2.92  (VIOLATED)
   insc_router/transfer_unit_y/buffer_reg[11]/D
                                8.56          11.48 f        -2.92  (VIOLATED)
   insc_router/transfer_unit_y/buffer_reg[12]/D
                                8.56          11.48 f        -2.92  (VIOLATED)
   insc_router/transfer_unit_y/buffer_reg[13]/D
                                8.56          11.48 f        -2.92  (VIOLATED)
   insc_router/transfer_unit_y/buffer_reg[14]/D
                                8.56          11.48 f        -2.92  (VIOLATED)
   insc_router/transfer_unit_y/buffer_reg[15]/D
                                8.56          11.48 f        -2.92  (VIOLATED)
   insc_router/transfer_unit_y/buffer_reg[16]/D
                                8.56          11.48 f        -2.92  (VIOLATED)
   insc_router/transfer_unit_y/buffer_reg[17]/D
                                8.56          11.48 f        -2.92  (VIOLATED)
   insc_router/transfer_unit_y/buffer_reg[18]/D
                                8.56          11.48 f        -2.92  (VIOLATED)
   insc_router/transfer_unit_y/buffer_reg[0]/D
                                8.56          11.48 f        -2.92  (VIOLATED)
   insc_router/transfer_unit_y/buffer_reg[1]/D
                                8.56          11.48 f        -2.92  (VIOLATED)
   insc_router/transfer_unit_y/buffer_reg[2]/D
                                8.56          11.48 f        -2.92  (VIOLATED)
   insc_router/transfer_unit_y/buffer_reg[3]/D
                                8.56          11.48 f        -2.92  (VIOLATED)
   insc_router/transfer_unit_y/buffer_reg[4]/D
                                8.56          11.48 f        -2.92  (VIOLATED)
   insc_router/transfer_unit_y/buffer_reg[5]/D
                                8.56          11.48 f        -2.92  (VIOLATED)
   insc_router/transfer_unit_y/buffer_reg[6]/D
                                8.56          11.48 f        -2.92  (VIOLATED)
   insc_router/transfer_unit_y/data_out_reg[26]/D
                                8.56          11.48 f        -2.92  (VIOLATED)
   insc_router/transfer_unit_y/data_out_reg[27]/D
                                8.56          11.48 f        -2.92  (VIOLATED)
   insc_router/transfer_unit_y/data_out_reg[28]/D
                                8.56          11.48 f        -2.92  (VIOLATED)
   insc_router/transfer_unit_y/data_out_reg[29]/D
                                8.56          11.48 f        -2.92  (VIOLATED)
   insc_router/transfer_unit_y/data_out_reg[30]/D
                                8.56          11.48 f        -2.92  (VIOLATED)
   insc_router/transfer_unit_y/data_out_reg[31]/D
                                8.56          11.48 f        -2.92  (VIOLATED)
   insc_router/transfer_unit_y/buffer_reg[20]/D
                                8.56          11.48 f        -2.91  (VIOLATED)
   insc_router/transfer_unit_y/buffer_reg[21]/D
                                8.56          11.48 f        -2.91  (VIOLATED)
   insc_router/transfer_unit_y/buffer_reg[22]/D
                                8.56          11.48 f        -2.91  (VIOLATED)
   insc_router/transfer_unit_y/buffer_reg[23]/D
                                8.56          11.48 f        -2.91  (VIOLATED)
   insc_router/transfer_unit_y/buffer_reg[24]/D
                                8.56          11.48 f        -2.91  (VIOLATED)
   insc_router/transfer_unit_y/buffer_reg[25]/D
                                8.56          11.48 f        -2.91  (VIOLATED)
   insc_router/transfer_unit_y/buffer_reg[26]/D
                                8.56          11.48 f        -2.91  (VIOLATED)
   insc_router/transfer_unit_y/buffer_reg[27]/D
                                8.56          11.48 f        -2.91  (VIOLATED)
   insc_router/transfer_unit_y/buffer_reg[28]/D
                                8.56          11.48 f        -2.91  (VIOLATED)
   insc_router/transfer_unit_y/buffer_reg[29]/D
                                8.56          11.48 f        -2.91  (VIOLATED)
   insc_router/transfer_unit_y/buffer_reg[30]/D
                                8.56          11.48 f        -2.91  (VIOLATED)
   insc_router/transfer_unit_y/buffer_reg[31]/D
                                8.56          11.48 f        -2.91  (VIOLATED)
   insc_router/transfer_unit_y/data_out_reg[0]/D
                                8.56          11.48 f        -2.91  (VIOLATED)
   insc_router/transfer_unit_y/data_out_reg[2]/D
                                8.56          11.48 f        -2.91  (VIOLATED)
   insc_router/transfer_unit_y/data_out_reg[3]/D
                                8.56          11.48 f        -2.91  (VIOLATED)
   insc_router/transfer_unit_y/data_out_reg[4]/D
                                8.56          11.48 f        -2.91  (VIOLATED)
   insc_router/transfer_unit_y/data_out_reg[7]/D
                                8.56          11.48 f        -2.91  (VIOLATED)
   insc_router/transfer_unit_y/data_out_reg[8]/D
                                8.56          11.48 f        -2.91  (VIOLATED)
   insc_router/transfer_unit_y/data_out_reg[9]/D
                                8.56          11.48 f        -2.91  (VIOLATED)
   insc_router/transfer_unit_y/data_out_reg[10]/D
                                8.56          11.48 f        -2.91  (VIOLATED)
   insc_router/transfer_unit_y/data_out_reg[11]/D
                                8.56          11.48 f        -2.91  (VIOLATED)
   insc_router/transfer_unit_y/data_out_reg[12]/D
                                8.56          11.48 f        -2.91  (VIOLATED)
   insc_router/transfer_unit_y/data_out_reg[14]/D
                                8.56          11.48 f        -2.91  (VIOLATED)
   insc_router/transfer_unit_y/data_out_reg[16]/D
                                8.56          11.48 f        -2.91  (VIOLATED)
   insc_router/transfer_unit_y/data_out_reg[17]/D
                                8.56          11.48 f        -2.91  (VIOLATED)
   insc_router/transfer_unit_y/data_out_reg[18]/D
                                8.56          11.48 f        -2.91  (VIOLATED)
   insc_router/transfer_unit_y/data_out_reg[19]/D
                                8.56          11.48 f        -2.91  (VIOLATED)
   insc_router/transfer_unit_y/data_out_reg[21]/D
                                8.56          11.48 f        -2.91  (VIOLATED)
   insc_router/transfer_unit_y/buffer_reg[19]/D
                                8.56          11.48 f        -2.91  (VIOLATED)
   insc_router/input_unit_y/unit_fifo_local/raddr_reg[0]/D
                                8.51          11.42 f        -2.91  (VIOLATED)
   insc_router/transfer_unit_y/data_out_reg[1]/D
                                8.56          11.47 f        -2.91  (VIOLATED)
   insc_router/transfer_unit_y/data_out_reg[5]/D
                                8.56          11.47 f        -2.91  (VIOLATED)
   insc_router/transfer_unit_y/data_out_reg[6]/D
                                8.56          11.47 f        -2.91  (VIOLATED)
   insc_router/transfer_unit_y/data_out_reg[13]/D
                                8.56          11.47 f        -2.91  (VIOLATED)
   insc_router/transfer_unit_y/data_out_reg[15]/D
                                8.56          11.47 f        -2.91  (VIOLATED)
   insc_router/transfer_unit_y/data_out_reg[20]/D
                                8.56          11.47 f        -2.91  (VIOLATED)
   insc_router/transfer_unit_y/data_out_reg[22]/D
                                8.56          11.47 f        -2.91  (VIOLATED)
   insc_router/transfer_unit_y/data_out_reg[23]/D
                                8.56          11.47 f        -2.91  (VIOLATED)
   insc_router/transfer_unit_y/data_out_reg[24]/D
                                8.56          11.47 f        -2.91  (VIOLATED)
   insc_router/transfer_unit_y/data_out_reg[25]/D
                                8.56          11.47 f        -2.91  (VIOLATED)
   insc_router/unit_sa/port_y_dst_buf_reg[2]/D
                                8.57          11.48 f        -2.90  (VIOLATED)
   insc_router/router_compute_local/port_reg[0]/D
                                8.57          11.46 f        -2.88  (VIOLATED)
   insc_router/transfer_unit_x/buffer_reg[29]/D
                                8.57          11.45 f        -2.88  (VIOLATED)
   insc_router/transfer_unit_x/buffer_reg[30]/D
                                8.57          11.45 f        -2.88  (VIOLATED)
   insc_router/transfer_unit_x/buffer_reg[31]/D
                                8.57          11.45 f        -2.88  (VIOLATED)
   insc_router/input_unit_y/unit_fifo_local/fifo_ram/dual_port_ram_reg[2][0]/D
                                8.56          11.43 f        -2.87  (VIOLATED)
   insc_router/input_unit_y/unit_fifo_local/fifo_ram/dual_port_ram_reg[2][1]/D
                                8.56          11.43 f        -2.87  (VIOLATED)
   insc_router/input_unit_y/unit_fifo_local/fifo_ram/dual_port_ram_reg[2][2]/D
                                8.56          11.43 f        -2.87  (VIOLATED)
   insc_router/input_unit_y/unit_fifo_local/fifo_ram/dual_port_ram_reg[2][3]/D
                                8.56          11.43 f        -2.87  (VIOLATED)
   insc_router/input_unit_y/unit_fifo_local/fifo_ram/dual_port_ram_reg[2][4]/D
                                8.56          11.43 f        -2.87  (VIOLATED)
   insc_router/input_unit_y/unit_fifo_local/fifo_ram/dual_port_ram_reg[2][5]/D
                                8.56          11.43 f        -2.87  (VIOLATED)
   insc_router/input_unit_y/unit_fifo_local/fifo_ram/dual_port_ram_reg[2][6]/D
                                8.56          11.43 f        -2.87  (VIOLATED)
   insc_router/input_unit_y/unit_fifo_local/fifo_ram/dual_port_ram_reg[2][7]/D
                                8.56          11.43 f        -2.87  (VIOLATED)
   insc_router/input_unit_y/unit_fifo_local/fifo_ram/dual_port_ram_reg[2][8]/D
                                8.56          11.43 f        -2.87  (VIOLATED)
   insc_router/input_unit_y/unit_fifo_local/fifo_ram/dual_port_ram_reg[2][9]/D
                                8.56          11.43 f        -2.87  (VIOLATED)
   insc_router/input_unit_y/unit_fifo_local/fifo_ram/dual_port_ram_reg[2][10]/D
                                8.56          11.43 f        -2.87  (VIOLATED)
   insc_router/input_unit_y/unit_fifo_local/fifo_ram/dual_port_ram_reg[2][11]/D
                                8.56          11.43 f        -2.87  (VIOLATED)
   insc_router/input_unit_y/unit_fifo_local/fifo_ram/dual_port_ram_reg[2][12]/D
                                8.56          11.43 f        -2.87  (VIOLATED)
   insc_router/input_unit_y/unit_fifo_local/fifo_ram/dual_port_ram_reg[2][13]/D
                                8.56          11.43 f        -2.87  (VIOLATED)
   insc_router/input_unit_y/unit_fifo_local/fifo_ram/dual_port_ram_reg[2][14]/D
                                8.56          11.43 f        -2.87  (VIOLATED)
   insc_router/input_unit_y/unit_fifo_local/fifo_ram/dual_port_ram_reg[2][15]/D
                                8.56          11.43 f        -2.87  (VIOLATED)
   insc_router/input_unit_y/unit_fifo_local/fifo_ram/dual_port_ram_reg[2][16]/D
                                8.56          11.43 f        -2.87  (VIOLATED)
   insc_router/input_unit_y/unit_fifo_local/fifo_ram/dual_port_ram_reg[2][17]/D
                                8.56          11.43 f        -2.87  (VIOLATED)
   insc_router/input_unit_y/unit_fifo_local/fifo_ram/dual_port_ram_reg[2][18]/D
                                8.56          11.43 f        -2.87  (VIOLATED)
   insc_router/input_unit_y/unit_fifo_local/fifo_ram/dual_port_ram_reg[2][19]/D
                                8.56          11.43 f        -2.87  (VIOLATED)
   insc_router/input_unit_y/unit_fifo_local/fifo_ram/dual_port_ram_reg[2][20]/D
                                8.56          11.43 f        -2.87  (VIOLATED)
   insc_router/input_unit_y/unit_fifo_local/fifo_ram/dual_port_ram_reg[2][21]/D
                                8.56          11.43 f        -2.87  (VIOLATED)
   insc_router/input_unit_y/unit_fifo_local/fifo_ram/dual_port_ram_reg[2][22]/D
                                8.56          11.43 f        -2.87  (VIOLATED)
   insc_router/input_unit_y/unit_fifo_local/fifo_ram/dual_port_ram_reg[2][23]/D
                                8.56          11.43 f        -2.87  (VIOLATED)
   insc_router/input_unit_y/unit_fifo_local/fifo_ram/dual_port_ram_reg[2][24]/D
                                8.56          11.43 f        -2.87  (VIOLATED)
   insc_router/input_unit_y/unit_fifo_local/fifo_ram/dual_port_ram_reg[2][25]/D
                                8.56          11.43 f        -2.87  (VIOLATED)
   insc_router/input_unit_y/unit_fifo_local/fifo_ram/dual_port_ram_reg[2][26]/D
                                8.56          11.43 f        -2.87  (VIOLATED)
   insc_router/input_unit_y/unit_fifo_local/fifo_ram/dual_port_ram_reg[2][27]/D
                                8.56          11.43 f        -2.87  (VIOLATED)
   insc_router/input_unit_local/data_out_reg[1]/D
                                8.56          11.42 f        -2.86  (VIOLATED)
   insc_router/input_unit_local/data_out_reg[2]/D
                                8.56          11.42 f        -2.86  (VIOLATED)
   insc_router/input_unit_local/data_valid_reg/D
                                8.56          11.42 f        -2.86  (VIOLATED)
   insc_router/router_compute_local/port_reg[2]/D
                                8.57          11.43 f        -2.86  (VIOLATED)
   insc_router/unit_sa/port_local_dst_buf_reg[1]/D
                                8.57          11.40 f        -2.83  (VIOLATED)
   insc_router/unit_sa/port_local_dst_buf_reg[0]/D
                                8.57          11.40 f        -2.83  (VIOLATED)
   insc_router/input_unit_x/unit_fifo_local/fifo_ram/dual_port_ram_reg[0][0]/D
                                8.56          11.36 f        -2.80  (VIOLATED)
   insc_router/input_unit_x/unit_fifo_local/fifo_ram/dual_port_ram_reg[0][1]/D
                                8.56          11.36 f        -2.80  (VIOLATED)
   insc_router/input_unit_x/unit_fifo_local/fifo_ram/dual_port_ram_reg[0][2]/D
                                8.56          11.36 f        -2.80  (VIOLATED)
   insc_router/input_unit_x/unit_fifo_local/fifo_ram/dual_port_ram_reg[0][3]/D
                                8.56          11.36 f        -2.80  (VIOLATED)
   insc_router/input_unit_x/unit_fifo_local/fifo_ram/dual_port_ram_reg[0][4]/D
                                8.56          11.36 f        -2.80  (VIOLATED)
   insc_router/input_unit_x/unit_fifo_local/fifo_ram/dual_port_ram_reg[0][5]/D
                                8.56          11.36 f        -2.80  (VIOLATED)
   insc_router/input_unit_y/unit_fifo_local/fifo_ram/dual_port_ram_reg[6][0]/D
                                8.56          11.36 f        -2.80  (VIOLATED)
   insc_router/input_unit_y/unit_fifo_local/fifo_ram/dual_port_ram_reg[6][1]/D
                                8.56          11.36 f        -2.80  (VIOLATED)
   insc_router/input_unit_y/unit_fifo_local/fifo_ram/dual_port_ram_reg[6][3]/D
                                8.56          11.36 f        -2.80  (VIOLATED)
   insc_router/input_unit_y/unit_fifo_local/fifo_ram/dual_port_ram_reg[6][5]/D
                                8.56          11.36 f        -2.80  (VIOLATED)
   insc_router/input_unit_y/unit_fifo_local/fifo_ram/dual_port_ram_reg[6][6]/D
                                8.56          11.36 f        -2.80  (VIOLATED)
   insc_router/input_unit_y/unit_fifo_local/fifo_ram/dual_port_ram_reg[6][7]/D
                                8.56          11.36 f        -2.80  (VIOLATED)
   insc_router/input_unit_y/unit_fifo_local/fifo_ram/dual_port_ram_reg[6][8]/D
                                8.56          11.36 f        -2.80  (VIOLATED)
   insc_router/input_unit_y/unit_fifo_local/fifo_ram/dual_port_ram_reg[6][9]/D
                                8.56          11.36 f        -2.80  (VIOLATED)
   insc_router/input_unit_y/unit_fifo_local/fifo_ram/dual_port_ram_reg[6][10]/D
                                8.56          11.36 f        -2.80  (VIOLATED)
   insc_router/input_unit_y/unit_fifo_local/fifo_ram/dual_port_ram_reg[6][11]/D
                                8.56          11.36 f        -2.80  (VIOLATED)
   insc_router/input_unit_y/unit_fifo_local/fifo_ram/dual_port_ram_reg[6][12]/D
                                8.56          11.36 f        -2.80  (VIOLATED)
   insc_router/input_unit_y/unit_fifo_local/fifo_ram/dual_port_ram_reg[6][13]/D
                                8.56          11.36 f        -2.80  (VIOLATED)
   insc_router/input_unit_y/unit_fifo_local/fifo_ram/dual_port_ram_reg[6][14]/D
                                8.56          11.36 f        -2.80  (VIOLATED)
   insc_router/input_unit_y/unit_fifo_local/fifo_ram/dual_port_ram_reg[6][15]/D
                                8.56          11.36 f        -2.80  (VIOLATED)
   insc_router/input_unit_y/unit_fifo_local/fifo_ram/dual_port_ram_reg[6][16]/D
                                8.56          11.36 f        -2.80  (VIOLATED)
   insc_router/input_unit_y/unit_fifo_local/fifo_ram/dual_port_ram_reg[6][17]/D
                                8.56          11.36 f        -2.80  (VIOLATED)
   insc_router/input_unit_y/unit_fifo_local/fifo_ram/dual_port_ram_reg[6][18]/D
                                8.56          11.36 f        -2.80  (VIOLATED)
   insc_router/input_unit_y/unit_fifo_local/fifo_ram/dual_port_ram_reg[6][20]/D
                                8.56          11.36 f        -2.80  (VIOLATED)
   insc_router/input_unit_y/unit_fifo_local/fifo_ram/dual_port_ram_reg[6][21]/D
                                8.56          11.36 f        -2.80  (VIOLATED)
   insc_router/input_unit_y/unit_fifo_local/fifo_ram/dual_port_ram_reg[6][23]/D
                                8.56          11.36 f        -2.80  (VIOLATED)
   insc_router/input_unit_y/unit_fifo_local/fifo_ram/dual_port_ram_reg[6][25]/D
                                8.56          11.36 f        -2.80  (VIOLATED)
   insc_router/input_unit_y/unit_fifo_local/fifo_ram/dual_port_ram_reg[6][27]/D
                                8.56          11.36 f        -2.80  (VIOLATED)
   insc_router/input_unit_y/unit_fifo_local/fifo_ram/dual_port_ram_reg[6][28]/D
                                8.56          11.36 f        -2.80  (VIOLATED)
   insc_router/input_unit_y/unit_fifo_local/fifo_ram/dual_port_ram_reg[6][30]/D
                                8.56          11.36 f        -2.80  (VIOLATED)
   insc_router/input_unit_local/data_out_reg[0]/D
                                8.57          11.37 f        -2.80  (VIOLATED)
   insc_router/input_unit_local/data_out_reg[4]/D
                                8.57          11.37 f        -2.80  (VIOLATED)
   insc_router/input_unit_x/data_out_reg[18]/D
                                8.57          11.37 f        -2.80  (VIOLATED)
   insc_router/input_unit_x/data_out_reg[19]/D
                                8.57          11.37 f        -2.80  (VIOLATED)
   insc_router/input_unit_x/data_out_reg[20]/D
                                8.57          11.37 f        -2.80  (VIOLATED)
   insc_router/input_unit_x/data_out_reg[21]/D
                                8.57          11.37 f        -2.80  (VIOLATED)
   insc_router/input_unit_x/data_out_reg[22]/D
                                8.57          11.37 f        -2.80  (VIOLATED)
   insc_router/input_unit_x/data_out_reg[23]/D
                                8.57          11.37 f        -2.80  (VIOLATED)
   insc_router/input_unit_x/data_out_reg[24]/D
                                8.57          11.37 f        -2.80  (VIOLATED)
   insc_router/out_unit_x/data_out_reg[14]/D
                                8.59          11.38 r        -2.79  (VIOLATED)
   insc_router/out_unit_x/data_out_reg[15]/D
                                8.59          11.38 r        -2.79  (VIOLATED)
   insc_router/out_unit_x/data_out_reg[16]/D
                                8.59          11.38 r        -2.79  (VIOLATED)
   insc_router/out_unit_x/data_out_reg[17]/D
                                8.59          11.38 r        -2.79  (VIOLATED)
   insc_router/out_unit_x/data_out_reg[18]/D
                                8.59          11.38 r        -2.79  (VIOLATED)
   insc_router/out_unit_x/data_out_reg[19]/D
                                8.59          11.38 r        -2.79  (VIOLATED)
   insc_router/out_unit_x/data_out_reg[20]/D
                                8.59          11.38 r        -2.79  (VIOLATED)
   insc_router/out_unit_x/data_out_reg[21]/D
                                8.59          11.38 r        -2.79  (VIOLATED)
   insc_router/out_unit_x/data_out_reg[22]/D
                                8.59          11.38 r        -2.79  (VIOLATED)
   insc_router/out_unit_x/data_out_reg[23]/D
                                8.59          11.38 r        -2.79  (VIOLATED)
   insc_router/out_unit_x/data_out_reg[24]/D
                                8.59          11.38 r        -2.79  (VIOLATED)
   insc_router/out_unit_x/data_out_reg[25]/D
                                8.59          11.38 r        -2.79  (VIOLATED)
   insc_router/out_unit_x/data_out_reg[26]/D
                                8.59          11.38 r        -2.79  (VIOLATED)
   insc_router/out_unit_x/data_out_reg[27]/D
                                8.59          11.38 r        -2.79  (VIOLATED)
   insc_router/out_unit_x/data_out_reg[28]/D
                                8.59          11.38 r        -2.79  (VIOLATED)
   insc_router/out_unit_x/data_out_reg[29]/D
                                8.59          11.38 r        -2.79  (VIOLATED)
   insc_router/out_unit_x/data_out_reg[30]/D
                                8.59          11.38 r        -2.79  (VIOLATED)
   insc_router/unit_sa/port_local_dst_buf_reg[2]/D
                                8.57          11.36 f        -2.79  (VIOLATED)
   insc_router/input_unit_local/unit_fifo_local/fifo_ram/dual_port_ram_reg[6][0]/D
                                8.56          11.35 f        -2.79  (VIOLATED)
   insc_router/input_unit_local/unit_fifo_local/fifo_ram/dual_port_ram_reg[6][1]/D
                                8.56          11.35 f        -2.79  (VIOLATED)
   insc_router/input_unit_local/unit_fifo_local/fifo_ram/dual_port_ram_reg[6][3]/D
                                8.56          11.35 f        -2.79  (VIOLATED)
   insc_router/input_unit_local/unit_fifo_local/fifo_ram/dual_port_ram_reg[6][5]/D
                                8.56          11.35 f        -2.79  (VIOLATED)
   insc_router/input_unit_local/unit_fifo_local/fifo_ram/dual_port_ram_reg[6][6]/D
                                8.56          11.35 f        -2.79  (VIOLATED)
   insc_router/input_unit_local/unit_fifo_local/fifo_ram/dual_port_ram_reg[6][7]/D
                                8.56          11.35 f        -2.79  (VIOLATED)
   insc_router/input_unit_local/unit_fifo_local/fifo_ram/dual_port_ram_reg[6][8]/D
                                8.56          11.35 f        -2.79  (VIOLATED)
   insc_router/input_unit_local/unit_fifo_local/fifo_ram/dual_port_ram_reg[6][9]/D
                                8.56          11.35 f        -2.79  (VIOLATED)
   insc_router/input_unit_local/unit_fifo_local/fifo_ram/dual_port_ram_reg[6][10]/D
                                8.56          11.35 f        -2.79  (VIOLATED)
   insc_router/input_unit_local/unit_fifo_local/fifo_ram/dual_port_ram_reg[6][11]/D
                                8.56          11.35 f        -2.79  (VIOLATED)
   insc_router/input_unit_local/unit_fifo_local/fifo_ram/dual_port_ram_reg[6][12]/D
                                8.56          11.35 f        -2.79  (VIOLATED)
   insc_router/input_unit_local/unit_fifo_local/fifo_ram/dual_port_ram_reg[6][13]/D
                                8.56          11.35 f        -2.79  (VIOLATED)
   insc_router/input_unit_local/unit_fifo_local/fifo_ram/dual_port_ram_reg[6][14]/D
                                8.56          11.35 f        -2.79  (VIOLATED)
   insc_router/input_unit_local/unit_fifo_local/fifo_ram/dual_port_ram_reg[6][15]/D
                                8.56          11.35 f        -2.79  (VIOLATED)
   insc_router/input_unit_local/unit_fifo_local/fifo_ram/dual_port_ram_reg[6][16]/D
                                8.56          11.35 f        -2.79  (VIOLATED)
   insc_router/input_unit_local/unit_fifo_local/fifo_ram/dual_port_ram_reg[6][17]/D
                                8.56          11.35 f        -2.79  (VIOLATED)
   insc_router/input_unit_local/unit_fifo_local/fifo_ram/dual_port_ram_reg[6][18]/D
                                8.56          11.35 f        -2.79  (VIOLATED)
   insc_router/input_unit_local/unit_fifo_local/fifo_ram/dual_port_ram_reg[6][20]/D
                                8.56          11.35 f        -2.79  (VIOLATED)
   insc_router/input_unit_local/unit_fifo_local/fifo_ram/dual_port_ram_reg[6][21]/D
                                8.56          11.35 f        -2.79  (VIOLATED)
   insc_router/input_unit_local/unit_fifo_local/fifo_ram/dual_port_ram_reg[6][23]/D
                                8.56          11.35 f        -2.79  (VIOLATED)
   insc_router/input_unit_local/unit_fifo_local/fifo_ram/dual_port_ram_reg[6][25]/D
                                8.56          11.35 f        -2.79  (VIOLATED)
   insc_router/input_unit_local/unit_fifo_local/fifo_ram/dual_port_ram_reg[6][27]/D
                                8.56          11.35 f        -2.79  (VIOLATED)
   insc_router/input_unit_local/unit_fifo_local/fifo_ram/dual_port_ram_reg[6][28]/D
                                8.56          11.35 f        -2.79  (VIOLATED)
   insc_router/input_unit_local/unit_fifo_local/fifo_ram/dual_port_ram_reg[6][30]/D
                                8.56          11.35 f        -2.79  (VIOLATED)
   insc_router/input_unit_x/unit_fifo_local/fifo_ram/dual_port_ram_reg[5][6]/D
                                8.56          11.35 f        -2.79  (VIOLATED)
   insc_router/input_unit_x/unit_fifo_local/fifo_ram/dual_port_ram_reg[5][8]/D
                                8.56          11.35 f        -2.79  (VIOLATED)
   insc_router/input_unit_x/unit_fifo_local/fifo_ram/dual_port_ram_reg[5][10]/D
                                8.56          11.35 f        -2.79  (VIOLATED)
   insc_router/input_unit_x/unit_fifo_local/fifo_ram/dual_port_ram_reg[5][12]/D
                                8.56          11.35 f        -2.79  (VIOLATED)
   insc_router/input_unit_x/unit_fifo_local/fifo_ram/dual_port_ram_reg[5][14]/D
                                8.56          11.35 f        -2.79  (VIOLATED)
   insc_router/input_unit_x/unit_fifo_local/fifo_ram/dual_port_ram_reg[5][16]/D
                                8.56          11.35 f        -2.79  (VIOLATED)
   insc_router/input_unit_x/unit_fifo_local/fifo_ram/dual_port_ram_reg[5][18]/D
                                8.56          11.35 f        -2.79  (VIOLATED)
   insc_router/input_unit_x/unit_fifo_local/fifo_ram/dual_port_ram_reg[5][19]/D
                                8.56          11.35 f        -2.79  (VIOLATED)
   insc_router/input_unit_x/unit_fifo_local/fifo_ram/dual_port_ram_reg[5][20]/D
                                8.56          11.35 f        -2.79  (VIOLATED)
   insc_router/input_unit_x/unit_fifo_local/fifo_ram/dual_port_ram_reg[5][21]/D
                                8.56          11.35 f        -2.79  (VIOLATED)
   insc_router/input_unit_x/unit_fifo_local/fifo_ram/dual_port_ram_reg[5][22]/D
                                8.56          11.35 f        -2.79  (VIOLATED)
   insc_router/input_unit_x/unit_fifo_local/fifo_ram/dual_port_ram_reg[5][23]/D
                                8.56          11.35 f        -2.79  (VIOLATED)
   insc_router/input_unit_x/unit_fifo_local/fifo_ram/dual_port_ram_reg[5][24]/D
                                8.56          11.35 f        -2.79  (VIOLATED)
   insc_router/input_unit_x/unit_fifo_local/fifo_ram/dual_port_ram_reg[5][25]/D
                                8.56          11.35 f        -2.79  (VIOLATED)
   insc_router/input_unit_x/unit_fifo_local/fifo_ram/dual_port_ram_reg[5][26]/D
                                8.56          11.35 f        -2.79  (VIOLATED)
   insc_router/input_unit_x/unit_fifo_local/fifo_ram/dual_port_ram_reg[5][27]/D
                                8.56          11.35 f        -2.79  (VIOLATED)
   insc_router/input_unit_x/unit_fifo_local/fifo_ram/dual_port_ram_reg[5][28]/D
                                8.56          11.35 f        -2.79  (VIOLATED)
   insc_router/input_unit_x/unit_fifo_local/fifo_ram/dual_port_ram_reg[5][29]/D
                                8.56          11.35 f        -2.79  (VIOLATED)
   insc_router/input_unit_x/unit_fifo_local/fifo_ram/dual_port_ram_reg[5][30]/D
                                8.56          11.35 f        -2.79  (VIOLATED)
   insc_router/input_unit_x/unit_fifo_local/fifo_ram/dual_port_ram_reg[2][0]/D
                                8.67          11.45 f        -2.79  (VIOLATED)
   insc_router/input_unit_x/unit_fifo_local/fifo_ram/dual_port_ram_reg[2][1]/D
                                8.67          11.45 f        -2.79  (VIOLATED)
   insc_router/input_unit_x/unit_fifo_local/fifo_ram/dual_port_ram_reg[2][2]/D
                                8.67          11.45 f        -2.79  (VIOLATED)
   insc_router/input_unit_x/unit_fifo_local/fifo_ram/dual_port_ram_reg[2][3]/D
                                8.67          11.45 f        -2.79  (VIOLATED)
   insc_router/input_unit_x/unit_fifo_local/fifo_ram/dual_port_ram_reg[2][4]/D
                                8.67          11.45 f        -2.79  (VIOLATED)
   insc_router/input_unit_x/unit_fifo_local/fifo_ram/dual_port_ram_reg[2][5]/D
                                8.67          11.45 f        -2.79  (VIOLATED)
   insc_router/input_unit_x/unit_fifo_local/fifo_ram/dual_port_ram_reg[2][6]/D
                                8.67          11.45 f        -2.79  (VIOLATED)
   insc_router/input_unit_x/unit_fifo_local/fifo_ram/dual_port_ram_reg[2][7]/D
                                8.67          11.45 f        -2.79  (VIOLATED)
   insc_router/input_unit_x/unit_fifo_local/fifo_ram/dual_port_ram_reg[2][8]/D
                                8.67          11.45 f        -2.79  (VIOLATED)
   insc_router/input_unit_x/unit_fifo_local/fifo_ram/dual_port_ram_reg[2][9]/D
                                8.67          11.45 f        -2.79  (VIOLATED)
   insc_router/input_unit_x/unit_fifo_local/fifo_ram/dual_port_ram_reg[2][10]/D
                                8.67          11.45 f        -2.79  (VIOLATED)
   insc_router/input_unit_x/unit_fifo_local/fifo_ram/dual_port_ram_reg[2][11]/D
                                8.67          11.45 f        -2.79  (VIOLATED)
   insc_router/input_unit_x/unit_fifo_local/fifo_ram/dual_port_ram_reg[2][12]/D
                                8.67          11.45 f        -2.79  (VIOLATED)
   insc_router/input_unit_x/unit_fifo_local/fifo_ram/dual_port_ram_reg[2][13]/D
                                8.67          11.45 f        -2.79  (VIOLATED)
   insc_router/input_unit_x/unit_fifo_local/fifo_ram/dual_port_ram_reg[2][14]/D
                                8.67          11.45 f        -2.79  (VIOLATED)
   insc_router/input_unit_x/unit_fifo_local/fifo_ram/dual_port_ram_reg[2][15]/D
                                8.67          11.45 f        -2.79  (VIOLATED)
   insc_router/input_unit_x/unit_fifo_local/fifo_ram/dual_port_ram_reg[2][16]/D
                                8.67          11.45 f        -2.79  (VIOLATED)
   insc_router/input_unit_x/unit_fifo_local/fifo_ram/dual_port_ram_reg[2][17]/D
                                8.67          11.45 f        -2.79  (VIOLATED)
   insc_router/input_unit_x/unit_fifo_local/fifo_ram/dual_port_ram_reg[2][18]/D
                                8.67          11.45 f        -2.79  (VIOLATED)
   insc_router/input_unit_x/unit_fifo_local/fifo_ram/dual_port_ram_reg[2][19]/D
                                8.67          11.45 f        -2.79  (VIOLATED)
   insc_router/input_unit_x/unit_fifo_local/fifo_ram/dual_port_ram_reg[2][20]/D
                                8.67          11.45 f        -2.79  (VIOLATED)
   insc_router/input_unit_x/unit_fifo_local/fifo_ram/dual_port_ram_reg[2][21]/D
                                8.67          11.45 f        -2.79  (VIOLATED)
   insc_router/input_unit_x/unit_fifo_local/fifo_ram/dual_port_ram_reg[2][22]/D
                                8.67          11.45 f        -2.79  (VIOLATED)
   insc_router/input_unit_x/unit_fifo_local/fifo_ram/dual_port_ram_reg[2][23]/D
                                8.67          11.45 f        -2.79  (VIOLATED)
   insc_router/input_unit_x/unit_fifo_local/fifo_ram/dual_port_ram_reg[2][24]/D
                                8.67          11.45 f        -2.79  (VIOLATED)
   insc_router/input_unit_x/unit_fifo_local/fifo_ram/dual_port_ram_reg[2][25]/D
                                8.67          11.45 f        -2.79  (VIOLATED)
   insc_router/router_compute_y/port_reg[1]/D
                                8.57          11.35 f        -2.79  (VIOLATED)
   insc_router/out_unit_y/data_out_reg[13]/D
                                8.51          11.29 f        -2.78  (VIOLATED)
   insc_router/input_unit_y/unit_fifo_local/fifo_ram/dual_port_ram_reg[6][2]/D
                                8.56          11.34 f        -2.78  (VIOLATED)
   insc_router/input_unit_y/unit_fifo_local/fifo_ram/dual_port_ram_reg[6][4]/D
                                8.56          11.34 f        -2.78  (VIOLATED)
   insc_router/input_unit_y/unit_fifo_local/fifo_ram/dual_port_ram_reg[6][19]/D
                                8.56          11.34 f        -2.78  (VIOLATED)
   insc_router/input_unit_y/unit_fifo_local/fifo_ram/dual_port_ram_reg[6][22]/D
                                8.56          11.34 f        -2.78  (VIOLATED)
   insc_router/input_unit_y/unit_fifo_local/fifo_ram/dual_port_ram_reg[6][24]/D
                                8.56          11.34 f        -2.78  (VIOLATED)
   insc_router/input_unit_y/unit_fifo_local/fifo_ram/dual_port_ram_reg[6][26]/D
                                8.56          11.34 f        -2.78  (VIOLATED)
   insc_router/input_unit_y/unit_fifo_local/fifo_ram/dual_port_ram_reg[6][29]/D
                                8.56          11.34 f        -2.78  (VIOLATED)
   insc_router/input_unit_y/unit_fifo_local/fifo_ram/dual_port_ram_reg[6][31]/D
                                8.56          11.34 f        -2.78  (VIOLATED)
   insc_router/input_unit_local/unit_fifo_local/fifo_ram/dual_port_ram_reg[1][0]/D
                                8.56          11.34 f        -2.78  (VIOLATED)
   insc_router/input_unit_local/unit_fifo_local/fifo_ram/dual_port_ram_reg[1][1]/D
                                8.56          11.34 f        -2.78  (VIOLATED)
   insc_router/input_unit_local/unit_fifo_local/fifo_ram/dual_port_ram_reg[1][2]/D
                                8.56          11.34 f        -2.78  (VIOLATED)
   insc_router/input_unit_local/unit_fifo_local/fifo_ram/dual_port_ram_reg[1][3]/D
                                8.56          11.34 f        -2.78  (VIOLATED)
   insc_router/input_unit_local/unit_fifo_local/fifo_ram/dual_port_ram_reg[1][4]/D
                                8.56          11.34 f        -2.78  (VIOLATED)
   insc_router/input_unit_local/unit_fifo_local/fifo_ram/dual_port_ram_reg[1][5]/D
                                8.56          11.34 f        -2.78  (VIOLATED)
   insc_router/input_unit_local/unit_fifo_local/fifo_ram/dual_port_ram_reg[1][6]/D
                                8.56          11.34 f        -2.78  (VIOLATED)
   insc_router/input_unit_local/unit_fifo_local/fifo_ram/dual_port_ram_reg[1][7]/D
                                8.56          11.34 f        -2.78  (VIOLATED)
   insc_router/input_unit_local/unit_fifo_local/fifo_ram/dual_port_ram_reg[1][8]/D
                                8.56          11.34 f        -2.78  (VIOLATED)
   insc_router/input_unit_local/unit_fifo_local/fifo_ram/dual_port_ram_reg[1][9]/D
                                8.56          11.34 f        -2.78  (VIOLATED)
   insc_router/input_unit_local/unit_fifo_local/fifo_ram/dual_port_ram_reg[1][10]/D
                                8.56          11.34 f        -2.78  (VIOLATED)
   insc_router/input_unit_local/unit_fifo_local/fifo_ram/dual_port_ram_reg[1][11]/D
                                8.56          11.34 f        -2.78  (VIOLATED)
   insc_router/input_unit_local/unit_fifo_local/fifo_ram/dual_port_ram_reg[1][12]/D
                                8.56          11.34 f        -2.78  (VIOLATED)
   insc_router/out_unit_x/data_out_reg[11]/D
                                8.51          11.29 f        -2.78  (VIOLATED)
   insc_router/input_unit_x/unit_fifo_local/fifo_ram/dual_port_ram_reg[5][7]/D
                                8.56          11.34 f        -2.78  (VIOLATED)
   insc_router/input_unit_x/unit_fifo_local/fifo_ram/dual_port_ram_reg[5][9]/D
                                8.56          11.34 f        -2.78  (VIOLATED)
   insc_router/input_unit_x/unit_fifo_local/fifo_ram/dual_port_ram_reg[5][11]/D
                                8.56          11.34 f        -2.78  (VIOLATED)
   insc_router/input_unit_x/unit_fifo_local/fifo_ram/dual_port_ram_reg[5][13]/D
                                8.56          11.34 f        -2.78  (VIOLATED)
   insc_router/input_unit_x/unit_fifo_local/fifo_ram/dual_port_ram_reg[5][15]/D
                                8.56          11.34 f        -2.78  (VIOLATED)
   insc_router/input_unit_x/unit_fifo_local/fifo_ram/dual_port_ram_reg[5][17]/D
                                8.56          11.34 f        -2.78  (VIOLATED)
   insc_router/input_unit_x/unit_fifo_local/fifo_ram/dual_port_ram_reg[5][31]/D
                                8.56          11.34 f        -2.78  (VIOLATED)
   insc_router/input_unit_x/unit_fifo_local/fifo_ram/dual_port_ram_reg[6][0]/D
                                8.56          11.34 f        -2.78  (VIOLATED)
   insc_router/input_unit_x/unit_fifo_local/fifo_ram/dual_port_ram_reg[6][1]/D
                                8.56          11.34 f        -2.78  (VIOLATED)
   insc_router/input_unit_x/unit_fifo_local/fifo_ram/dual_port_ram_reg[6][2]/D
                                8.56          11.34 f        -2.78  (VIOLATED)
   insc_router/input_unit_x/unit_fifo_local/fifo_ram/dual_port_ram_reg[6][3]/D
                                8.56          11.34 f        -2.78  (VIOLATED)
   insc_router/input_unit_x/unit_fifo_local/fifo_ram/dual_port_ram_reg[6][4]/D
                                8.56          11.34 f        -2.78  (VIOLATED)
   insc_router/input_unit_x/unit_fifo_local/fifo_ram/dual_port_ram_reg[6][5]/D
                                8.56          11.34 f        -2.78  (VIOLATED)
   insc_router/input_unit_x/unit_fifo_local/fifo_ram/dual_port_ram_reg[6][6]/D
                                8.56          11.34 f        -2.78  (VIOLATED)
   insc_router/input_unit_x/unit_fifo_local/fifo_ram/dual_port_ram_reg[6][8]/D
                                8.56          11.34 f        -2.78  (VIOLATED)
   insc_router/input_unit_x/unit_fifo_local/fifo_ram/dual_port_ram_reg[6][9]/D
                                8.56          11.34 f        -2.78  (VIOLATED)
   insc_router/input_unit_x/unit_fifo_local/fifo_ram/dual_port_ram_reg[6][11]/D
                                8.56          11.34 f        -2.78  (VIOLATED)
   insc_router/input_unit_x/unit_fifo_local/fifo_ram/dual_port_ram_reg[6][16]/D
                                8.56          11.34 f        -2.78  (VIOLATED)
   insc_router/input_unit_x/unit_fifo_local/fifo_ram/dual_port_ram_reg[6][17]/D
                                8.56          11.34 f        -2.78  (VIOLATED)
   insc_router/input_unit_x/unit_fifo_local/fifo_ram/dual_port_ram_reg[6][18]/D
                                8.56          11.34 f        -2.78  (VIOLATED)
   insc_router/input_unit_x/unit_fifo_local/fifo_ram/dual_port_ram_reg[6][19]/D
                                8.56          11.34 f        -2.78  (VIOLATED)
   insc_router/input_unit_x/unit_fifo_local/fifo_ram/dual_port_ram_reg[6][20]/D
                                8.56          11.34 f        -2.78  (VIOLATED)
   insc_router/input_unit_x/unit_fifo_local/fifo_ram/dual_port_ram_reg[6][21]/D
                                8.56          11.34 f        -2.78  (VIOLATED)
   insc_router/input_unit_x/unit_fifo_local/fifo_ram/dual_port_ram_reg[6][22]/D
                                8.56          11.34 f        -2.78  (VIOLATED)
   insc_router/input_unit_x/unit_fifo_local/fifo_ram/dual_port_ram_reg[6][23]/D
                                8.56          11.34 f        -2.78  (VIOLATED)
   insc_router/input_unit_x/unit_fifo_local/fifo_ram/dual_port_ram_reg[6][24]/D
                                8.56          11.34 f        -2.78  (VIOLATED)
   insc_router/input_unit_x/unit_fifo_local/fifo_ram/dual_port_ram_reg[6][25]/D
                                8.56          11.34 f        -2.78  (VIOLATED)
   insc_router/input_unit_x/unit_fifo_local/fifo_ram/dual_port_ram_reg[6][26]/D
                                8.56          11.34 f        -2.78  (VIOLATED)
   insc_router/input_unit_x/unit_fifo_local/fifo_ram/dual_port_ram_reg[6][27]/D
                                8.56          11.34 f        -2.78  (VIOLATED)
   insc_router/input_unit_x/unit_fifo_local/fifo_ram/dual_port_ram_reg[6][28]/D
                                8.56          11.34 f        -2.78  (VIOLATED)
   insc_router/input_unit_x/unit_fifo_local/fifo_ram/dual_port_ram_reg[6][29]/D
                                8.56          11.34 f        -2.78  (VIOLATED)
   insc_router/input_unit_x/unit_fifo_local/fifo_ram/dual_port_ram_reg[6][30]/D
                                8.56          11.34 f        -2.78  (VIOLATED)
   insc_router/input_unit_x/unit_fifo_local/fifo_ram/dual_port_ram_reg[6][31]/D
                                8.56          11.34 f        -2.78  (VIOLATED)
   insc_router/input_unit_x/unit_fifo_local/fifo_ram/dual_port_ram_reg[0][6]/D
                                8.56          11.34 f        -2.78  (VIOLATED)
   insc_router/input_unit_x/unit_fifo_local/fifo_ram/dual_port_ram_reg[0][7]/D
                                8.56          11.34 f        -2.78  (VIOLATED)
   insc_router/input_unit_x/unit_fifo_local/fifo_ram/dual_port_ram_reg[0][8]/D
                                8.56          11.34 f        -2.78  (VIOLATED)
   insc_router/input_unit_x/unit_fifo_local/fifo_ram/dual_port_ram_reg[0][9]/D
                                8.56          11.34 f        -2.78  (VIOLATED)
   insc_router/input_unit_x/unit_fifo_local/fifo_ram/dual_port_ram_reg[0][10]/D
                                8.56          11.34 f        -2.78  (VIOLATED)
   insc_router/input_unit_x/unit_fifo_local/fifo_ram/dual_port_ram_reg[0][11]/D
                                8.56          11.34 f        -2.78  (VIOLATED)
   insc_router/input_unit_x/unit_fifo_local/fifo_ram/dual_port_ram_reg[0][12]/D
                                8.56          11.34 f        -2.78  (VIOLATED)
   insc_router/input_unit_x/unit_fifo_local/fifo_ram/dual_port_ram_reg[0][13]/D
                                8.56          11.34 f        -2.78  (VIOLATED)
   insc_router/input_unit_x/unit_fifo_local/fifo_ram/dual_port_ram_reg[0][14]/D
                                8.56          11.34 f        -2.78  (VIOLATED)
   insc_router/input_unit_x/unit_fifo_local/fifo_ram/dual_port_ram_reg[0][15]/D
                                8.56          11.34 f        -2.78  (VIOLATED)
   insc_router/input_unit_x/unit_fifo_local/fifo_ram/dual_port_ram_reg[0][16]/D
                                8.56          11.34 f        -2.78  (VIOLATED)
   insc_router/input_unit_x/unit_fifo_local/fifo_ram/dual_port_ram_reg[0][17]/D
                                8.56          11.34 f        -2.78  (VIOLATED)
   insc_router/input_unit_x/unit_fifo_local/fifo_ram/dual_port_ram_reg[0][18]/D
                                8.56          11.34 f        -2.78  (VIOLATED)
   insc_router/input_unit_x/unit_fifo_local/fifo_ram/dual_port_ram_reg[0][19]/D
                                8.56          11.34 f        -2.78  (VIOLATED)
   insc_router/input_unit_x/unit_fifo_local/fifo_ram/dual_port_ram_reg[0][20]/D
                                8.56          11.34 f        -2.78  (VIOLATED)
   insc_router/input_unit_x/unit_fifo_local/fifo_ram/dual_port_ram_reg[0][21]/D
                                8.56          11.34 f        -2.78  (VIOLATED)
   insc_router/input_unit_x/unit_fifo_local/fifo_ram/dual_port_ram_reg[0][22]/D
                                8.56          11.34 f        -2.78  (VIOLATED)
   insc_router/input_unit_x/unit_fifo_local/fifo_ram/dual_port_ram_reg[0][23]/D
                                8.56          11.34 f        -2.78  (VIOLATED)
   insc_router/input_unit_x/unit_fifo_local/fifo_ram/dual_port_ram_reg[0][24]/D
                                8.56          11.34 f        -2.78  (VIOLATED)
   insc_router/input_unit_x/unit_fifo_local/fifo_ram/dual_port_ram_reg[0][25]/D
                                8.56          11.34 f        -2.78  (VIOLATED)
   insc_router/input_unit_x/unit_fifo_local/fifo_ram/dual_port_ram_reg[0][26]/D
                                8.56          11.34 f        -2.78  (VIOLATED)
   insc_router/input_unit_x/unit_fifo_local/fifo_ram/dual_port_ram_reg[0][27]/D
                                8.56          11.34 f        -2.78  (VIOLATED)
   insc_router/input_unit_x/unit_fifo_local/fifo_ram/dual_port_ram_reg[0][28]/D
                                8.56          11.34 f        -2.78  (VIOLATED)
   insc_router/input_unit_x/unit_fifo_local/fifo_ram/dual_port_ram_reg[0][29]/D
                                8.56          11.34 f        -2.78  (VIOLATED)
   insc_router/out_unit_x/data_out_reg[2]/D
                                8.61          11.39 r        -2.78  (VIOLATED)
   insc_router/out_unit_x/data_out_reg[3]/D
                                8.61          11.39 r        -2.78  (VIOLATED)
   insc_router/out_unit_x/data_out_reg[5]/D
                                8.61          11.39 r        -2.78  (VIOLATED)
   insc_router/out_unit_x/data_out_reg[6]/D
                                8.61          11.39 r        -2.78  (VIOLATED)
   insc_router/out_unit_x/data_out_reg[7]/D
                                8.61          11.39 r        -2.78  (VIOLATED)
   insc_router/out_unit_x/data_out_reg[8]/D
                                8.61          11.39 r        -2.78  (VIOLATED)
   insc_router/out_unit_x/data_out_reg[9]/D
                                8.61          11.39 r        -2.78  (VIOLATED)
   insc_router/out_unit_x/data_out_reg[10]/D
                                8.61          11.39 r        -2.78  (VIOLATED)
   insc_router/out_unit_x/data_out_reg[12]/D
                                8.61          11.39 r        -2.78  (VIOLATED)
   insc_router/out_unit_x/data_out_reg[13]/D
                                8.61          11.39 r        -2.78  (VIOLATED)
   insc_router/out_unit_x/data_out_reg[31]/D
                                8.50          11.27 f        -2.77  (VIOLATED)
   insc_router/input_unit_local/data_out_reg[8]/D
                                8.56          11.33 f        -2.77  (VIOLATED)
   insc_router/input_unit_local/data_out_reg[13]/D
                                8.56          11.33 f        -2.77  (VIOLATED)
   insc_router/input_unit_local/data_out_reg[16]/D
                                8.56          11.33 f        -2.77  (VIOLATED)
   insc_router/input_unit_local/data_out_reg[17]/D
                                8.56          11.33 f        -2.77  (VIOLATED)
   insc_router/input_unit_y/data_out_reg[0]/D
                                8.56          11.33 f        -2.77  (VIOLATED)
   insc_router/input_unit_y/data_out_reg[1]/D
                                8.56          11.33 f        -2.77  (VIOLATED)
   insc_router/input_unit_y/data_out_reg[5]/D
                                8.56          11.33 f        -2.77  (VIOLATED)
   insc_router/input_unit_y/data_out_reg[26]/D
                                8.56          11.33 f        -2.77  (VIOLATED)
   insc_router/input_unit_y/data_out_reg[4]/D
                                8.56          11.33 f        -2.77  (VIOLATED)
   insc_router/input_unit_y/data_out_reg[8]/D
                                8.56          11.33 f        -2.77  (VIOLATED)
   insc_router/input_unit_y/data_out_reg[10]/D
                                8.56          11.33 f        -2.77  (VIOLATED)
   insc_router/input_unit_y/data_out_reg[12]/D
                                8.56          11.33 f        -2.77  (VIOLATED)
   insc_router/input_unit_y/data_out_reg[14]/D
                                8.56          11.33 f        -2.77  (VIOLATED)
   insc_router/input_unit_y/data_out_reg[17]/D
                                8.56          11.33 f        -2.77  (VIOLATED)
   insc_router/input_unit_local/data_out_reg[3]/D
                                8.56          11.33 f        -2.77  (VIOLATED)
   insc_router/input_unit_x/data_out_reg[12]/D
                                8.56          11.33 f        -2.77  (VIOLATED)
   insc_router/input_unit_x/data_out_reg[13]/D
                                8.56          11.33 f        -2.77  (VIOLATED)
   insc_router/input_unit_x/data_out_reg[30]/D
                                8.56          11.33 f        -2.77  (VIOLATED)
   insc_router/input_unit_x/data_out_reg[0]/D
                                8.56          11.33 f        -2.77  (VIOLATED)
   insc_router/input_unit_x/data_out_reg[1]/D
                                8.56          11.33 f        -2.77  (VIOLATED)
   insc_router/input_unit_x/data_out_reg[2]/D
                                8.56          11.33 f        -2.77  (VIOLATED)
   insc_router/input_unit_x/data_out_reg[3]/D
                                8.56          11.33 f        -2.77  (VIOLATED)
   insc_router/input_unit_x/data_out_reg[4]/D
                                8.56          11.33 f        -2.77  (VIOLATED)
   insc_router/input_unit_x/data_out_reg[5]/D
                                8.56          11.33 f        -2.77  (VIOLATED)
   insc_router/input_unit_x/data_out_reg[26]/D
                                8.56          11.33 f        -2.77  (VIOLATED)
   insc_router/input_unit_x/data_out_reg[27]/D
                                8.56          11.33 f        -2.77  (VIOLATED)
   insc_router/input_unit_x/data_out_reg[28]/D
                                8.56          11.33 f        -2.77  (VIOLATED)
   insc_router/input_unit_x/data_out_reg[29]/D
                                8.56          11.33 f        -2.77  (VIOLATED)
   insc_router/input_unit_x/data_out_reg[31]/D
                                8.56          11.33 f        -2.77  (VIOLATED)
   insc_router/input_unit_x/data_valid_reg/D
                                8.56          11.33 f        -2.77  (VIOLATED)
   insc_router/input_unit_local/unit_fifo_local/fifo_ram/dual_port_ram_reg[1][26]/D
                                8.56          11.33 f        -2.77  (VIOLATED)
   insc_router/input_unit_local/unit_fifo_local/fifo_ram/dual_port_ram_reg[1][27]/D
                                8.56          11.33 f        -2.77  (VIOLATED)
   insc_router/input_unit_local/unit_fifo_local/fifo_ram/dual_port_ram_reg[1][28]/D
                                8.56          11.33 f        -2.77  (VIOLATED)
   insc_router/input_unit_local/unit_fifo_local/fifo_ram/dual_port_ram_reg[1][29]/D
                                8.56          11.33 f        -2.77  (VIOLATED)
   insc_router/input_unit_local/unit_fifo_local/fifo_ram/dual_port_ram_reg[1][30]/D
                                8.56          11.33 f        -2.77  (VIOLATED)
   insc_router/input_unit_local/unit_fifo_local/fifo_ram/dual_port_ram_reg[1][31]/D
                                8.56          11.33 f        -2.77  (VIOLATED)
   insc_router/input_unit_y/unit_fifo_local/fifo_ram/dual_port_ram_reg[2][28]/D
                                8.67          11.43 f        -2.77  (VIOLATED)
   insc_router/input_unit_y/unit_fifo_local/fifo_ram/dual_port_ram_reg[2][29]/D
                                8.67          11.43 f        -2.77  (VIOLATED)
   insc_router/input_unit_y/unit_fifo_local/fifo_ram/dual_port_ram_reg[2][30]/D
                                8.67          11.43 f        -2.77  (VIOLATED)
   insc_router/input_unit_y/unit_fifo_local/fifo_ram/dual_port_ram_reg[2][31]/D
                                8.67          11.43 f        -2.77  (VIOLATED)
   insc_router/out_unit_y/data_out_reg[0]/D
                                8.61          11.38 r        -2.77  (VIOLATED)
   insc_router/out_unit_y/data_out_reg[1]/D
                                8.61          11.38 r        -2.77  (VIOLATED)
   insc_router/out_unit_y/data_out_reg[4]/D
                                8.61          11.38 r        -2.77  (VIOLATED)
   insc_router/out_unit_y/data_out_reg[5]/D
                                8.61          11.38 r        -2.77  (VIOLATED)
   insc_router/out_unit_y/data_out_reg[6]/D
                                8.61          11.38 r        -2.77  (VIOLATED)
   insc_router/out_unit_y/data_out_reg[7]/D
                                8.61          11.38 r        -2.77  (VIOLATED)
   insc_router/out_unit_y/data_out_reg[8]/D
                                8.61          11.38 r        -2.77  (VIOLATED)
   insc_router/out_unit_y/data_out_reg[9]/D
                                8.61          11.38 r        -2.77  (VIOLATED)
   insc_router/out_unit_y/data_out_reg[2]/D
                                8.51          11.27 f        -2.76  (VIOLATED)
   insc_router/out_unit_y/data_out_reg[3]/D
                                8.51          11.27 f        -2.76  (VIOLATED)
   insc_router/out_unit_y/data_out_reg[10]/D
                                8.51          11.27 f        -2.76  (VIOLATED)
   insc_router/out_unit_y/data_out_reg[11]/D
                                8.51          11.27 f        -2.76  (VIOLATED)
   insc_router/out_unit_y/data_out_reg[12]/D
                                8.51          11.27 f        -2.76  (VIOLATED)
   insc_router/input_unit_local/unit_fifo_local/fifo_ram/dual_port_ram_reg[0][0]/D
                                8.56          11.32 f        -2.76  (VIOLATED)
   insc_router/input_unit_local/unit_fifo_local/fifo_ram/dual_port_ram_reg[0][1]/D
                                8.56          11.32 f        -2.76  (VIOLATED)
   insc_router/input_unit_local/unit_fifo_local/fifo_ram/dual_port_ram_reg[0][2]/D
                                8.56          11.32 f        -2.76  (VIOLATED)
   insc_router/input_unit_local/unit_fifo_local/fifo_ram/dual_port_ram_reg[0][3]/D
                                8.56          11.32 f        -2.76  (VIOLATED)
   insc_router/input_unit_local/unit_fifo_local/fifo_ram/dual_port_ram_reg[0][4]/D
                                8.56          11.32 f        -2.76  (VIOLATED)
   insc_router/input_unit_local/unit_fifo_local/fifo_ram/dual_port_ram_reg[0][5]/D
                                8.56          11.32 f        -2.76  (VIOLATED)
   insc_router/input_unit_x/unit_fifo_local/fifo_ram/dual_port_ram_reg[1][27]/D
                                8.56          11.32 f        -2.76  (VIOLATED)
   insc_router/input_unit_x/unit_fifo_local/fifo_ram/dual_port_ram_reg[1][29]/D
                                8.56          11.32 f        -2.76  (VIOLATED)
   insc_router/input_unit_x/unit_fifo_local/fifo_ram/dual_port_ram_reg[1][31]/D
                                8.56          11.32 f        -2.76  (VIOLATED)
   insc_router/out_unit_x/data_out_reg[0]/D
                                8.51          11.27 f        -2.76  (VIOLATED)
   insc_router/out_unit_x/data_out_reg[1]/D
                                8.51          11.27 f        -2.76  (VIOLATED)
   insc_router/out_unit_x/data_out_reg[4]/D
                                8.51          11.27 f        -2.76  (VIOLATED)
   insc_router/input_unit_x/unit_fifo_local/fifo_ram/dual_port_ram_reg[1][26]/D
                                8.56          11.31 f        -2.75  (VIOLATED)
   insc_router/input_unit_x/unit_fifo_local/fifo_ram/dual_port_ram_reg[1][28]/D
                                8.56          11.31 f        -2.75  (VIOLATED)
   insc_router/input_unit_x/unit_fifo_local/fifo_ram/dual_port_ram_reg[1][30]/D
                                8.56          11.31 f        -2.75  (VIOLATED)
   insc_router/input_unit_x/unit_fifo_local/fifo_ram/dual_port_ram_reg[6][7]/D
                                8.56          11.31 f        -2.75  (VIOLATED)
   insc_router/input_unit_x/unit_fifo_local/fifo_ram/dual_port_ram_reg[6][10]/D
                                8.56          11.31 f        -2.75  (VIOLATED)
   insc_router/input_unit_x/unit_fifo_local/fifo_ram/dual_port_ram_reg[6][12]/D
                                8.56          11.31 f        -2.75  (VIOLATED)
   insc_router/input_unit_x/unit_fifo_local/fifo_ram/dual_port_ram_reg[6][13]/D
                                8.56          11.31 f        -2.75  (VIOLATED)
   insc_router/input_unit_x/unit_fifo_local/fifo_ram/dual_port_ram_reg[6][14]/D
                                8.56          11.31 f        -2.75  (VIOLATED)
   insc_router/input_unit_local/unit_fifo_local/fifo_ram/dual_port_ram_reg[5][19]/D
                                8.56          11.31 f        -2.75  (VIOLATED)
   insc_router/input_unit_local/unit_fifo_local/fifo_ram/dual_port_ram_reg[5][20]/D
                                8.56          11.31 f        -2.75  (VIOLATED)
   insc_router/input_unit_local/unit_fifo_local/fifo_ram/dual_port_ram_reg[5][21]/D
                                8.56          11.31 f        -2.75  (VIOLATED)
   insc_router/input_unit_local/unit_fifo_local/fifo_ram/dual_port_ram_reg[5][22]/D
                                8.56          11.31 f        -2.75  (VIOLATED)
   insc_router/input_unit_local/unit_fifo_local/fifo_ram/dual_port_ram_reg[5][23]/D
                                8.56          11.31 f        -2.75  (VIOLATED)
   insc_router/input_unit_local/unit_fifo_local/fifo_ram/dual_port_ram_reg[5][24]/D
                                8.56          11.31 f        -2.75  (VIOLATED)
   insc_router/input_unit_local/unit_fifo_local/fifo_ram/dual_port_ram_reg[5][25]/D
                                8.56          11.31 f        -2.75  (VIOLATED)
   insc_router/input_unit_local/unit_fifo_local/fifo_ram/dual_port_ram_reg[5][26]/D
                                8.56          11.31 f        -2.75  (VIOLATED)
   insc_router/input_unit_local/unit_fifo_local/fifo_ram/dual_port_ram_reg[5][27]/D
                                8.56          11.31 f        -2.75  (VIOLATED)
   insc_router/input_unit_local/unit_fifo_local/fifo_ram/dual_port_ram_reg[5][28]/D
                                8.56          11.31 f        -2.75  (VIOLATED)
   insc_router/input_unit_local/unit_fifo_local/fifo_ram/dual_port_ram_reg[5][29]/D
                                8.56          11.31 f        -2.75  (VIOLATED)
   insc_router/input_unit_y/unit_fifo_local/fifo_ram/dual_port_ram_reg[4][0]/D
                                8.56          11.31 f        -2.75  (VIOLATED)
   insc_router/input_unit_y/unit_fifo_local/fifo_ram/dual_port_ram_reg[4][1]/D
                                8.56          11.31 f        -2.75  (VIOLATED)
   insc_router/input_unit_y/unit_fifo_local/fifo_ram/dual_port_ram_reg[4][2]/D
                                8.56          11.31 f        -2.75  (VIOLATED)
   insc_router/input_unit_y/unit_fifo_local/fifo_ram/dual_port_ram_reg[4][3]/D
                                8.56          11.31 f        -2.75  (VIOLATED)
   insc_router/input_unit_y/unit_fifo_local/fifo_ram/dual_port_ram_reg[4][4]/D
                                8.56          11.31 f        -2.75  (VIOLATED)
   insc_router/input_unit_y/unit_fifo_local/fifo_ram/dual_port_ram_reg[4][5]/D
                                8.56          11.31 f        -2.75  (VIOLATED)
   insc_router/input_unit_y/unit_fifo_local/fifo_ram/dual_port_ram_reg[4][6]/D
                                8.56          11.31 f        -2.75  (VIOLATED)
   insc_router/input_unit_y/unit_fifo_local/fifo_ram/dual_port_ram_reg[4][7]/D
                                8.56          11.31 f        -2.75  (VIOLATED)
   insc_router/input_unit_y/unit_fifo_local/fifo_ram/dual_port_ram_reg[4][8]/D
                                8.56          11.31 f        -2.75  (VIOLATED)
   insc_router/input_unit_y/unit_fifo_local/fifo_ram/dual_port_ram_reg[4][9]/D
                                8.56          11.31 f        -2.75  (VIOLATED)
   insc_router/input_unit_y/unit_fifo_local/fifo_ram/dual_port_ram_reg[4][10]/D
                                8.56          11.31 f        -2.75  (VIOLATED)
   insc_router/input_unit_y/unit_fifo_local/fifo_ram/dual_port_ram_reg[4][11]/D
                                8.56          11.31 f        -2.75  (VIOLATED)
   insc_router/input_unit_y/unit_fifo_local/fifo_ram/dual_port_ram_reg[4][12]/D
                                8.56          11.31 f        -2.75  (VIOLATED)
   insc_router/input_unit_y/unit_fifo_local/fifo_ram/dual_port_ram_reg[4][13]/D
                                8.56          11.31 f        -2.75  (VIOLATED)
   insc_router/input_unit_y/unit_fifo_local/fifo_ram/dual_port_ram_reg[4][14]/D
                                8.56          11.31 f        -2.75  (VIOLATED)
   insc_router/input_unit_y/unit_fifo_local/fifo_ram/dual_port_ram_reg[4][15]/D
                                8.56          11.31 f        -2.75  (VIOLATED)
   insc_router/input_unit_y/unit_fifo_local/fifo_ram/dual_port_ram_reg[4][16]/D
                                8.56          11.31 f        -2.75  (VIOLATED)
   insc_router/input_unit_y/unit_fifo_local/fifo_ram/dual_port_ram_reg[4][17]/D
                                8.56          11.31 f        -2.75  (VIOLATED)
   insc_router/input_unit_y/unit_fifo_local/fifo_ram/dual_port_ram_reg[4][18]/D
                                8.56          11.31 f        -2.75  (VIOLATED)
   insc_router/input_unit_y/unit_fifo_local/fifo_ram/dual_port_ram_reg[4][19]/D
                                8.56          11.31 f        -2.75  (VIOLATED)
   insc_router/input_unit_y/unit_fifo_local/fifo_ram/dual_port_ram_reg[4][20]/D
                                8.56          11.31 f        -2.75  (VIOLATED)
   insc_router/input_unit_y/unit_fifo_local/fifo_ram/dual_port_ram_reg[4][21]/D
                                8.56          11.31 f        -2.75  (VIOLATED)
   insc_router/input_unit_y/unit_fifo_local/fifo_ram/dual_port_ram_reg[4][22]/D
                                8.56          11.31 f        -2.75  (VIOLATED)
   insc_router/input_unit_y/unit_fifo_local/fifo_ram/dual_port_ram_reg[4][23]/D
                                8.56          11.31 f        -2.75  (VIOLATED)
   insc_router/input_unit_y/unit_fifo_local/fifo_ram/dual_port_ram_reg[4][24]/D
                                8.56          11.31 f        -2.75  (VIOLATED)
   insc_router/input_unit_y/unit_fifo_local/fifo_ram/dual_port_ram_reg[4][25]/D
                                8.56          11.31 f        -2.75  (VIOLATED)
   insc_router/input_unit_y/unit_fifo_local/fifo_ram/dual_port_ram_reg[4][26]/D
                                8.56          11.31 f        -2.75  (VIOLATED)
   insc_router/input_unit_y/unit_fifo_local/fifo_ram/dual_port_ram_reg[4][27]/D
                                8.56          11.31 f        -2.75  (VIOLATED)
   insc_router/input_unit_y/unit_fifo_local/fifo_ram/dual_port_ram_reg[4][28]/D
                                8.56          11.31 f        -2.75  (VIOLATED)
   insc_router/input_unit_y/unit_fifo_local/fifo_ram/dual_port_ram_reg[4][29]/D
                                8.56          11.31 f        -2.75  (VIOLATED)
   insc_router/input_unit_y/unit_fifo_local/fifo_ram/dual_port_ram_reg[4][30]/D
                                8.56          11.31 f        -2.75  (VIOLATED)
   insc_router/input_unit_y/unit_fifo_local/fifo_ram/dual_port_ram_reg[4][31]/D
                                8.56          11.31 f        -2.75  (VIOLATED)
   insc_router/input_unit_local/unit_fifo_local/fifo_ram/dual_port_ram_reg[6][2]/D
                                8.56          11.31 f        -2.75  (VIOLATED)
   insc_router/input_unit_local/unit_fifo_local/fifo_ram/dual_port_ram_reg[6][4]/D
                                8.56          11.31 f        -2.75  (VIOLATED)
   insc_router/input_unit_local/unit_fifo_local/fifo_ram/dual_port_ram_reg[6][19]/D
                                8.56          11.31 f        -2.75  (VIOLATED)
   insc_router/input_unit_local/unit_fifo_local/fifo_ram/dual_port_ram_reg[6][22]/D
                                8.56          11.31 f        -2.75  (VIOLATED)
   insc_router/input_unit_local/unit_fifo_local/fifo_ram/dual_port_ram_reg[6][24]/D
                                8.56          11.31 f        -2.75  (VIOLATED)
   insc_router/input_unit_local/unit_fifo_local/fifo_ram/dual_port_ram_reg[6][26]/D
                                8.56          11.31 f        -2.75  (VIOLATED)
   insc_router/input_unit_local/unit_fifo_local/fifo_ram/dual_port_ram_reg[6][29]/D
                                8.56          11.31 f        -2.75  (VIOLATED)
   insc_router/out_unit_y/data_out_reg[14]/D
                                8.59          11.34 r        -2.74  (VIOLATED)
   insc_router/out_unit_y/data_out_reg[15]/D
                                8.59          11.34 r        -2.74  (VIOLATED)
   insc_router/out_unit_y/data_out_reg[16]/D
                                8.59          11.34 r        -2.74  (VIOLATED)
   insc_router/out_unit_y/data_out_reg[17]/D
                                8.59          11.34 r        -2.74  (VIOLATED)
   insc_router/out_unit_y/data_out_reg[18]/D
                                8.59          11.34 r        -2.74  (VIOLATED)
   insc_router/out_unit_y/data_out_reg[19]/D
                                8.59          11.34 r        -2.74  (VIOLATED)
   insc_router/out_unit_y/data_out_reg[20]/D
                                8.59          11.34 r        -2.74  (VIOLATED)
   insc_router/out_unit_y/data_out_reg[21]/D
                                8.59          11.34 r        -2.74  (VIOLATED)
   insc_router/out_unit_y/data_out_reg[22]/D
                                8.59          11.34 r        -2.74  (VIOLATED)
   insc_router/out_unit_y/data_out_reg[23]/D
                                8.59          11.34 r        -2.74  (VIOLATED)
   insc_router/out_unit_y/data_out_reg[24]/D
                                8.59          11.34 r        -2.74  (VIOLATED)
   insc_router/out_unit_y/data_out_reg[25]/D
                                8.59          11.34 r        -2.74  (VIOLATED)
   insc_router/out_unit_y/data_out_reg[26]/D
                                8.59          11.34 r        -2.74  (VIOLATED)
   insc_router/out_unit_y/data_out_reg[27]/D
                                8.59          11.34 r        -2.74  (VIOLATED)
   insc_router/out_unit_y/data_out_reg[28]/D
                                8.59          11.34 r        -2.74  (VIOLATED)
   insc_router/out_unit_y/data_out_reg[29]/D
                                8.59          11.34 r        -2.74  (VIOLATED)
   insc_router/out_unit_y/data_out_reg[30]/D
                                8.59          11.34 r        -2.74  (VIOLATED)
   insc_router/out_unit_y/data_out_reg[31]/D
                                8.59          11.34 r        -2.74  (VIOLATED)
   insc_router/input_unit_local/unit_fifo_local/waddr_reg[3]/D
                                8.51          11.25 f        -2.74  (VIOLATED)
   insc_router/input_unit_x/unit_fifo_local/fifo_ram/dual_port_ram_reg[7][6]/D
                                8.56          11.30 f        -2.74  (VIOLATED)
   insc_router/input_unit_x/unit_fifo_local/fifo_ram/dual_port_ram_reg[7][7]/D
                                8.56          11.30 f        -2.74  (VIOLATED)
   insc_router/input_unit_x/unit_fifo_local/fifo_ram/dual_port_ram_reg[7][8]/D
                                8.56          11.30 f        -2.74  (VIOLATED)
   insc_router/input_unit_x/unit_fifo_local/fifo_ram/dual_port_ram_reg[7][9]/D
                                8.56          11.30 f        -2.74  (VIOLATED)
   insc_router/input_unit_x/unit_fifo_local/fifo_ram/dual_port_ram_reg[7][10]/D
                                8.56          11.30 f        -2.74  (VIOLATED)
   insc_router/input_unit_x/unit_fifo_local/fifo_ram/dual_port_ram_reg[7][11]/D
                                8.56          11.30 f        -2.74  (VIOLATED)
   insc_router/input_unit_x/unit_fifo_local/fifo_ram/dual_port_ram_reg[7][12]/D
                                8.56          11.30 f        -2.74  (VIOLATED)
   insc_router/input_unit_x/unit_fifo_local/fifo_ram/dual_port_ram_reg[7][13]/D
                                8.56          11.30 f        -2.74  (VIOLATED)
   insc_router/input_unit_x/unit_fifo_local/fifo_ram/dual_port_ram_reg[7][14]/D
                                8.56          11.30 f        -2.74  (VIOLATED)
   insc_router/input_unit_x/unit_fifo_local/fifo_ram/dual_port_ram_reg[7][15]/D
                                8.56          11.30 f        -2.74  (VIOLATED)
   insc_router/input_unit_x/unit_fifo_local/fifo_ram/dual_port_ram_reg[7][16]/D
                                8.56          11.30 f        -2.74  (VIOLATED)
   insc_router/input_unit_x/unit_fifo_local/fifo_ram/dual_port_ram_reg[7][17]/D
                                8.56          11.30 f        -2.74  (VIOLATED)
   insc_router/input_unit_x/unit_fifo_local/fifo_ram/dual_port_ram_reg[7][18]/D
                                8.56          11.30 f        -2.74  (VIOLATED)
   insc_router/input_unit_x/unit_fifo_local/fifo_ram/dual_port_ram_reg[7][19]/D
                                8.56          11.30 f        -2.74  (VIOLATED)
   insc_router/input_unit_x/unit_fifo_local/fifo_ram/dual_port_ram_reg[7][20]/D
                                8.56          11.30 f        -2.74  (VIOLATED)
   insc_router/input_unit_x/unit_fifo_local/fifo_ram/dual_port_ram_reg[7][21]/D
                                8.56          11.30 f        -2.74  (VIOLATED)
   insc_router/input_unit_x/unit_fifo_local/fifo_ram/dual_port_ram_reg[7][22]/D
                                8.56          11.30 f        -2.74  (VIOLATED)
   insc_router/input_unit_x/unit_fifo_local/fifo_ram/dual_port_ram_reg[7][23]/D
                                8.56          11.30 f        -2.74  (VIOLATED)
   insc_router/input_unit_x/unit_fifo_local/fifo_ram/dual_port_ram_reg[7][24]/D
                                8.56          11.30 f        -2.74  (VIOLATED)
   insc_router/input_unit_x/unit_fifo_local/fifo_ram/dual_port_ram_reg[7][25]/D
                                8.56          11.30 f        -2.74  (VIOLATED)
   insc_router/input_unit_x/unit_fifo_local/fifo_ram/dual_port_ram_reg[7][26]/D
                                8.56          11.30 f        -2.74  (VIOLATED)
   insc_router/input_unit_x/unit_fifo_local/fifo_ram/dual_port_ram_reg[7][27]/D
                                8.56          11.30 f        -2.74  (VIOLATED)
   insc_router/input_unit_x/unit_fifo_local/fifo_ram/dual_port_ram_reg[7][28]/D
                                8.56          11.30 f        -2.74  (VIOLATED)
   insc_router/input_unit_x/unit_fifo_local/fifo_ram/dual_port_ram_reg[7][29]/D
                                8.56          11.30 f        -2.74  (VIOLATED)
   insc_router/input_unit_x/unit_fifo_local/fifo_ram/dual_port_ram_reg[7][30]/D
                                8.56          11.30 f        -2.74  (VIOLATED)
   insc_router/input_unit_x/unit_fifo_local/fifo_ram/dual_port_ram_reg[7][31]/D
                                8.56          11.30 f        -2.74  (VIOLATED)
   insc_router/input_unit_local/unit_fifo_local/fifo_ram/dual_port_ram_reg[2][13]/D
                                8.56          11.30 f        -2.74  (VIOLATED)
   insc_router/input_unit_local/unit_fifo_local/fifo_ram/dual_port_ram_reg[2][14]/D
                                8.56          11.30 f        -2.74  (VIOLATED)
   insc_router/input_unit_local/unit_fifo_local/fifo_ram/dual_port_ram_reg[2][15]/D
                                8.56          11.30 f        -2.74  (VIOLATED)
   insc_router/input_unit_local/unit_fifo_local/fifo_ram/dual_port_ram_reg[2][16]/D
                                8.56          11.30 f        -2.74  (VIOLATED)
   insc_router/input_unit_local/unit_fifo_local/fifo_ram/dual_port_ram_reg[2][17]/D
                                8.56          11.30 f        -2.74  (VIOLATED)
   insc_router/input_unit_local/unit_fifo_local/fifo_ram/dual_port_ram_reg[2][18]/D
                                8.56          11.30 f        -2.74  (VIOLATED)
   insc_router/input_unit_local/unit_fifo_local/fifo_ram/dual_port_ram_reg[2][19]/D
                                8.56          11.30 f        -2.74  (VIOLATED)
   insc_router/input_unit_local/unit_fifo_local/fifo_ram/dual_port_ram_reg[2][20]/D
                                8.56          11.30 f        -2.74  (VIOLATED)
   insc_router/input_unit_local/unit_fifo_local/fifo_ram/dual_port_ram_reg[2][21]/D
                                8.56          11.30 f        -2.74  (VIOLATED)
   insc_router/input_unit_local/unit_fifo_local/fifo_ram/dual_port_ram_reg[2][22]/D
                                8.56          11.30 f        -2.74  (VIOLATED)
   insc_router/input_unit_local/unit_fifo_local/fifo_ram/dual_port_ram_reg[2][23]/D
                                8.56          11.30 f        -2.74  (VIOLATED)
   insc_router/input_unit_local/unit_fifo_local/fifo_ram/dual_port_ram_reg[2][24]/D
                                8.56          11.30 f        -2.74  (VIOLATED)
   insc_router/input_unit_local/unit_fifo_local/fifo_ram/dual_port_ram_reg[2][26]/D
                                8.56          11.30 f        -2.74  (VIOLATED)
   insc_router/input_unit_local/unit_fifo_local/fifo_ram/dual_port_ram_reg[2][28]/D
                                8.56          11.30 f        -2.74  (VIOLATED)
   insc_router/input_unit_local/unit_fifo_local/fifo_ram/dual_port_ram_reg[2][29]/D
                                8.56          11.30 f        -2.74  (VIOLATED)
   insc_router/input_unit_local/unit_fifo_local/fifo_ram/dual_port_ram_reg[2][30]/D
                                8.56          11.30 f        -2.74  (VIOLATED)
   insc_router/input_unit_local/unit_fifo_local/fifo_ram/dual_port_ram_reg[2][31]/D
                                8.56          11.30 f        -2.74  (VIOLATED)
   insc_router/input_unit_y/unit_fifo_local/fifo_ram/dual_port_ram_reg[5][0]/D
                                8.56          11.30 f        -2.74  (VIOLATED)
   insc_router/input_unit_y/unit_fifo_local/fifo_ram/dual_port_ram_reg[5][2]/D
                                8.56          11.30 f        -2.74  (VIOLATED)
   insc_router/input_unit_y/unit_fifo_local/fifo_ram/dual_port_ram_reg[5][4]/D
                                8.56          11.30 f        -2.74  (VIOLATED)
   insc_router/input_unit_y/unit_fifo_local/fifo_ram/dual_port_ram_reg[5][6]/D
                                8.56          11.30 f        -2.74  (VIOLATED)
   insc_router/input_unit_y/unit_fifo_local/fifo_ram/dual_port_ram_reg[5][8]/D
                                8.56          11.30 f        -2.74  (VIOLATED)
   insc_router/input_unit_y/unit_fifo_local/fifo_ram/dual_port_ram_reg[5][10]/D
                                8.56          11.30 f        -2.74  (VIOLATED)
   insc_router/input_unit_y/unit_fifo_local/fifo_ram/dual_port_ram_reg[5][12]/D
                                8.56          11.30 f        -2.74  (VIOLATED)
   insc_router/input_unit_y/unit_fifo_local/fifo_ram/dual_port_ram_reg[5][14]/D
                                8.56          11.30 f        -2.74  (VIOLATED)
   insc_router/input_unit_y/unit_fifo_local/fifo_ram/dual_port_ram_reg[5][16]/D
                                8.56          11.30 f        -2.74  (VIOLATED)
   insc_router/input_unit_y/unit_fifo_local/fifo_ram/dual_port_ram_reg[5][18]/D
                                8.56          11.30 f        -2.74  (VIOLATED)
   insc_router/input_unit_y/unit_fifo_local/fifo_ram/dual_port_ram_reg[5][19]/D
                                8.56          11.30 f        -2.74  (VIOLATED)
   insc_router/input_unit_y/unit_fifo_local/fifo_ram/dual_port_ram_reg[5][20]/D
                                8.56          11.30 f        -2.74  (VIOLATED)
   insc_router/input_unit_y/unit_fifo_local/fifo_ram/dual_port_ram_reg[5][21]/D
                                8.56          11.30 f        -2.74  (VIOLATED)
   insc_router/input_unit_y/unit_fifo_local/fifo_ram/dual_port_ram_reg[5][22]/D
                                8.56          11.30 f        -2.74  (VIOLATED)
   insc_router/input_unit_y/unit_fifo_local/fifo_ram/dual_port_ram_reg[5][23]/D
                                8.56          11.30 f        -2.74  (VIOLATED)
   insc_router/input_unit_y/unit_fifo_local/fifo_ram/dual_port_ram_reg[5][24]/D
                                8.56          11.30 f        -2.74  (VIOLATED)
   insc_router/input_unit_y/unit_fifo_local/fifo_ram/dual_port_ram_reg[5][25]/D
                                8.56          11.30 f        -2.74  (VIOLATED)
   insc_router/input_unit_y/unit_fifo_local/fifo_ram/dual_port_ram_reg[5][26]/D
                                8.56          11.30 f        -2.74  (VIOLATED)
   insc_router/input_unit_y/unit_fifo_local/fifo_ram/dual_port_ram_reg[5][27]/D
                                8.56          11.30 f        -2.74  (VIOLATED)
   insc_router/input_unit_y/unit_fifo_local/fifo_ram/dual_port_ram_reg[5][28]/D
                                8.56          11.30 f        -2.74  (VIOLATED)
   insc_router/input_unit_y/unit_fifo_local/fifo_ram/dual_port_ram_reg[5][29]/D
                                8.56          11.30 f        -2.74  (VIOLATED)
   insc_router/input_unit_y/unit_fifo_local/fifo_ram/dual_port_ram_reg[5][30]/D
                                8.56          11.30 f        -2.74  (VIOLATED)
   insc_router/input_unit_local/unit_fifo_local/fifo_ram/dual_port_ram_reg[3][0]/D
                                8.56          11.30 f        -2.74  (VIOLATED)
   insc_router/input_unit_local/unit_fifo_local/fifo_ram/dual_port_ram_reg[3][1]/D
                                8.56          11.30 f        -2.74  (VIOLATED)
   insc_router/input_unit_local/unit_fifo_local/fifo_ram/dual_port_ram_reg[3][2]/D
                                8.56          11.30 f        -2.74  (VIOLATED)
   insc_router/input_unit_local/unit_fifo_local/fifo_ram/dual_port_ram_reg[3][3]/D
                                8.56          11.30 f        -2.74  (VIOLATED)
   insc_router/input_unit_local/unit_fifo_local/fifo_ram/dual_port_ram_reg[3][4]/D
                                8.56          11.30 f        -2.74  (VIOLATED)
   insc_router/input_unit_local/unit_fifo_local/fifo_ram/dual_port_ram_reg[3][5]/D
                                8.56          11.30 f        -2.74  (VIOLATED)
   insc_router/input_unit_local/unit_fifo_local/fifo_ram/dual_port_ram_reg[3][6]/D
                                8.56          11.30 f        -2.74  (VIOLATED)
   insc_router/input_unit_local/unit_fifo_local/fifo_ram/dual_port_ram_reg[3][7]/D
                                8.56          11.30 f        -2.74  (VIOLATED)
   insc_router/input_unit_local/unit_fifo_local/fifo_ram/dual_port_ram_reg[3][8]/D
                                8.56          11.30 f        -2.74  (VIOLATED)
   insc_router/input_unit_local/unit_fifo_local/fifo_ram/dual_port_ram_reg[3][9]/D
                                8.56          11.30 f        -2.74  (VIOLATED)
   insc_router/input_unit_local/unit_fifo_local/fifo_ram/dual_port_ram_reg[3][10]/D
                                8.56          11.30 f        -2.74  (VIOLATED)
   insc_router/input_unit_local/unit_fifo_local/fifo_ram/dual_port_ram_reg[3][11]/D
                                8.56          11.30 f        -2.74  (VIOLATED)
   insc_router/input_unit_local/unit_fifo_local/fifo_ram/dual_port_ram_reg[3][12]/D
                                8.56          11.30 f        -2.74  (VIOLATED)
   insc_router/input_unit_local/unit_fifo_local/fifo_ram/dual_port_ram_reg[3][13]/D
                                8.56          11.30 f        -2.74  (VIOLATED)
   insc_router/input_unit_local/unit_fifo_local/fifo_ram/dual_port_ram_reg[3][14]/D
                                8.56          11.30 f        -2.74  (VIOLATED)
   insc_router/input_unit_local/unit_fifo_local/fifo_ram/dual_port_ram_reg[3][15]/D
                                8.56          11.30 f        -2.74  (VIOLATED)
   insc_router/input_unit_local/unit_fifo_local/fifo_ram/dual_port_ram_reg[3][16]/D
                                8.56          11.30 f        -2.74  (VIOLATED)
   insc_router/input_unit_local/unit_fifo_local/fifo_ram/dual_port_ram_reg[3][17]/D
                                8.56          11.30 f        -2.74  (VIOLATED)
   insc_router/input_unit_local/unit_fifo_local/fifo_ram/dual_port_ram_reg[3][19]/D
                                8.56          11.30 f        -2.74  (VIOLATED)
   insc_router/input_unit_local/unit_fifo_local/fifo_ram/dual_port_ram_reg[3][20]/D
                                8.56          11.30 f        -2.74  (VIOLATED)
   insc_router/input_unit_local/unit_fifo_local/fifo_ram/dual_port_ram_reg[3][21]/D
                                8.56          11.30 f        -2.74  (VIOLATED)
   insc_router/input_unit_local/unit_fifo_local/fifo_ram/dual_port_ram_reg[3][22]/D
                                8.56          11.30 f        -2.74  (VIOLATED)
   insc_router/input_unit_local/unit_fifo_local/fifo_ram/dual_port_ram_reg[3][23]/D
                                8.56          11.30 f        -2.74  (VIOLATED)
   insc_router/input_unit_local/unit_fifo_local/fifo_ram/dual_port_ram_reg[3][24]/D
                                8.56          11.30 f        -2.74  (VIOLATED)
   insc_router/input_unit_local/unit_fifo_local/fifo_ram/dual_port_ram_reg[3][25]/D
                                8.56          11.30 f        -2.74  (VIOLATED)
   insc_router/input_unit_local/unit_fifo_local/fifo_ram/dual_port_ram_reg[3][26]/D
                                8.56          11.30 f        -2.74  (VIOLATED)
   insc_router/input_unit_local/unit_fifo_local/fifo_ram/dual_port_ram_reg[3][27]/D
                                8.56          11.30 f        -2.74  (VIOLATED)
   insc_router/input_unit_local/unit_fifo_local/fifo_ram/dual_port_ram_reg[3][28]/D
                                8.56          11.30 f        -2.74  (VIOLATED)
   insc_router/input_unit_local/unit_fifo_local/fifo_ram/dual_port_ram_reg[3][29]/D
                                8.56          11.30 f        -2.74  (VIOLATED)
   insc_router/input_unit_local/unit_fifo_local/fifo_ram/dual_port_ram_reg[3][30]/D
                                8.56          11.30 f        -2.74  (VIOLATED)
   insc_router/input_unit_local/unit_fifo_local/fifo_ram/dual_port_ram_reg[3][31]/D
                                8.56          11.30 f        -2.74  (VIOLATED)
   insc_router/input_unit_local/unit_fifo_local/fifo_ram/dual_port_ram_reg[0][6]/D
                                8.56          11.30 f        -2.74  (VIOLATED)
   insc_router/input_unit_local/unit_fifo_local/fifo_ram/dual_port_ram_reg[0][7]/D
                                8.56          11.30 f        -2.74  (VIOLATED)
   insc_router/input_unit_local/unit_fifo_local/fifo_ram/dual_port_ram_reg[0][8]/D
                                8.56          11.30 f        -2.74  (VIOLATED)
   insc_router/input_unit_local/unit_fifo_local/fifo_ram/dual_port_ram_reg[0][9]/D
                                8.56          11.30 f        -2.74  (VIOLATED)
   insc_router/input_unit_local/unit_fifo_local/fifo_ram/dual_port_ram_reg[0][10]/D
                                8.56          11.30 f        -2.74  (VIOLATED)
   insc_router/input_unit_local/unit_fifo_local/fifo_ram/dual_port_ram_reg[0][11]/D
                                8.56          11.30 f        -2.74  (VIOLATED)
   insc_router/input_unit_local/unit_fifo_local/fifo_ram/dual_port_ram_reg[0][12]/D
                                8.56          11.30 f        -2.74  (VIOLATED)
   insc_router/input_unit_local/unit_fifo_local/fifo_ram/dual_port_ram_reg[0][13]/D
                                8.56          11.30 f        -2.74  (VIOLATED)
   insc_router/input_unit_local/unit_fifo_local/fifo_ram/dual_port_ram_reg[0][14]/D
                                8.56          11.30 f        -2.74  (VIOLATED)
   insc_router/input_unit_local/unit_fifo_local/fifo_ram/dual_port_ram_reg[0][15]/D
                                8.56          11.30 f        -2.74  (VIOLATED)
   insc_router/input_unit_local/unit_fifo_local/fifo_ram/dual_port_ram_reg[0][16]/D
                                8.56          11.30 f        -2.74  (VIOLATED)
   insc_router/input_unit_local/unit_fifo_local/fifo_ram/dual_port_ram_reg[0][17]/D
                                8.56          11.30 f        -2.74  (VIOLATED)
   insc_router/input_unit_local/unit_fifo_local/fifo_ram/dual_port_ram_reg[0][18]/D
                                8.56          11.30 f        -2.74  (VIOLATED)
   insc_router/input_unit_local/unit_fifo_local/fifo_ram/dual_port_ram_reg[5][0]/D
                                8.56          11.30 f        -2.74  (VIOLATED)
   insc_router/input_unit_local/unit_fifo_local/fifo_ram/dual_port_ram_reg[5][1]/D
                                8.56          11.30 f        -2.74  (VIOLATED)
   insc_router/input_unit_local/unit_fifo_local/fifo_ram/dual_port_ram_reg[5][2]/D
                                8.56          11.30 f        -2.74  (VIOLATED)
   insc_router/input_unit_local/unit_fifo_local/fifo_ram/dual_port_ram_reg[5][3]/D
                                8.56          11.30 f        -2.74  (VIOLATED)
   insc_router/input_unit_local/unit_fifo_local/fifo_ram/dual_port_ram_reg[5][4]/D
                                8.56          11.30 f        -2.74  (VIOLATED)
   insc_router/input_unit_local/unit_fifo_local/fifo_ram/dual_port_ram_reg[5][5]/D
                                8.56          11.30 f        -2.74  (VIOLATED)
   insc_router/input_unit_local/unit_fifo_local/fifo_ram/dual_port_ram_reg[5][6]/D
                                8.56          11.30 f        -2.74  (VIOLATED)
   insc_router/input_unit_local/unit_fifo_local/fifo_ram/dual_port_ram_reg[5][7]/D
                                8.56          11.30 f        -2.74  (VIOLATED)
   insc_router/input_unit_local/unit_fifo_local/fifo_ram/dual_port_ram_reg[5][8]/D
                                8.56          11.30 f        -2.74  (VIOLATED)
   insc_router/input_unit_local/unit_fifo_local/fifo_ram/dual_port_ram_reg[5][9]/D
                                8.56          11.30 f        -2.74  (VIOLATED)
   insc_router/input_unit_local/unit_fifo_local/fifo_ram/dual_port_ram_reg[5][10]/D
                                8.56          11.30 f        -2.74  (VIOLATED)
   insc_router/input_unit_local/unit_fifo_local/fifo_ram/dual_port_ram_reg[5][11]/D
                                8.56          11.30 f        -2.74  (VIOLATED)
   insc_router/input_unit_local/unit_fifo_local/fifo_ram/dual_port_ram_reg[5][12]/D
                                8.56          11.30 f        -2.74  (VIOLATED)
   insc_router/input_unit_local/unit_fifo_local/fifo_ram/dual_port_ram_reg[5][13]/D
                                8.56          11.30 f        -2.74  (VIOLATED)
   insc_router/input_unit_local/unit_fifo_local/fifo_ram/dual_port_ram_reg[5][14]/D
                                8.56          11.30 f        -2.74  (VIOLATED)
   insc_router/input_unit_local/unit_fifo_local/fifo_ram/dual_port_ram_reg[5][15]/D
                                8.56          11.30 f        -2.74  (VIOLATED)
   insc_router/input_unit_local/unit_fifo_local/fifo_ram/dual_port_ram_reg[5][16]/D
                                8.56          11.30 f        -2.74  (VIOLATED)
   insc_router/input_unit_local/unit_fifo_local/fifo_ram/dual_port_ram_reg[5][17]/D
                                8.56          11.30 f        -2.74  (VIOLATED)
   insc_router/input_unit_local/unit_fifo_local/fifo_ram/dual_port_ram_reg[5][18]/D
                                8.56          11.30 f        -2.74  (VIOLATED)
   insc_router/input_unit_local/unit_fifo_local/fifo_ram/dual_port_ram_reg[5][30]/D
                                8.56          11.30 f        -2.74  (VIOLATED)
   insc_router/input_unit_local/unit_fifo_local/fifo_ram/dual_port_ram_reg[5][31]/D
                                8.56          11.30 f        -2.74  (VIOLATED)
   insc_router/input_unit_y/data_out_reg[2]/D
                                8.56          11.30 f        -2.74  (VIOLATED)
   insc_router/input_unit_y/data_out_reg[11]/D
                                8.56          11.30 f        -2.74  (VIOLATED)
   insc_router/input_unit_y/data_out_reg[15]/D
                                8.56          11.30 f        -2.74  (VIOLATED)
   insc_router/input_unit_x/unit_fifo_local/fifo_ram/dual_port_ram_reg[2][26]/D
                                8.56          11.30 f        -2.74  (VIOLATED)
   insc_router/input_unit_x/unit_fifo_local/fifo_ram/dual_port_ram_reg[2][27]/D
                                8.56          11.30 f        -2.74  (VIOLATED)
   insc_router/input_unit_x/unit_fifo_local/fifo_ram/dual_port_ram_reg[2][28]/D
                                8.56          11.30 f        -2.74  (VIOLATED)
   insc_router/input_unit_x/unit_fifo_local/fifo_ram/dual_port_ram_reg[2][29]/D
                                8.56          11.30 f        -2.74  (VIOLATED)
   insc_router/input_unit_x/unit_fifo_local/fifo_ram/dual_port_ram_reg[2][30]/D
                                8.56          11.30 f        -2.74  (VIOLATED)
   insc_router/input_unit_x/unit_fifo_local/fifo_ram/dual_port_ram_reg[2][31]/D
                                8.56          11.30 f        -2.74  (VIOLATED)
   insc_router/input_unit_x/unit_fifo_local/fifo_ram/dual_port_ram_reg[7][0]/D
                                8.56          11.29 f        -2.73  (VIOLATED)
   insc_router/input_unit_x/unit_fifo_local/fifo_ram/dual_port_ram_reg[7][1]/D
                                8.56          11.29 f        -2.73  (VIOLATED)
   insc_router/input_unit_x/unit_fifo_local/fifo_ram/dual_port_ram_reg[7][2]/D
                                8.56          11.29 f        -2.73  (VIOLATED)
   insc_router/input_unit_x/unit_fifo_local/fifo_ram/dual_port_ram_reg[7][3]/D
                                8.56          11.29 f        -2.73  (VIOLATED)
   insc_router/input_unit_x/unit_fifo_local/fifo_ram/dual_port_ram_reg[7][4]/D
                                8.56          11.29 f        -2.73  (VIOLATED)
   insc_router/input_unit_x/unit_fifo_local/fifo_ram/dual_port_ram_reg[7][5]/D
                                8.56          11.29 f        -2.73  (VIOLATED)
   insc_router/input_unit_x/unit_fifo_local/fifo_ram/dual_port_ram_reg[4][6]/D
                                8.56          11.29 f        -2.73  (VIOLATED)
   insc_router/input_unit_x/unit_fifo_local/fifo_ram/dual_port_ram_reg[4][7]/D
                                8.56          11.29 f        -2.73  (VIOLATED)
   insc_router/input_unit_x/unit_fifo_local/fifo_ram/dual_port_ram_reg[4][8]/D
                                8.56          11.29 f        -2.73  (VIOLATED)
   insc_router/input_unit_x/unit_fifo_local/fifo_ram/dual_port_ram_reg[4][9]/D
                                8.56          11.29 f        -2.73  (VIOLATED)
   insc_router/input_unit_x/unit_fifo_local/fifo_ram/dual_port_ram_reg[4][10]/D
                                8.56          11.29 f        -2.73  (VIOLATED)
   insc_router/input_unit_x/unit_fifo_local/fifo_ram/dual_port_ram_reg[4][11]/D
                                8.56          11.29 f        -2.73  (VIOLATED)
   insc_router/input_unit_x/unit_fifo_local/fifo_ram/dual_port_ram_reg[4][12]/D
                                8.56          11.29 f        -2.73  (VIOLATED)
   insc_router/input_unit_x/unit_fifo_local/fifo_ram/dual_port_ram_reg[4][13]/D
                                8.56          11.29 f        -2.73  (VIOLATED)
   insc_router/input_unit_x/unit_fifo_local/fifo_ram/dual_port_ram_reg[4][14]/D
                                8.56          11.29 f        -2.73  (VIOLATED)
   insc_router/input_unit_x/unit_fifo_local/fifo_ram/dual_port_ram_reg[4][15]/D
                                8.56          11.29 f        -2.73  (VIOLATED)
   insc_router/input_unit_x/unit_fifo_local/fifo_ram/dual_port_ram_reg[4][16]/D
                                8.56          11.29 f        -2.73  (VIOLATED)
   insc_router/input_unit_x/unit_fifo_local/fifo_ram/dual_port_ram_reg[4][17]/D
                                8.56          11.29 f        -2.73  (VIOLATED)
   insc_router/input_unit_x/unit_fifo_local/fifo_ram/dual_port_ram_reg[4][18]/D
                                8.56          11.29 f        -2.73  (VIOLATED)
   insc_router/input_unit_x/unit_fifo_local/fifo_ram/dual_port_ram_reg[3][0]/D
                                8.67          11.40 f        -2.73  (VIOLATED)
   insc_router/input_unit_x/unit_fifo_local/fifo_ram/dual_port_ram_reg[3][1]/D
                                8.67          11.40 f        -2.73  (VIOLATED)
   insc_router/input_unit_x/unit_fifo_local/fifo_ram/dual_port_ram_reg[3][2]/D
                                8.67          11.40 f        -2.73  (VIOLATED)
   insc_router/input_unit_x/unit_fifo_local/fifo_ram/dual_port_ram_reg[3][3]/D
                                8.67          11.40 f        -2.73  (VIOLATED)
   insc_router/input_unit_x/unit_fifo_local/fifo_ram/dual_port_ram_reg[3][4]/D
                                8.67          11.40 f        -2.73  (VIOLATED)
   insc_router/input_unit_x/unit_fifo_local/fifo_ram/dual_port_ram_reg[3][5]/D
                                8.67          11.40 f        -2.73  (VIOLATED)
   insc_router/input_unit_x/unit_fifo_local/fifo_ram/dual_port_ram_reg[3][6]/D
                                8.67          11.40 f        -2.73  (VIOLATED)
   insc_router/input_unit_x/unit_fifo_local/fifo_ram/dual_port_ram_reg[3][7]/D
                                8.67          11.40 f        -2.73  (VIOLATED)
   insc_router/input_unit_x/unit_fifo_local/fifo_ram/dual_port_ram_reg[3][8]/D
                                8.67          11.40 f        -2.73  (VIOLATED)
   insc_router/input_unit_x/unit_fifo_local/fifo_ram/dual_port_ram_reg[3][9]/D
                                8.67          11.40 f        -2.73  (VIOLATED)
   insc_router/input_unit_x/unit_fifo_local/fifo_ram/dual_port_ram_reg[3][10]/D
                                8.67          11.40 f        -2.73  (VIOLATED)
   insc_router/input_unit_x/unit_fifo_local/fifo_ram/dual_port_ram_reg[3][11]/D
                                8.67          11.40 f        -2.73  (VIOLATED)
   insc_router/input_unit_x/unit_fifo_local/fifo_ram/dual_port_ram_reg[3][12]/D
                                8.67          11.40 f        -2.73  (VIOLATED)
   insc_router/input_unit_x/unit_fifo_local/fifo_ram/dual_port_ram_reg[3][13]/D
                                8.67          11.40 f        -2.73  (VIOLATED)
   insc_router/input_unit_x/unit_fifo_local/fifo_ram/dual_port_ram_reg[3][14]/D
                                8.67          11.40 f        -2.73  (VIOLATED)
   insc_router/input_unit_x/unit_fifo_local/fifo_ram/dual_port_ram_reg[3][15]/D
                                8.67          11.40 f        -2.73  (VIOLATED)
   insc_router/input_unit_x/unit_fifo_local/fifo_ram/dual_port_ram_reg[3][16]/D
                                8.67          11.40 f        -2.73  (VIOLATED)
   insc_router/input_unit_x/unit_fifo_local/fifo_ram/dual_port_ram_reg[3][17]/D
                                8.67          11.40 f        -2.73  (VIOLATED)
   insc_router/input_unit_x/unit_fifo_local/fifo_ram/dual_port_ram_reg[3][18]/D
                                8.67          11.40 f        -2.73  (VIOLATED)
   insc_router/input_unit_x/unit_fifo_local/fifo_ram/dual_port_ram_reg[3][19]/D
                                8.67          11.40 f        -2.73  (VIOLATED)
   insc_router/input_unit_x/unit_fifo_local/fifo_ram/dual_port_ram_reg[3][20]/D
                                8.67          11.40 f        -2.73  (VIOLATED)
   insc_router/input_unit_x/unit_fifo_local/fifo_ram/dual_port_ram_reg[3][21]/D
                                8.67          11.40 f        -2.73  (VIOLATED)
   insc_router/input_unit_x/unit_fifo_local/fifo_ram/dual_port_ram_reg[3][22]/D
                                8.67          11.40 f        -2.73  (VIOLATED)
   insc_router/input_unit_x/unit_fifo_local/fifo_ram/dual_port_ram_reg[3][23]/D
                                8.67          11.40 f        -2.73  (VIOLATED)
   insc_router/input_unit_x/unit_fifo_local/fifo_ram/dual_port_ram_reg[3][24]/D
                                8.67          11.40 f        -2.73  (VIOLATED)
   insc_router/input_unit_x/unit_fifo_local/fifo_ram/dual_port_ram_reg[3][25]/D
                                8.67          11.40 f        -2.73  (VIOLATED)
   insc_router/input_unit_x/unit_fifo_local/fifo_ram/dual_port_ram_reg[3][26]/D
                                8.67          11.40 f        -2.73  (VIOLATED)
   insc_router/input_unit_x/unit_fifo_local/fifo_ram/dual_port_ram_reg[3][27]/D
                                8.67          11.40 f        -2.73  (VIOLATED)
   insc_router/input_unit_x/unit_fifo_local/fifo_ram/dual_port_ram_reg[3][28]/D
                                8.67          11.40 f        -2.73  (VIOLATED)
   insc_router/input_unit_x/unit_fifo_local/fifo_ram/dual_port_ram_reg[3][29]/D
                                8.67          11.40 f        -2.73  (VIOLATED)
   insc_router/input_unit_x/unit_fifo_local/fifo_ram/dual_port_ram_reg[3][30]/D
                                8.67          11.40 f        -2.73  (VIOLATED)
   insc_router/input_unit_x/unit_fifo_local/fifo_ram/dual_port_ram_reg[3][31]/D
                                8.67          11.40 f        -2.73  (VIOLATED)
   insc_router/input_unit_x/unit_fifo_local/waddr_reg[3]/D
                                8.51          11.24 f        -2.73  (VIOLATED)
   insc_router/input_unit_local/unit_fifo_local/fifo_ram/dual_port_ram_reg[4][6]/D
                                8.56          11.29 f        -2.73  (VIOLATED)
   insc_router/input_unit_local/unit_fifo_local/fifo_ram/dual_port_ram_reg[4][7]/D
                                8.56          11.29 f        -2.73  (VIOLATED)
   insc_router/input_unit_local/unit_fifo_local/fifo_ram/dual_port_ram_reg[4][8]/D
                                8.56          11.29 f        -2.73  (VIOLATED)
   insc_router/input_unit_local/unit_fifo_local/fifo_ram/dual_port_ram_reg[4][9]/D
                                8.56          11.29 f        -2.73  (VIOLATED)
   insc_router/input_unit_local/unit_fifo_local/fifo_ram/dual_port_ram_reg[4][10]/D
                                8.56          11.29 f        -2.73  (VIOLATED)
   insc_router/input_unit_local/unit_fifo_local/fifo_ram/dual_port_ram_reg[4][11]/D
                                8.56          11.29 f        -2.73  (VIOLATED)
   insc_router/input_unit_local/unit_fifo_local/fifo_ram/dual_port_ram_reg[4][12]/D
                                8.56          11.29 f        -2.73  (VIOLATED)
   insc_router/input_unit_local/unit_fifo_local/fifo_ram/dual_port_ram_reg[4][13]/D
                                8.56          11.29 f        -2.73  (VIOLATED)
   insc_router/input_unit_local/unit_fifo_local/fifo_ram/dual_port_ram_reg[4][14]/D
                                8.56          11.29 f        -2.73  (VIOLATED)
   insc_router/input_unit_local/unit_fifo_local/fifo_ram/dual_port_ram_reg[4][15]/D
                                8.56          11.29 f        -2.73  (VIOLATED)
   insc_router/input_unit_local/unit_fifo_local/fifo_ram/dual_port_ram_reg[4][16]/D
                                8.56          11.29 f        -2.73  (VIOLATED)
   insc_router/input_unit_local/unit_fifo_local/fifo_ram/dual_port_ram_reg[4][17]/D
                                8.56          11.29 f        -2.73  (VIOLATED)
   insc_router/input_unit_local/unit_fifo_local/fifo_ram/dual_port_ram_reg[4][18]/D
                                8.56          11.29 f        -2.73  (VIOLATED)
   insc_router/input_unit_y/data_out_reg[25]/D
                                8.56          11.29 f        -2.73  (VIOLATED)
   insc_router/input_unit_y/unit_fifo_local/fifo_ram/dual_port_ram_reg[5][1]/D
                                8.56          11.28 f        -2.72  (VIOLATED)
   insc_router/input_unit_y/unit_fifo_local/fifo_ram/dual_port_ram_reg[5][3]/D
                                8.56          11.28 f        -2.72  (VIOLATED)
   insc_router/input_unit_y/unit_fifo_local/fifo_ram/dual_port_ram_reg[5][5]/D
                                8.56          11.28 f        -2.72  (VIOLATED)
   insc_router/input_unit_y/unit_fifo_local/fifo_ram/dual_port_ram_reg[5][7]/D
                                8.56          11.28 f        -2.72  (VIOLATED)
   insc_router/input_unit_y/unit_fifo_local/fifo_ram/dual_port_ram_reg[5][9]/D
                                8.56          11.28 f        -2.72  (VIOLATED)
   insc_router/input_unit_y/unit_fifo_local/fifo_ram/dual_port_ram_reg[5][11]/D
                                8.56          11.28 f        -2.72  (VIOLATED)
   insc_router/input_unit_y/unit_fifo_local/fifo_ram/dual_port_ram_reg[5][15]/D
                                8.56          11.28 f        -2.72  (VIOLATED)
   insc_router/input_unit_y/unit_fifo_local/fifo_ram/dual_port_ram_reg[5][17]/D
                                8.56          11.28 f        -2.72  (VIOLATED)
   insc_router/input_unit_y/unit_fifo_local/fifo_ram/dual_port_ram_reg[5][31]/D
                                8.56          11.28 f        -2.72  (VIOLATED)
   insc_router/input_unit_x/unit_fifo_local/fifo_ram/dual_port_ram_reg[4][0]/D
                                8.56          11.28 f        -2.72  (VIOLATED)
   insc_router/input_unit_x/unit_fifo_local/fifo_ram/dual_port_ram_reg[4][1]/D
                                8.56          11.28 f        -2.72  (VIOLATED)
   insc_router/input_unit_x/unit_fifo_local/fifo_ram/dual_port_ram_reg[4][2]/D
                                8.56          11.28 f        -2.72  (VIOLATED)
   insc_router/input_unit_x/unit_fifo_local/fifo_ram/dual_port_ram_reg[4][3]/D
                                8.56          11.28 f        -2.72  (VIOLATED)
   insc_router/input_unit_x/unit_fifo_local/fifo_ram/dual_port_ram_reg[4][4]/D
                                8.56          11.28 f        -2.72  (VIOLATED)
   insc_router/input_unit_local/unit_fifo_local/fifo_ram/dual_port_ram_reg[4][19]/D
                                8.56          11.28 f        -2.72  (VIOLATED)
   insc_router/input_unit_local/unit_fifo_local/fifo_ram/dual_port_ram_reg[4][20]/D
                                8.56          11.28 f        -2.72  (VIOLATED)
   insc_router/input_unit_local/unit_fifo_local/fifo_ram/dual_port_ram_reg[4][21]/D
                                8.56          11.28 f        -2.72  (VIOLATED)
   insc_router/input_unit_local/unit_fifo_local/fifo_ram/dual_port_ram_reg[4][22]/D
                                8.56          11.28 f        -2.72  (VIOLATED)
   insc_router/input_unit_local/unit_fifo_local/fifo_ram/dual_port_ram_reg[4][23]/D
                                8.56          11.28 f        -2.72  (VIOLATED)
   insc_router/input_unit_local/unit_fifo_local/fifo_ram/dual_port_ram_reg[4][24]/D
                                8.56          11.28 f        -2.72  (VIOLATED)
   insc_router/input_unit_local/unit_fifo_local/fifo_ram/dual_port_ram_reg[4][25]/D
                                8.56          11.28 f        -2.72  (VIOLATED)
   insc_router/input_unit_local/unit_fifo_local/fifo_ram/dual_port_ram_reg[4][26]/D
                                8.56          11.28 f        -2.72  (VIOLATED)
   insc_router/input_unit_local/unit_fifo_local/fifo_ram/dual_port_ram_reg[4][27]/D
                                8.56          11.28 f        -2.72  (VIOLATED)
   insc_router/input_unit_local/unit_fifo_local/fifo_ram/dual_port_ram_reg[4][28]/D
                                8.56          11.28 f        -2.72  (VIOLATED)
   insc_router/input_unit_local/unit_fifo_local/fifo_ram/dual_port_ram_reg[4][29]/D
                                8.56          11.28 f        -2.72  (VIOLATED)
   insc_router/input_unit_local/unit_fifo_local/fifo_ram/dual_port_ram_reg[4][30]/D
                                8.56          11.28 f        -2.72  (VIOLATED)
   insc_router/input_unit_local/unit_fifo_local/fifo_ram/dual_port_ram_reg[4][31]/D
                                8.56          11.28 f        -2.72  (VIOLATED)
   insc_router/input_unit_local/unit_fifo_local/fifo_ram/dual_port_ram_reg[0][19]/D
                                8.56          11.28 f        -2.72  (VIOLATED)
   insc_router/input_unit_local/unit_fifo_local/fifo_ram/dual_port_ram_reg[0][20]/D
                                8.56          11.28 f        -2.72  (VIOLATED)
   insc_router/input_unit_local/unit_fifo_local/fifo_ram/dual_port_ram_reg[0][21]/D
                                8.56          11.28 f        -2.72  (VIOLATED)
   insc_router/input_unit_local/unit_fifo_local/fifo_ram/dual_port_ram_reg[0][22]/D
                                8.56          11.28 f        -2.72  (VIOLATED)
   insc_router/input_unit_local/unit_fifo_local/fifo_ram/dual_port_ram_reg[0][23]/D
                                8.56          11.28 f        -2.72  (VIOLATED)
   insc_router/input_unit_local/unit_fifo_local/fifo_ram/dual_port_ram_reg[0][24]/D
                                8.56          11.28 f        -2.72  (VIOLATED)
   insc_router/input_unit_local/unit_fifo_local/fifo_ram/dual_port_ram_reg[0][25]/D
                                8.56          11.28 f        -2.72  (VIOLATED)
   insc_router/input_unit_local/unit_fifo_local/fifo_ram/dual_port_ram_reg[0][26]/D
                                8.56          11.28 f        -2.72  (VIOLATED)
   insc_router/input_unit_local/unit_fifo_local/fifo_ram/dual_port_ram_reg[0][27]/D
                                8.56          11.28 f        -2.72  (VIOLATED)
   insc_router/input_unit_local/unit_fifo_local/fifo_ram/dual_port_ram_reg[0][28]/D
                                8.56          11.28 f        -2.72  (VIOLATED)
   insc_router/input_unit_local/unit_fifo_local/fifo_ram/dual_port_ram_reg[0][29]/D
                                8.56          11.28 f        -2.72  (VIOLATED)
   insc_router/input_unit_local/unit_fifo_local/fifo_ram/dual_port_ram_reg[0][30]/D
                                8.56          11.28 f        -2.72  (VIOLATED)
   insc_router/input_unit_local/unit_fifo_local/fifo_ram/dual_port_ram_reg[0][31]/D
                                8.56          11.28 f        -2.72  (VIOLATED)
   insc_router/input_unit_local/unit_fifo_local/waddr_reg[2]/D
                                8.51          11.22 f        -2.71  (VIOLATED)
   insc_router/input_unit_y/unit_fifo_local/fifo_ram/dual_port_ram_reg[7][2]/D
                                8.67          11.38 f        -2.71  (VIOLATED)
   insc_router/input_unit_y/unit_fifo_local/fifo_ram/dual_port_ram_reg[7][3]/D
                                8.67          11.38 f        -2.71  (VIOLATED)
   insc_router/input_unit_y/unit_fifo_local/fifo_ram/dual_port_ram_reg[7][17]/D
                                8.67          11.38 f        -2.71  (VIOLATED)
   insc_router/input_unit_y/unit_fifo_local/fifo_ram/dual_port_ram_reg[7][18]/D
                                8.67          11.38 f        -2.71  (VIOLATED)
   insc_router/input_unit_y/unit_fifo_local/fifo_ram/dual_port_ram_reg[7][19]/D
                                8.67          11.38 f        -2.71  (VIOLATED)
   insc_router/input_unit_y/unit_fifo_local/fifo_ram/dual_port_ram_reg[7][20]/D
                                8.67          11.38 f        -2.71  (VIOLATED)
   insc_router/input_unit_y/unit_fifo_local/fifo_ram/dual_port_ram_reg[7][21]/D
                                8.67          11.38 f        -2.71  (VIOLATED)
   insc_router/input_unit_y/unit_fifo_local/fifo_ram/dual_port_ram_reg[7][22]/D
                                8.67          11.38 f        -2.71  (VIOLATED)
   insc_router/input_unit_local/unit_fifo_local/fifo_ram/dual_port_ram_reg[2][27]/D
                                8.56          11.27 f        -2.71  (VIOLATED)
   insc_router/input_unit_local/unit_fifo_local/fifo_ram/dual_port_ram_reg[2][0]/D
                                8.56          11.27 f        -2.71  (VIOLATED)
   insc_router/input_unit_local/unit_fifo_local/fifo_ram/dual_port_ram_reg[2][1]/D
                                8.56          11.27 f        -2.71  (VIOLATED)
   insc_router/input_unit_local/unit_fifo_local/fifo_ram/dual_port_ram_reg[2][2]/D
                                8.56          11.27 f        -2.71  (VIOLATED)
   insc_router/input_unit_local/unit_fifo_local/fifo_ram/dual_port_ram_reg[2][3]/D
                                8.56          11.27 f        -2.71  (VIOLATED)
   insc_router/input_unit_local/unit_fifo_local/fifo_ram/dual_port_ram_reg[2][4]/D
                                8.56          11.27 f        -2.71  (VIOLATED)
   insc_router/input_unit_local/unit_fifo_local/fifo_ram/dual_port_ram_reg[2][5]/D
                                8.56          11.27 f        -2.71  (VIOLATED)
   insc_router/input_unit_local/unit_fifo_local/fifo_ram/dual_port_ram_reg[2][6]/D
                                8.56          11.27 f        -2.71  (VIOLATED)
   insc_router/input_unit_local/unit_fifo_local/fifo_ram/dual_port_ram_reg[2][7]/D
                                8.56          11.27 f        -2.71  (VIOLATED)
   insc_router/input_unit_local/unit_fifo_local/fifo_ram/dual_port_ram_reg[2][8]/D
                                8.56          11.27 f        -2.71  (VIOLATED)
   insc_router/input_unit_local/unit_fifo_local/fifo_ram/dual_port_ram_reg[2][9]/D
                                8.56          11.27 f        -2.71  (VIOLATED)
   insc_router/input_unit_local/unit_fifo_local/fifo_ram/dual_port_ram_reg[2][10]/D
                                8.56          11.27 f        -2.71  (VIOLATED)
   insc_router/input_unit_local/unit_fifo_local/fifo_ram/dual_port_ram_reg[2][11]/D
                                8.56          11.27 f        -2.71  (VIOLATED)
   insc_router/input_unit_local/unit_fifo_local/fifo_ram/dual_port_ram_reg[2][12]/D
                                8.56          11.27 f        -2.71  (VIOLATED)
   insc_router/input_unit_x/unit_fifo_local/waddr_reg[2]/D
                                8.51          11.21 f        -2.70  (VIOLATED)
   insc_router/input_unit_local/data_out_reg[9]/D
                                8.56          11.26 f        -2.70  (VIOLATED)
   insc_router/input_unit_local/data_out_reg[10]/D
                                8.56          11.26 f        -2.70  (VIOLATED)
   insc_router/input_unit_y/fifo_rd_data_valid_reg/D
                                8.57          11.27 f        -2.70  (VIOLATED)
   LOCAL_DATA_OUT[0]            3.80           6.50 r        -2.70  (VIOLATED)
   LOCAL_DATA_OUT[1]            3.80           6.50 r        -2.70  (VIOLATED)
   LOCAL_DATA_OUT[2]            3.80           6.50 r        -2.70  (VIOLATED)
   LOCAL_DATA_OUT[3]            3.80           6.50 r        -2.70  (VIOLATED)
   LOCAL_DATA_OUT[4]            3.80           6.50 r        -2.70  (VIOLATED)
   LOCAL_DATA_OUT[5]            3.80           6.50 r        -2.70  (VIOLATED)
   LOCAL_DATA_OUT[6]            3.80           6.50 r        -2.70  (VIOLATED)
   LOCAL_DATA_OUT[7]            3.80           6.50 r        -2.70  (VIOLATED)
   LOCAL_DATA_OUT[8]            3.80           6.50 r        -2.70  (VIOLATED)
   LOCAL_DATA_OUT[9]            3.80           6.50 r        -2.70  (VIOLATED)
   LOCAL_DATA_OUT[10]           3.80           6.50 r        -2.70  (VIOLATED)
   LOCAL_DATA_OUT[11]           3.80           6.50 r        -2.70  (VIOLATED)
   LOCAL_DATA_OUT[12]           3.80           6.50 r        -2.70  (VIOLATED)
   LOCAL_DATA_OUT[13]           3.80           6.50 r        -2.70  (VIOLATED)
   LOCAL_DATA_OUT[14]           3.80           6.50 r        -2.70  (VIOLATED)
   LOCAL_DATA_OUT[15]           3.80           6.50 r        -2.70  (VIOLATED)
   LOCAL_DATA_OUT[16]           3.80           6.50 r        -2.70  (VIOLATED)
   LOCAL_DATA_OUT[17]           3.80           6.50 r        -2.70  (VIOLATED)
   LOCAL_DATA_OUT[18]           3.80           6.50 r        -2.70  (VIOLATED)
   LOCAL_DATA_OUT[19]           3.80           6.50 r        -2.70  (VIOLATED)
   LOCAL_DATA_OUT[20]           3.80           6.50 r        -2.70  (VIOLATED)
   LOCAL_DATA_OUT[21]           3.80           6.50 r        -2.70  (VIOLATED)
   LOCAL_DATA_OUT[22]           3.80           6.50 r        -2.70  (VIOLATED)
   LOCAL_DATA_OUT[23]           3.80           6.50 r        -2.70  (VIOLATED)
   LOCAL_DATA_OUT[24]           3.80           6.50 r        -2.70  (VIOLATED)
   LOCAL_DATA_OUT[25]           3.80           6.50 r        -2.70  (VIOLATED)
   LOCAL_DATA_OUT[26]           3.80           6.50 r        -2.70  (VIOLATED)
   LOCAL_DATA_OUT[27]           3.80           6.50 r        -2.70  (VIOLATED)
   LOCAL_DATA_OUT[28]           3.80           6.50 r        -2.70  (VIOLATED)
   LOCAL_DATA_OUT[29]           3.80           6.50 r        -2.70  (VIOLATED)
   LOCAL_DATA_OUT[30]           3.80           6.50 r        -2.70  (VIOLATED)
   LOCAL_DATA_OUT[31]           3.80           6.50 r        -2.70  (VIOLATED)
   Y_DATA_OUT[14]               3.80           6.50 r        -2.70  (VIOLATED)
   Y_DATA_OUT[15]               3.80           6.50 r        -2.70  (VIOLATED)
   Y_DATA_OUT[16]               3.80           6.50 r        -2.70  (VIOLATED)
   Y_DATA_OUT[17]               3.80           6.50 r        -2.70  (VIOLATED)
   Y_DATA_OUT[18]               3.80           6.50 r        -2.70  (VIOLATED)
   Y_DATA_OUT[19]               3.80           6.50 r        -2.70  (VIOLATED)
   Y_DATA_OUT[27]               3.80           6.50 r        -2.70  (VIOLATED)
   X_DATA_VALID_OUT             3.80           6.50 r        -2.70  (VIOLATED)
   Y_DATA_VALID_OUT             3.80           6.50 r        -2.70  (VIOLATED)
   Y_DATA_OUT[0]                3.80           6.50 r        -2.70  (VIOLATED)
   Y_DATA_OUT[1]                3.80           6.50 r        -2.70  (VIOLATED)
   Y_DATA_OUT[2]                3.80           6.50 r        -2.70  (VIOLATED)
   Y_DATA_OUT[3]                3.80           6.50 r        -2.70  (VIOLATED)
   Y_DATA_OUT[4]                3.80           6.50 r        -2.70  (VIOLATED)
   Y_DATA_OUT[5]                3.80           6.50 r        -2.70  (VIOLATED)
   Y_DATA_OUT[6]                3.80           6.50 r        -2.70  (VIOLATED)
   Y_DATA_OUT[7]                3.80           6.50 r        -2.70  (VIOLATED)
   Y_DATA_OUT[8]                3.80           6.50 r        -2.70  (VIOLATED)
   Y_DATA_OUT[9]                3.80           6.50 r        -2.70  (VIOLATED)
   Y_DATA_OUT[10]               3.80           6.50 r        -2.70  (VIOLATED)
   Y_DATA_OUT[11]               3.80           6.50 r        -2.70  (VIOLATED)
   LOCAL_DATA_VALID_OUT         3.80           6.49 r        -2.69  (VIOLATED)
   insc_router/input_unit_y/unit_fifo_local/fifo_ram/dual_port_ram_reg[7][0]/D
                                8.67          11.36 f        -2.69  (VIOLATED)
   insc_router/input_unit_y/unit_fifo_local/fifo_ram/dual_port_ram_reg[7][1]/D
                                8.67          11.36 f        -2.69  (VIOLATED)
   insc_router/input_unit_y/unit_fifo_local/fifo_ram/dual_port_ram_reg[7][4]/D
                                8.67          11.36 f        -2.69  (VIOLATED)
   insc_router/input_unit_y/unit_fifo_local/fifo_ram/dual_port_ram_reg[7][5]/D
                                8.67          11.36 f        -2.69  (VIOLATED)
   insc_router/input_unit_y/unit_fifo_local/fifo_ram/dual_port_ram_reg[7][6]/D
                                8.67          11.36 f        -2.69  (VIOLATED)
   insc_router/input_unit_y/unit_fifo_local/fifo_ram/dual_port_ram_reg[7][7]/D
                                8.67          11.36 f        -2.69  (VIOLATED)
   insc_router/input_unit_y/unit_fifo_local/fifo_ram/dual_port_ram_reg[7][8]/D
                                8.67          11.36 f        -2.69  (VIOLATED)
   insc_router/input_unit_y/unit_fifo_local/fifo_ram/dual_port_ram_reg[7][9]/D
                                8.67          11.36 f        -2.69  (VIOLATED)
   insc_router/input_unit_y/unit_fifo_local/fifo_ram/dual_port_ram_reg[7][10]/D
                                8.67          11.36 f        -2.69  (VIOLATED)
   insc_router/input_unit_y/unit_fifo_local/fifo_ram/dual_port_ram_reg[7][11]/D
                                8.67          11.36 f        -2.69  (VIOLATED)
   insc_router/input_unit_y/unit_fifo_local/fifo_ram/dual_port_ram_reg[7][12]/D
                                8.67          11.36 f        -2.69  (VIOLATED)
   insc_router/input_unit_y/unit_fifo_local/fifo_ram/dual_port_ram_reg[7][13]/D
                                8.67          11.36 f        -2.69  (VIOLATED)
   insc_router/input_unit_y/unit_fifo_local/fifo_ram/dual_port_ram_reg[7][14]/D
                                8.67          11.36 f        -2.69  (VIOLATED)
   insc_router/input_unit_y/unit_fifo_local/fifo_ram/dual_port_ram_reg[7][15]/D
                                8.67          11.36 f        -2.69  (VIOLATED)
   insc_router/input_unit_y/unit_fifo_local/fifo_ram/dual_port_ram_reg[7][16]/D
                                8.67          11.36 f        -2.69  (VIOLATED)
   insc_router/input_unit_y/unit_fifo_local/fifo_ram/dual_port_ram_reg[7][23]/D
                                8.67          11.36 f        -2.69  (VIOLATED)
   insc_router/input_unit_y/unit_fifo_local/fifo_ram/dual_port_ram_reg[7][24]/D
                                8.67          11.36 f        -2.69  (VIOLATED)
   insc_router/input_unit_y/unit_fifo_local/fifo_ram/dual_port_ram_reg[7][25]/D
                                8.67          11.36 f        -2.69  (VIOLATED)
   insc_router/input_unit_y/unit_fifo_local/fifo_ram/dual_port_ram_reg[7][26]/D
                                8.67          11.36 f        -2.69  (VIOLATED)
   insc_router/input_unit_y/unit_fifo_local/fifo_ram/dual_port_ram_reg[7][27]/D
                                8.67          11.36 f        -2.69  (VIOLATED)
   insc_router/input_unit_y/unit_fifo_local/fifo_ram/dual_port_ram_reg[7][28]/D
                                8.67          11.36 f        -2.69  (VIOLATED)
   insc_router/input_unit_y/unit_fifo_local/fifo_ram/dual_port_ram_reg[7][29]/D
                                8.67          11.36 f        -2.69  (VIOLATED)
   insc_router/input_unit_y/unit_fifo_local/fifo_ram/dual_port_ram_reg[7][30]/D
                                8.67          11.36 f        -2.69  (VIOLATED)
   insc_router/input_unit_y/unit_fifo_local/fifo_ram/dual_port_ram_reg[7][31]/D
                                8.67          11.36 f        -2.69  (VIOLATED)
   insc_router/input_unit_y/unit_fifo_local/fifo_ram/dual_port_ram_reg[1][0]/D
                                8.56          11.25 f        -2.69  (VIOLATED)
   insc_router/input_unit_y/unit_fifo_local/fifo_ram/dual_port_ram_reg[1][1]/D
                                8.56          11.25 f        -2.69  (VIOLATED)
   insc_router/input_unit_y/unit_fifo_local/fifo_ram/dual_port_ram_reg[1][2]/D
                                8.56          11.25 f        -2.69  (VIOLATED)
   insc_router/input_unit_y/unit_fifo_local/fifo_ram/dual_port_ram_reg[1][3]/D
                                8.56          11.25 f        -2.69  (VIOLATED)
   insc_router/input_unit_y/unit_fifo_local/fifo_ram/dual_port_ram_reg[1][4]/D
                                8.56          11.25 f        -2.69  (VIOLATED)
   insc_router/input_unit_y/unit_fifo_local/fifo_ram/dual_port_ram_reg[1][5]/D
                                8.56          11.25 f        -2.69  (VIOLATED)
   insc_router/input_unit_y/unit_fifo_local/fifo_ram/dual_port_ram_reg[1][6]/D
                                8.56          11.25 f        -2.69  (VIOLATED)
   insc_router/input_unit_y/unit_fifo_local/fifo_ram/dual_port_ram_reg[1][7]/D
                                8.56          11.25 f        -2.69  (VIOLATED)
   insc_router/input_unit_y/unit_fifo_local/fifo_ram/dual_port_ram_reg[1][8]/D
                                8.56          11.25 f        -2.69  (VIOLATED)
   insc_router/input_unit_y/unit_fifo_local/fifo_ram/dual_port_ram_reg[1][9]/D
                                8.56          11.25 f        -2.69  (VIOLATED)
   insc_router/input_unit_y/unit_fifo_local/fifo_ram/dual_port_ram_reg[1][10]/D
                                8.56          11.25 f        -2.69  (VIOLATED)
   insc_router/input_unit_y/unit_fifo_local/fifo_ram/dual_port_ram_reg[1][11]/D
                                8.56          11.25 f        -2.69  (VIOLATED)
   insc_router/input_unit_y/unit_fifo_local/fifo_ram/dual_port_ram_reg[1][12]/D
                                8.56          11.25 f        -2.69  (VIOLATED)
   insc_router/input_unit_y/unit_fifo_local/fifo_ram/dual_port_ram_reg[1][13]/D
                                8.56          11.25 f        -2.69  (VIOLATED)
   insc_router/input_unit_y/unit_fifo_local/fifo_ram/dual_port_ram_reg[1][14]/D
                                8.56          11.25 f        -2.69  (VIOLATED)
   insc_router/input_unit_y/unit_fifo_local/fifo_ram/dual_port_ram_reg[1][15]/D
                                8.56          11.25 f        -2.69  (VIOLATED)
   insc_router/input_unit_y/unit_fifo_local/fifo_ram/dual_port_ram_reg[1][16]/D
                                8.56          11.25 f        -2.69  (VIOLATED)
   insc_router/input_unit_y/unit_fifo_local/fifo_ram/dual_port_ram_reg[1][17]/D
                                8.56          11.25 f        -2.69  (VIOLATED)
   insc_router/input_unit_y/unit_fifo_local/fifo_ram/dual_port_ram_reg[1][18]/D
                                8.56          11.25 f        -2.69  (VIOLATED)
   insc_router/input_unit_y/unit_fifo_local/fifo_ram/dual_port_ram_reg[1][19]/D
                                8.56          11.25 f        -2.69  (VIOLATED)
   insc_router/input_unit_y/unit_fifo_local/fifo_ram/dual_port_ram_reg[1][20]/D
                                8.56          11.25 f        -2.69  (VIOLATED)
   insc_router/input_unit_y/unit_fifo_local/fifo_ram/dual_port_ram_reg[1][21]/D
                                8.56          11.25 f        -2.69  (VIOLATED)
   insc_router/input_unit_y/unit_fifo_local/fifo_ram/dual_port_ram_reg[1][22]/D
                                8.56          11.25 f        -2.69  (VIOLATED)
   insc_router/input_unit_y/unit_fifo_local/fifo_ram/dual_port_ram_reg[1][23]/D
                                8.56          11.25 f        -2.69  (VIOLATED)
   insc_router/input_unit_y/unit_fifo_local/fifo_ram/dual_port_ram_reg[1][24]/D
                                8.56          11.25 f        -2.69  (VIOLATED)
   insc_router/input_unit_y/unit_fifo_local/fifo_ram/dual_port_ram_reg[1][25]/D
                                8.56          11.25 f        -2.69  (VIOLATED)
   insc_router/input_unit_y/unit_fifo_local/fifo_ram/dual_port_ram_reg[1][26]/D
                                8.56          11.25 f        -2.69  (VIOLATED)
   insc_router/input_unit_y/unit_fifo_local/fifo_ram/dual_port_ram_reg[1][27]/D
                                8.56          11.25 f        -2.69  (VIOLATED)
   insc_router/input_unit_y/unit_fifo_local/fifo_ram/dual_port_ram_reg[1][28]/D
                                8.56          11.25 f        -2.69  (VIOLATED)
   insc_router/input_unit_y/unit_fifo_local/fifo_ram/dual_port_ram_reg[1][29]/D
                                8.56          11.25 f        -2.69  (VIOLATED)
   insc_router/input_unit_y/unit_fifo_local/fifo_ram/dual_port_ram_reg[1][30]/D
                                8.56          11.25 f        -2.69  (VIOLATED)
   insc_router/input_unit_y/unit_fifo_local/fifo_ram/dual_port_ram_reg[1][31]/D
                                8.56          11.25 f        -2.69  (VIOLATED)
   insc_router/input_unit_y/data_out_reg[3]/D
                                8.56          11.24 f        -2.68  (VIOLATED)
   insc_router/input_unit_y/data_out_reg[9]/D
                                8.56          11.24 f        -2.68  (VIOLATED)
   insc_router/input_unit_y/data_valid_reg/D
                                8.56          11.24 f        -2.68  (VIOLATED)
   insc_router/input_unit_y/data_out_reg[13]/D
                                8.56          11.24 f        -2.68  (VIOLATED)
   insc_router/input_unit_y/data_out_reg[16]/D
                                8.56          11.24 f        -2.68  (VIOLATED)
   insc_router/input_unit_y/unit_fifo_local/waddr_reg[3]/D
                                8.51          11.19 f        -2.68  (VIOLATED)
   insc_router/input_unit_x/unit_fifo_local/fifo_ram/dual_port_ram_reg[5][1]/D
                                8.67          11.35 f        -2.68  (VIOLATED)
   insc_router/input_unit_x/unit_fifo_local/fifo_ram/dual_port_ram_reg[5][3]/D
                                8.67          11.35 f        -2.68  (VIOLATED)
   insc_router/input_unit_x/unit_fifo_local/fifo_ram/dual_port_ram_reg[5][5]/D
                                8.67          11.35 f        -2.68  (VIOLATED)
   insc_router/input_unit_local/unit_fifo_local/fifo_ram/dual_port_ram_reg[7][6]/D
                                8.56          11.24 f        -2.68  (VIOLATED)
   insc_router/input_unit_local/unit_fifo_local/fifo_ram/dual_port_ram_reg[7][7]/D
                                8.56          11.24 f        -2.68  (VIOLATED)
   insc_router/input_unit_local/unit_fifo_local/fifo_ram/dual_port_ram_reg[7][8]/D
                                8.56          11.24 f        -2.68  (VIOLATED)
   insc_router/input_unit_local/unit_fifo_local/fifo_ram/dual_port_ram_reg[7][9]/D
                                8.56          11.24 f        -2.68  (VIOLATED)
   insc_router/input_unit_local/unit_fifo_local/fifo_ram/dual_port_ram_reg[7][10]/D
                                8.56          11.24 f        -2.68  (VIOLATED)
   insc_router/input_unit_local/unit_fifo_local/fifo_ram/dual_port_ram_reg[7][11]/D
                                8.56          11.24 f        -2.68  (VIOLATED)
   insc_router/input_unit_local/unit_fifo_local/fifo_ram/dual_port_ram_reg[7][12]/D
                                8.56          11.24 f        -2.68  (VIOLATED)
   insc_router/input_unit_local/unit_fifo_local/fifo_ram/dual_port_ram_reg[7][13]/D
                                8.56          11.24 f        -2.68  (VIOLATED)
   insc_router/input_unit_local/unit_fifo_local/fifo_ram/dual_port_ram_reg[7][14]/D
                                8.56          11.24 f        -2.68  (VIOLATED)
   insc_router/input_unit_local/unit_fifo_local/fifo_ram/dual_port_ram_reg[7][15]/D
                                8.56          11.24 f        -2.68  (VIOLATED)
   insc_router/input_unit_local/unit_fifo_local/fifo_ram/dual_port_ram_reg[7][16]/D
                                8.56          11.24 f        -2.68  (VIOLATED)
   insc_router/input_unit_local/unit_fifo_local/fifo_ram/dual_port_ram_reg[7][17]/D
                                8.56          11.24 f        -2.68  (VIOLATED)
   insc_router/input_unit_local/unit_fifo_local/fifo_ram/dual_port_ram_reg[7][18]/D
                                8.56          11.24 f        -2.68  (VIOLATED)
   insc_router/input_unit_local/unit_fifo_local/fifo_ram/dual_port_ram_reg[4][0]/D
                                8.56          11.24 f        -2.68  (VIOLATED)
   insc_router/input_unit_local/unit_fifo_local/fifo_ram/dual_port_ram_reg[4][1]/D
                                8.56          11.24 f        -2.68  (VIOLATED)
   insc_router/input_unit_local/unit_fifo_local/fifo_ram/dual_port_ram_reg[4][2]/D
                                8.56          11.24 f        -2.68  (VIOLATED)
   insc_router/input_unit_local/unit_fifo_local/fifo_ram/dual_port_ram_reg[4][3]/D
                                8.56          11.24 f        -2.68  (VIOLATED)
   insc_router/input_unit_local/unit_fifo_local/fifo_ram/dual_port_ram_reg[4][4]/D
                                8.56          11.24 f        -2.68  (VIOLATED)
   insc_router/input_unit_local/unit_fifo_local/fifo_ram/dual_port_ram_reg[4][5]/D
                                8.56          11.24 f        -2.68  (VIOLATED)
   insc_router/input_unit_local/unit_fifo_local/fifo_ram/dual_port_ram_reg[1][13]/D
                                8.56          11.24 f        -2.68  (VIOLATED)
   insc_router/input_unit_local/unit_fifo_local/fifo_ram/dual_port_ram_reg[1][14]/D
                                8.56          11.24 f        -2.68  (VIOLATED)
   insc_router/input_unit_local/unit_fifo_local/fifo_ram/dual_port_ram_reg[1][15]/D
                                8.56          11.24 f        -2.68  (VIOLATED)
   insc_router/input_unit_local/unit_fifo_local/fifo_ram/dual_port_ram_reg[1][16]/D
                                8.56          11.24 f        -2.68  (VIOLATED)
   insc_router/input_unit_local/unit_fifo_local/fifo_ram/dual_port_ram_reg[1][17]/D
                                8.56          11.24 f        -2.68  (VIOLATED)
   insc_router/input_unit_local/unit_fifo_local/fifo_ram/dual_port_ram_reg[1][18]/D
                                8.56          11.24 f        -2.68  (VIOLATED)
   insc_router/input_unit_local/unit_fifo_local/fifo_ram/dual_port_ram_reg[1][19]/D
                                8.56          11.24 f        -2.68  (VIOLATED)
   insc_router/input_unit_local/unit_fifo_local/fifo_ram/dual_port_ram_reg[1][20]/D
                                8.56          11.24 f        -2.68  (VIOLATED)
   insc_router/input_unit_local/unit_fifo_local/fifo_ram/dual_port_ram_reg[1][21]/D
                                8.56          11.24 f        -2.68  (VIOLATED)
   insc_router/input_unit_local/unit_fifo_local/fifo_ram/dual_port_ram_reg[1][22]/D
                                8.56          11.24 f        -2.68  (VIOLATED)
   insc_router/input_unit_local/unit_fifo_local/fifo_ram/dual_port_ram_reg[1][23]/D
                                8.56          11.24 f        -2.68  (VIOLATED)
   insc_router/input_unit_local/unit_fifo_local/fifo_ram/dual_port_ram_reg[1][24]/D
                                8.56          11.24 f        -2.68  (VIOLATED)
   insc_router/input_unit_local/unit_fifo_local/fifo_ram/dual_port_ram_reg[1][25]/D
                                8.56          11.24 f        -2.68  (VIOLATED)
   insc_router/router_compute_local/port_reg[1]/D
                                8.67          11.35 f        -2.68  (VIOLATED)
   insc_router/input_unit_x/unit_fifo_local/fifo_ram/dual_port_ram_reg[5][0]/D
                                8.67          11.34 f        -2.67  (VIOLATED)
   insc_router/input_unit_x/unit_fifo_local/fifo_ram/dual_port_ram_reg[5][2]/D
                                8.67          11.34 f        -2.67  (VIOLATED)
   insc_router/input_unit_x/unit_fifo_local/fifo_ram/dual_port_ram_reg[5][4]/D
                                8.67          11.34 f        -2.67  (VIOLATED)
   insc_router/input_unit_x/unit_fifo_local/fifo_ram/dual_port_ram_reg[0][30]/D
                                8.67          11.34 f        -2.67  (VIOLATED)
   insc_router/input_unit_x/unit_fifo_local/fifo_ram/dual_port_ram_reg[0][31]/D
                                8.67          11.34 f        -2.67  (VIOLATED)
   insc_router/input_unit_x/unit_fifo_local/fifo_ram/dual_port_ram_reg[6][15]/D
                                8.57          11.24 f        -2.67  (VIOLATED)
   insc_router/input_unit_y/unit_fifo_local/fifo_ram/dual_port_ram_reg[5][13]/D
                                8.56          11.23 f        -2.67  (VIOLATED)
   insc_router/input_unit_x/data_out_reg[14]/D
                                8.67          11.33 f        -2.66  (VIOLATED)
   insc_router/input_unit_x/data_out_reg[15]/D
                                8.67          11.33 f        -2.66  (VIOLATED)
   insc_router/input_unit_x/data_out_reg[16]/D
                                8.67          11.33 f        -2.66  (VIOLATED)
   insc_router/input_unit_x/data_out_reg[17]/D
                                8.67          11.33 f        -2.66  (VIOLATED)
   insc_router/input_unit_x/data_out_reg[25]/D
                                8.67          11.33 f        -2.66  (VIOLATED)
   insc_router/input_unit_x/data_out_reg[6]/D
                                8.67          11.33 f        -2.66  (VIOLATED)
   insc_router/input_unit_x/data_out_reg[7]/D
                                8.67          11.33 f        -2.66  (VIOLATED)
   insc_router/input_unit_x/data_out_reg[8]/D
                                8.67          11.33 f        -2.66  (VIOLATED)
   insc_router/input_unit_x/data_out_reg[9]/D
                                8.67          11.33 f        -2.66  (VIOLATED)
   insc_router/input_unit_x/data_out_reg[10]/D
                                8.67          11.33 f        -2.66  (VIOLATED)
   insc_router/input_unit_x/data_out_reg[11]/D
                                8.67          11.33 f        -2.66  (VIOLATED)
   insc_router/input_unit_local/unit_fifo_local/fifo_ram/dual_port_ram_reg[6][31]/D
                                8.57          11.23 f        -2.66  (VIOLATED)
   insc_router/input_unit_x/fifo_rd_data_valid_reg/D
                                8.68          11.34 f        -2.66  (VIOLATED)
   insc_router/input_unit_y/unit_fifo_local/waddr_reg[2]/D
                                8.51          11.16 f        -2.65  (VIOLATED)
   insc_router/input_unit_x/unit_fifo_local/fifo_ram/dual_port_ram_reg[1][13]/D
                                8.67          11.32 f        -2.65  (VIOLATED)
   insc_router/input_unit_x/unit_fifo_local/fifo_ram/dual_port_ram_reg[1][14]/D
                                8.67          11.32 f        -2.65  (VIOLATED)
   insc_router/input_unit_x/unit_fifo_local/fifo_ram/dual_port_ram_reg[1][15]/D
                                8.67          11.32 f        -2.65  (VIOLATED)
   insc_router/input_unit_x/unit_fifo_local/fifo_ram/dual_port_ram_reg[1][16]/D
                                8.67          11.32 f        -2.65  (VIOLATED)
   insc_router/input_unit_x/unit_fifo_local/fifo_ram/dual_port_ram_reg[1][17]/D
                                8.67          11.32 f        -2.65  (VIOLATED)
   insc_router/input_unit_x/unit_fifo_local/fifo_ram/dual_port_ram_reg[1][18]/D
                                8.67          11.32 f        -2.65  (VIOLATED)
   insc_router/input_unit_x/unit_fifo_local/fifo_ram/dual_port_ram_reg[1][19]/D
                                8.67          11.32 f        -2.65  (VIOLATED)
   insc_router/input_unit_x/unit_fifo_local/fifo_ram/dual_port_ram_reg[1][20]/D
                                8.67          11.32 f        -2.65  (VIOLATED)
   insc_router/input_unit_x/unit_fifo_local/fifo_ram/dual_port_ram_reg[1][21]/D
                                8.67          11.32 f        -2.65  (VIOLATED)
   insc_router/input_unit_x/unit_fifo_local/fifo_ram/dual_port_ram_reg[1][22]/D
                                8.67          11.32 f        -2.65  (VIOLATED)
   insc_router/input_unit_x/unit_fifo_local/fifo_ram/dual_port_ram_reg[1][23]/D
                                8.67          11.32 f        -2.65  (VIOLATED)
   insc_router/input_unit_x/unit_fifo_local/fifo_ram/dual_port_ram_reg[1][24]/D
                                8.67          11.32 f        -2.65  (VIOLATED)
   insc_router/input_unit_x/unit_fifo_local/fifo_ram/dual_port_ram_reg[1][25]/D
                                8.67          11.32 f        -2.65  (VIOLATED)
   insc_router/input_unit_y/unit_fifo_local/fifo_ram/dual_port_ram_reg[0][14]/D
                                8.67          11.32 f        -2.65  (VIOLATED)
   insc_router/input_unit_y/unit_fifo_local/fifo_ram/dual_port_ram_reg[0][15]/D
                                8.67          11.32 f        -2.65  (VIOLATED)
   insc_router/input_unit_y/unit_fifo_local/fifo_ram/dual_port_ram_reg[0][16]/D
                                8.67          11.32 f        -2.65  (VIOLATED)
   insc_router/input_unit_y/unit_fifo_local/fifo_ram/dual_port_ram_reg[0][17]/D
                                8.67          11.32 f        -2.65  (VIOLATED)
   insc_router/input_unit_y/unit_fifo_local/fifo_ram/dual_port_ram_reg[0][25]/D
                                8.67          11.32 f        -2.65  (VIOLATED)
   insc_router/input_unit_y/unit_fifo_local/fifo_ram/dual_port_ram_reg[0][26]/D
                                8.67          11.32 f        -2.65  (VIOLATED)
   insc_router/input_unit_y/unit_fifo_local/fifo_ram/dual_port_ram_reg[0][30]/D
                                8.67          11.32 f        -2.65  (VIOLATED)
   insc_router/input_unit_y/unit_fifo_local/fifo_ram/dual_port_ram_reg[0][31]/D
                                8.67          11.32 f        -2.65  (VIOLATED)
   insc_router/input_unit_x/unit_fifo_local/fifo_ram/dual_port_ram_reg[1][0]/D
                                8.67          11.31 f        -2.65  (VIOLATED)
   insc_router/input_unit_x/unit_fifo_local/fifo_ram/dual_port_ram_reg[1][1]/D
                                8.67          11.31 f        -2.65  (VIOLATED)
   insc_router/input_unit_x/unit_fifo_local/fifo_ram/dual_port_ram_reg[1][2]/D
                                8.67          11.31 f        -2.65  (VIOLATED)
   insc_router/input_unit_x/unit_fifo_local/fifo_ram/dual_port_ram_reg[1][3]/D
                                8.67          11.31 f        -2.65  (VIOLATED)
   insc_router/input_unit_x/unit_fifo_local/fifo_ram/dual_port_ram_reg[1][5]/D
                                8.67          11.31 f        -2.65  (VIOLATED)
   insc_router/input_unit_x/unit_fifo_local/fifo_ram/dual_port_ram_reg[1][6]/D
                                8.67          11.31 f        -2.65  (VIOLATED)
   insc_router/input_unit_x/unit_fifo_local/fifo_ram/dual_port_ram_reg[1][7]/D
                                8.67          11.31 f        -2.65  (VIOLATED)
   insc_router/input_unit_x/unit_fifo_local/fifo_ram/dual_port_ram_reg[1][8]/D
                                8.67          11.31 f        -2.65  (VIOLATED)
   insc_router/input_unit_x/unit_fifo_local/fifo_ram/dual_port_ram_reg[1][9]/D
                                8.67          11.31 f        -2.65  (VIOLATED)
   insc_router/input_unit_x/unit_fifo_local/fifo_ram/dual_port_ram_reg[1][10]/D
                                8.67          11.31 f        -2.65  (VIOLATED)
   insc_router/input_unit_x/unit_fifo_local/fifo_ram/dual_port_ram_reg[1][11]/D
                                8.67          11.31 f        -2.65  (VIOLATED)
   Y_DATA_OUT[20]               3.80           6.44 f        -2.64  (VIOLATED)
   Y_DATA_OUT[21]               3.80           6.44 f        -2.64  (VIOLATED)
   Y_DATA_OUT[22]               3.80           6.44 f        -2.64  (VIOLATED)
   Y_DATA_OUT[23]               3.80           6.44 f        -2.64  (VIOLATED)
   Y_DATA_OUT[24]               3.80           6.44 f        -2.64  (VIOLATED)
   Y_DATA_OUT[25]               3.80           6.44 f        -2.64  (VIOLATED)
   Y_DATA_OUT[26]               3.80           6.44 f        -2.64  (VIOLATED)
   Y_DATA_OUT[28]               3.80           6.44 f        -2.64  (VIOLATED)
   X_DATA_OUT[0]                3.80           6.44 f        -2.64  (VIOLATED)
   X_DATA_OUT[1]                3.80           6.44 f        -2.64  (VIOLATED)
   X_DATA_OUT[2]                3.80           6.44 f        -2.64  (VIOLATED)
   X_DATA_OUT[3]                3.80           6.44 f        -2.64  (VIOLATED)
   X_DATA_OUT[4]                3.80           6.44 f        -2.64  (VIOLATED)
   X_DATA_OUT[5]                3.80           6.44 f        -2.64  (VIOLATED)
   X_DATA_OUT[6]                3.80           6.44 f        -2.64  (VIOLATED)
   X_DATA_OUT[7]                3.80           6.44 f        -2.64  (VIOLATED)
   X_DATA_OUT[8]                3.80           6.44 f        -2.64  (VIOLATED)
   X_DATA_OUT[9]                3.80           6.44 f        -2.64  (VIOLATED)
   X_DATA_OUT[10]               3.80           6.44 f        -2.64  (VIOLATED)
   X_DATA_OUT[11]               3.80           6.44 f        -2.64  (VIOLATED)
   X_DATA_OUT[12]               3.80           6.44 f        -2.64  (VIOLATED)
   X_DATA_OUT[13]               3.80           6.44 f        -2.64  (VIOLATED)
   Y_DATA_OUT[12]               3.80           6.44 f        -2.64  (VIOLATED)
   Y_DATA_OUT[13]               3.80           6.44 f        -2.64  (VIOLATED)
   X_DATA_OUT[14]               3.80           6.44 f        -2.64  (VIOLATED)
   X_DATA_OUT[15]               3.80           6.44 f        -2.64  (VIOLATED)
   X_DATA_OUT[16]               3.80           6.44 f        -2.64  (VIOLATED)
   X_DATA_OUT[17]               3.80           6.44 f        -2.64  (VIOLATED)
   X_DATA_OUT[18]               3.80           6.44 f        -2.64  (VIOLATED)
   X_DATA_OUT[19]               3.80           6.44 f        -2.64  (VIOLATED)
   X_DATA_OUT[20]               3.80           6.44 f        -2.64  (VIOLATED)
   X_DATA_OUT[21]               3.80           6.44 f        -2.64  (VIOLATED)
   X_DATA_OUT[22]               3.80           6.44 f        -2.64  (VIOLATED)
   X_DATA_OUT[23]               3.80           6.44 f        -2.64  (VIOLATED)
   X_DATA_OUT[27]               3.80           6.44 f        -2.64  (VIOLATED)
   X_DATA_OUT[28]               3.80           6.44 f        -2.64  (VIOLATED)
   X_DATA_OUT[29]               3.80           6.44 f        -2.64  (VIOLATED)
   X_DATA_OUT[30]               3.80           6.44 f        -2.64  (VIOLATED)
   X_DATA_OUT[31]               3.80           6.44 f        -2.64  (VIOLATED)
   Y_DATA_OUT[29]               3.80           6.44 f        -2.64  (VIOLATED)
   Y_DATA_OUT[30]               3.80           6.44 f        -2.64  (VIOLATED)
   Y_DATA_OUT[31]               3.80           6.44 f        -2.64  (VIOLATED)
   insc_router/input_unit_x/unit_fifo_local/fifo_ram/dual_port_ram_reg[1][12]/D
                                8.67          11.31 f        -2.64  (VIOLATED)
   insc_router/input_unit_local/unit_fifo_local/fifo_ram/dual_port_ram_reg[3][18]/D
                                8.67          11.30 f        -2.63  (VIOLATED)
   X_DATA_OUT[26]               3.80           6.43 r        -2.63  (VIOLATED)
   X_DATA_OUT[24]               3.80           6.43 r        -2.63  (VIOLATED)
   X_DATA_OUT[25]               3.80           6.43 r        -2.63  (VIOLATED)
   insc_router/input_unit_y/unit_fifo_local/fifo_ram/dual_port_ram_reg[0][18]/D
                                8.67          11.30 f        -2.63  (VIOLATED)
   insc_router/input_unit_y/unit_fifo_local/fifo_ram/dual_port_ram_reg[0][20]/D
                                8.67          11.30 f        -2.63  (VIOLATED)
   insc_router/input_unit_y/unit_fifo_local/fifo_ram/dual_port_ram_reg[0][21]/D
                                8.67          11.30 f        -2.63  (VIOLATED)
   insc_router/input_unit_y/unit_fifo_local/fifo_ram/dual_port_ram_reg[0][22]/D
                                8.67          11.30 f        -2.63  (VIOLATED)
   insc_router/input_unit_y/unit_fifo_local/fifo_ram/dual_port_ram_reg[0][23]/D
                                8.67          11.30 f        -2.63  (VIOLATED)
   insc_router/input_unit_y/unit_fifo_local/fifo_ram/dual_port_ram_reg[0][27]/D
                                8.67          11.30 f        -2.63  (VIOLATED)
   insc_router/input_unit_y/unit_fifo_local/fifo_ram/dual_port_ram_reg[0][0]/D
                                8.67          11.29 f        -2.63  (VIOLATED)
   insc_router/input_unit_y/unit_fifo_local/fifo_ram/dual_port_ram_reg[0][1]/D
                                8.67          11.29 f        -2.63  (VIOLATED)
   insc_router/input_unit_y/unit_fifo_local/fifo_ram/dual_port_ram_reg[0][2]/D
                                8.67          11.29 f        -2.63  (VIOLATED)
   insc_router/input_unit_y/unit_fifo_local/fifo_ram/dual_port_ram_reg[0][3]/D
                                8.67          11.29 f        -2.63  (VIOLATED)
   insc_router/input_unit_y/unit_fifo_local/fifo_ram/dual_port_ram_reg[0][9]/D
                                8.67          11.29 f        -2.63  (VIOLATED)
   insc_router/input_unit_y/unit_fifo_local/fifo_ram/dual_port_ram_reg[0][10]/D
                                8.67          11.29 f        -2.63  (VIOLATED)
   insc_router/input_unit_y/unit_fifo_local/fifo_ram/dual_port_ram_reg[0][11]/D
                                8.67          11.29 f        -2.63  (VIOLATED)
   insc_router/input_unit_y/unit_fifo_local/fifo_ram/dual_port_ram_reg[0][12]/D
                                8.67          11.29 f        -2.63  (VIOLATED)
   insc_router/input_unit_y/unit_fifo_local/fifo_ram/dual_port_ram_reg[0][13]/D
                                8.67          11.29 f        -2.63  (VIOLATED)
   insc_router/input_unit_y/unit_fifo_local/fifo_ram/dual_port_ram_reg[0][29]/D
                                8.67          11.29 f        -2.63  (VIOLATED)
   insc_router/input_unit_y/unit_fifo_local/fifo_ram/dual_port_ram_reg[3][0]/D
                                8.67          11.29 f        -2.62  (VIOLATED)
   insc_router/input_unit_y/unit_fifo_local/fifo_ram/dual_port_ram_reg[3][1]/D
                                8.67          11.29 f        -2.62  (VIOLATED)
   insc_router/input_unit_y/unit_fifo_local/fifo_ram/dual_port_ram_reg[3][2]/D
                                8.67          11.29 f        -2.62  (VIOLATED)
   insc_router/input_unit_y/unit_fifo_local/fifo_ram/dual_port_ram_reg[3][3]/D
                                8.67          11.29 f        -2.62  (VIOLATED)
   insc_router/input_unit_y/unit_fifo_local/fifo_ram/dual_port_ram_reg[3][4]/D
                                8.67          11.29 f        -2.62  (VIOLATED)
   insc_router/input_unit_y/unit_fifo_local/fifo_ram/dual_port_ram_reg[3][5]/D
                                8.67          11.29 f        -2.62  (VIOLATED)
   insc_router/input_unit_y/unit_fifo_local/fifo_ram/dual_port_ram_reg[3][6]/D
                                8.67          11.29 f        -2.62  (VIOLATED)
   insc_router/input_unit_y/unit_fifo_local/fifo_ram/dual_port_ram_reg[3][7]/D
                                8.67          11.29 f        -2.62  (VIOLATED)
   insc_router/input_unit_y/unit_fifo_local/fifo_ram/dual_port_ram_reg[3][8]/D
                                8.67          11.29 f        -2.62  (VIOLATED)
   insc_router/input_unit_y/unit_fifo_local/fifo_ram/dual_port_ram_reg[3][9]/D
                                8.67          11.29 f        -2.62  (VIOLATED)
   insc_router/input_unit_y/unit_fifo_local/fifo_ram/dual_port_ram_reg[3][10]/D
                                8.67          11.29 f        -2.62  (VIOLATED)
   insc_router/input_unit_y/unit_fifo_local/fifo_ram/dual_port_ram_reg[3][11]/D
                                8.67          11.29 f        -2.62  (VIOLATED)
   insc_router/input_unit_y/unit_fifo_local/fifo_ram/dual_port_ram_reg[3][12]/D
                                8.67          11.29 f        -2.62  (VIOLATED)
   insc_router/input_unit_y/unit_fifo_local/fifo_ram/dual_port_ram_reg[3][13]/D
                                8.67          11.29 f        -2.62  (VIOLATED)
   insc_router/input_unit_y/unit_fifo_local/fifo_ram/dual_port_ram_reg[3][14]/D
                                8.67          11.29 f        -2.62  (VIOLATED)
   insc_router/input_unit_y/unit_fifo_local/fifo_ram/dual_port_ram_reg[3][15]/D
                                8.67          11.29 f        -2.62  (VIOLATED)
   insc_router/input_unit_y/unit_fifo_local/fifo_ram/dual_port_ram_reg[3][16]/D
                                8.67          11.29 f        -2.62  (VIOLATED)
   insc_router/input_unit_y/unit_fifo_local/fifo_ram/dual_port_ram_reg[3][17]/D
                                8.67          11.29 f        -2.62  (VIOLATED)
   insc_router/input_unit_y/unit_fifo_local/fifo_ram/dual_port_ram_reg[3][18]/D
                                8.67          11.29 f        -2.62  (VIOLATED)
   insc_router/input_unit_y/unit_fifo_local/fifo_ram/dual_port_ram_reg[3][19]/D
                                8.67          11.29 f        -2.62  (VIOLATED)
   insc_router/input_unit_y/unit_fifo_local/fifo_ram/dual_port_ram_reg[3][20]/D
                                8.67          11.29 f        -2.62  (VIOLATED)
   insc_router/input_unit_y/unit_fifo_local/fifo_ram/dual_port_ram_reg[3][21]/D
                                8.67          11.29 f        -2.62  (VIOLATED)
   insc_router/input_unit_y/unit_fifo_local/fifo_ram/dual_port_ram_reg[3][22]/D
                                8.67          11.29 f        -2.62  (VIOLATED)
   insc_router/input_unit_y/unit_fifo_local/fifo_ram/dual_port_ram_reg[3][23]/D
                                8.67          11.29 f        -2.62  (VIOLATED)
   insc_router/input_unit_y/unit_fifo_local/fifo_ram/dual_port_ram_reg[3][24]/D
                                8.67          11.29 f        -2.62  (VIOLATED)
   insc_router/input_unit_y/unit_fifo_local/fifo_ram/dual_port_ram_reg[3][25]/D
                                8.67          11.29 f        -2.62  (VIOLATED)
   insc_router/input_unit_y/unit_fifo_local/fifo_ram/dual_port_ram_reg[3][26]/D
                                8.67          11.29 f        -2.62  (VIOLATED)
   insc_router/input_unit_y/unit_fifo_local/fifo_ram/dual_port_ram_reg[3][27]/D
                                8.67          11.29 f        -2.62  (VIOLATED)
   insc_router/input_unit_y/unit_fifo_local/fifo_ram/dual_port_ram_reg[3][28]/D
                                8.67          11.29 f        -2.62  (VIOLATED)
   insc_router/input_unit_y/unit_fifo_local/fifo_ram/dual_port_ram_reg[3][29]/D
                                8.67          11.29 f        -2.62  (VIOLATED)
   insc_router/input_unit_y/unit_fifo_local/fifo_ram/dual_port_ram_reg[3][30]/D
                                8.67          11.29 f        -2.62  (VIOLATED)
   insc_router/input_unit_y/unit_fifo_local/fifo_ram/dual_port_ram_reg[3][31]/D
                                8.67          11.29 f        -2.62  (VIOLATED)
   insc_router/input_unit_x/unit_fifo_local/fifo_ram/dual_port_ram_reg[4][5]/D
                                8.67          11.28 f        -2.61  (VIOLATED)
   insc_router/input_unit_y/unit_fifo_local/fifo_ram/dual_port_ram_reg[0][8]/D
                                8.67          11.28 f        -2.61  (VIOLATED)
   insc_router/input_unit_y/unit_fifo_local/fifo_ram/dual_port_ram_reg[0][24]/D
                                8.67          11.28 f        -2.61  (VIOLATED)
   insc_router/input_unit_y/unit_fifo_local/fifo_ram/dual_port_ram_reg[0][28]/D
                                8.67          11.28 f        -2.61  (VIOLATED)
   insc_router/input_unit_local/unit_fifo_local/fifo_ram/dual_port_ram_reg[7][19]/D
                                8.56          11.17 f        -2.61  (VIOLATED)
   insc_router/input_unit_local/unit_fifo_local/fifo_ram/dual_port_ram_reg[7][20]/D
                                8.56          11.17 f        -2.61  (VIOLATED)
   insc_router/input_unit_local/unit_fifo_local/fifo_ram/dual_port_ram_reg[7][21]/D
                                8.56          11.17 f        -2.61  (VIOLATED)
   insc_router/input_unit_local/unit_fifo_local/fifo_ram/dual_port_ram_reg[7][22]/D
                                8.56          11.17 f        -2.61  (VIOLATED)
   insc_router/input_unit_local/unit_fifo_local/fifo_ram/dual_port_ram_reg[7][23]/D
                                8.56          11.17 f        -2.61  (VIOLATED)
   insc_router/input_unit_local/unit_fifo_local/fifo_ram/dual_port_ram_reg[7][24]/D
                                8.56          11.17 f        -2.61  (VIOLATED)
   insc_router/input_unit_local/unit_fifo_local/fifo_ram/dual_port_ram_reg[7][25]/D
                                8.56          11.17 f        -2.61  (VIOLATED)
   insc_router/input_unit_local/unit_fifo_local/fifo_ram/dual_port_ram_reg[7][26]/D
                                8.56          11.17 f        -2.61  (VIOLATED)
   insc_router/input_unit_local/unit_fifo_local/fifo_ram/dual_port_ram_reg[7][27]/D
                                8.56          11.17 f        -2.61  (VIOLATED)
   insc_router/input_unit_local/unit_fifo_local/fifo_ram/dual_port_ram_reg[7][28]/D
                                8.56          11.17 f        -2.61  (VIOLATED)
   insc_router/input_unit_local/unit_fifo_local/fifo_ram/dual_port_ram_reg[7][29]/D
                                8.56          11.17 f        -2.61  (VIOLATED)
   insc_router/input_unit_local/unit_fifo_local/fifo_ram/dual_port_ram_reg[7][30]/D
                                8.56          11.17 f        -2.61  (VIOLATED)
   insc_router/input_unit_local/unit_fifo_local/fifo_ram/dual_port_ram_reg[7][31]/D
                                8.56          11.17 f        -2.61  (VIOLATED)
   insc_router/input_unit_local/unit_fifo_local/fifo_ram/dual_port_ram_reg[2][25]/D
                                8.56          11.16 f        -2.60  (VIOLATED)
   insc_router/input_unit_local/unit_fifo_local/fifo_ram/dual_port_ram_reg[7][0]/D
                                8.56          11.16 f        -2.60  (VIOLATED)
   insc_router/input_unit_local/unit_fifo_local/fifo_ram/dual_port_ram_reg[7][1]/D
                                8.56          11.16 f        -2.60  (VIOLATED)
   insc_router/input_unit_local/unit_fifo_local/fifo_ram/dual_port_ram_reg[7][2]/D
                                8.56          11.16 f        -2.60  (VIOLATED)
   insc_router/input_unit_local/unit_fifo_local/fifo_ram/dual_port_ram_reg[7][3]/D
                                8.56          11.16 f        -2.60  (VIOLATED)
   insc_router/input_unit_local/unit_fifo_local/fifo_ram/dual_port_ram_reg[7][4]/D
                                8.56          11.16 f        -2.60  (VIOLATED)
   insc_router/input_unit_local/unit_fifo_local/fifo_ram/dual_port_ram_reg[7][5]/D
                                8.56          11.16 f        -2.60  (VIOLATED)
   insc_router/input_unit_y/data_out_reg[7]/D
                                8.67          11.26 f        -2.60  (VIOLATED)
   insc_router/input_unit_y/data_out_reg[27]/D
                                8.67          11.26 f        -2.60  (VIOLATED)
   insc_router/input_unit_y/data_out_reg[28]/D
                                8.67          11.26 f        -2.60  (VIOLATED)
   insc_router/input_unit_y/data_out_reg[29]/D
                                8.67          11.26 f        -2.60  (VIOLATED)
   insc_router/input_unit_y/data_out_reg[30]/D
                                8.67          11.26 f        -2.60  (VIOLATED)
   insc_router/input_unit_y/data_out_reg[31]/D
                                8.67          11.26 f        -2.60  (VIOLATED)
   insc_router/input_unit_y/data_out_reg[6]/D
                                8.67          11.26 f        -2.60  (VIOLATED)
   insc_router/input_unit_y/data_out_reg[18]/D
                                8.67          11.26 f        -2.60  (VIOLATED)
   insc_router/input_unit_y/data_out_reg[19]/D
                                8.67          11.26 f        -2.60  (VIOLATED)
   insc_router/input_unit_y/data_out_reg[20]/D
                                8.67          11.26 f        -2.60  (VIOLATED)
   insc_router/input_unit_y/data_out_reg[21]/D
                                8.67          11.26 f        -2.60  (VIOLATED)
   insc_router/input_unit_y/data_out_reg[22]/D
                                8.67          11.26 f        -2.60  (VIOLATED)
   insc_router/input_unit_y/data_out_reg[23]/D
                                8.67          11.26 f        -2.60  (VIOLATED)
   insc_router/input_unit_y/data_out_reg[24]/D
                                8.67          11.26 f        -2.60  (VIOLATED)
   insc_router/input_unit_y/unit_fifo_local/fifo_ram/dual_port_ram_reg[0][4]/D
                                8.67          11.26 f        -2.59  (VIOLATED)
   insc_router/input_unit_y/unit_fifo_local/fifo_ram/dual_port_ram_reg[0][5]/D
                                8.67          11.26 f        -2.59  (VIOLATED)
   insc_router/input_unit_y/unit_fifo_local/fifo_ram/dual_port_ram_reg[0][6]/D
                                8.67          11.26 f        -2.59  (VIOLATED)
   insc_router/input_unit_y/unit_fifo_local/fifo_ram/dual_port_ram_reg[0][7]/D
                                8.67          11.26 f        -2.59  (VIOLATED)
   insc_router/input_unit_y/unit_fifo_local/fifo_ram/dual_port_ram_reg[0][19]/D
                                8.67          11.26 f        -2.59  (VIOLATED)
   insc_router/input_unit_local/hold_reg/D
                                8.55          11.13 f        -2.58  (VIOLATED)
   insc_router/out_unit_y/data_valid_reg/D
                                8.51          11.08 f        -2.57  (VIOLATED)
   insc_router/input_unit_x/unit_fifo_local/fifo_ram/dual_port_ram_reg[4][19]/D
                                8.67          11.24 f        -2.57  (VIOLATED)
   insc_router/input_unit_x/unit_fifo_local/fifo_ram/dual_port_ram_reg[4][20]/D
                                8.67          11.24 f        -2.57  (VIOLATED)
   insc_router/input_unit_x/unit_fifo_local/fifo_ram/dual_port_ram_reg[4][21]/D
                                8.67          11.24 f        -2.57  (VIOLATED)
   insc_router/input_unit_x/unit_fifo_local/fifo_ram/dual_port_ram_reg[4][22]/D
                                8.67          11.24 f        -2.57  (VIOLATED)
   insc_router/input_unit_x/unit_fifo_local/fifo_ram/dual_port_ram_reg[4][23]/D
                                8.67          11.24 f        -2.57  (VIOLATED)
   insc_router/input_unit_x/unit_fifo_local/fifo_ram/dual_port_ram_reg[4][24]/D
                                8.67          11.24 f        -2.57  (VIOLATED)
   insc_router/input_unit_x/unit_fifo_local/fifo_ram/dual_port_ram_reg[4][25]/D
                                8.67          11.24 f        -2.57  (VIOLATED)
   insc_router/input_unit_x/unit_fifo_local/fifo_ram/dual_port_ram_reg[4][26]/D
                                8.67          11.24 f        -2.57  (VIOLATED)
   insc_router/input_unit_x/unit_fifo_local/fifo_ram/dual_port_ram_reg[4][27]/D
                                8.67          11.24 f        -2.57  (VIOLATED)
   insc_router/input_unit_x/unit_fifo_local/fifo_ram/dual_port_ram_reg[4][28]/D
                                8.67          11.24 f        -2.57  (VIOLATED)
   insc_router/input_unit_x/unit_fifo_local/fifo_ram/dual_port_ram_reg[4][29]/D
                                8.67          11.24 f        -2.57  (VIOLATED)
   insc_router/input_unit_x/unit_fifo_local/fifo_ram/dual_port_ram_reg[4][30]/D
                                8.67          11.24 f        -2.57  (VIOLATED)
   insc_router/input_unit_x/unit_fifo_local/fifo_ram/dual_port_ram_reg[4][31]/D
                                8.67          11.24 f        -2.57  (VIOLATED)
   insc_router/input_unit_x/unit_fifo_local/fifo_ram/dual_port_ram_reg[1][4]/D
                                8.67          11.19 f        -2.52  (VIOLATED)
   insc_router/unit_sa/out_x_priority_local_reg/D
                                8.56          11.07 f        -2.51  (VIOLATED)
   insc_router/unit_sa/out_x_priority_y_reg/D
                                8.56          11.07 f        -2.51  (VIOLATED)
   insc_router/input_unit_x/hold_reg/D
                                8.65          11.15 f        -2.50  (VIOLATED)
   insc_router/input_unit_local/unit_fifo_local/waddr_reg[1]/D
                                8.51          10.97 f        -2.46  (VIOLATED)
   insc_router/input_unit_x/unit_fifo_local/waddr_reg[1]/D
                                8.51          10.96 f        -2.45  (VIOLATED)
   insc_router/input_unit_y/hold_reg/D
                                8.65          11.08 f        -2.43  (VIOLATED)
   insc_router/unit_sa/out_x_priority_x_reg/D
                                8.64          11.07 f        -2.43  (VIOLATED)
   insc_router/input_unit_y/unit_fifo_local/waddr_reg[1]/D
                                8.51          10.92 f        -2.41  (VIOLATED)
   insc_router/input_unit_local/unit_fifo_local/waddr_reg[0]/D
                                8.51          10.85 f        -2.34  (VIOLATED)
   insc_router/input_unit_x/unit_fifo_local/waddr_reg[0]/D
                                8.51          10.83 f        -2.33  (VIOLATED)
   insc_router/unit_sa/out_y_priority_local_reg/D
                                8.56          10.85 f        -2.28  (VIOLATED)
   insc_router/input_unit_y/unit_fifo_local/waddr_reg[0]/D
                                8.51          10.75 f        -2.24  (VIOLATED)
   insc_router/unit_sa/out_y_priority_x_reg/D
                                8.65          10.85 f        -2.21  (VIOLATED)
   insc_router/unit_sa/out_y_priority_y_reg/D
                                8.67          10.85 f        -2.18  (VIOLATED)
   insc_router/out_unit_x/data_valid_reg/D
                                8.51          10.65 f        -2.14  (VIOLATED)


   min_delay/hold ('clk' group)

                             Required        Actual
   Endpoint                 Path Delay     Path Delay        Slack
   -----------------------------------------------------------------
   insc_router/input_unit_local/unit_fifo_local/raddr_reg[3]/D
                                4.80           4.78 f        -0.02  (VIOLATED)
   insc_router/input_unit_y/unit_fifo_local/raddr_reg[3]/D
                                4.80           4.78 f        -0.02  (VIOLATED)
   insc_router/input_unit_x/unit_fifo_local/raddr_reg[3]/D
                                4.80           4.78 f        -0.02  (VIOLATED)


1
